Timestamp,RTU_1 DuctStaticSP(in/wc)
01-Jan-19 12:00:00 am,1.80
01-Jan-19 04:00:00 am,1.80
01-Jan-19 08:00:00 am,1.80
01-Jan-19 12:00:00 pm,1.80
01-Jan-19 04:00:00 pm,1.75
01-Jan-19 08:00:00 pm,1.80
02-Jan-19 12:00:00 am,1.65
02-Jan-19 04:00:00 am,1.80
02-Jan-19 08:00:00 am,1.80
02-Jan-19 12:00:00 pm,1.80
02-Jan-19 04:00:00 pm,1.45
02-Jan-19 08:00:00 pm,1.20
03-Jan-19 12:00:00 am,1.80
03-Jan-19 04:00:00 am,1.80
03-Jan-19 08:00:00 am,1.80
03-Jan-19 12:00:00 pm,1.80
03-Jan-19 04:00:00 pm,1.45
03-Jan-19 08:00:00 pm,1.00
04-Jan-19 12:00:00 am,1.00
04-Jan-19 04:00:00 am,1.75
04-Jan-19 08:00:00 am,1.80
04-Jan-19 12:00:00 pm,1.80
04-Jan-19 04:00:00 pm,1.45
04-Jan-19 08:00:00 pm,1.00
05-Jan-19 12:00:00 am,1.00
05-Jan-19 04:00:00 am,1.66
05-Jan-19 08:00:00 am,1.80
05-Jan-19 12:00:00 pm,1.80
05-Jan-19 04:00:00 pm,1.80
05-Jan-19 08:00:00 pm,1.80
06-Jan-19 12:00:00 am,1.80
06-Jan-19 04:00:00 am,1.80
06-Jan-19 08:00:00 am,1.69
06-Jan-19 12:00:00 pm,1.00
06-Jan-19 04:00:00 pm,1.00
06-Jan-19 08:00:00 pm,1.00
07-Jan-19 12:00:00 am,1.00
07-Jan-19 04:00:00 am,1.75
07-Jan-19 08:00:00 am,1.80
07-Jan-19 12:00:00 pm,1.80
07-Jan-19 04:00:00 pm,1.45
07-Jan-19 08:00:00 pm,1.00
08-Jan-19 12:00:00 am,1.00
08-Jan-19 04:00:00 am,1.75
08-Jan-19 08:00:00 am,1.80
08-Jan-19 12:00:00 pm,1.80
08-Jan-19 04:00:00 pm,1.45
08-Jan-19 08:00:00 pm,1.00
09-Jan-19 12:00:00 am,1.00
09-Jan-19 04:00:00 am,1.75
09-Jan-19 08:00:00 am,1.80
09-Jan-19 12:00:00 pm,1.80
09-Jan-19 04:00:00 pm,1.68
09-Jan-19 08:00:00 pm,1.40
10-Jan-19 12:00:00 am,1.00
10-Jan-19 04:00:00 am,1.75
10-Jan-19 08:00:00 am,1.80
10-Jan-19 12:00:00 pm,1.80
10-Jan-19 04:00:00 pm,1.45
10-Jan-19 08:00:00 pm,1.06
11-Jan-19 12:00:00 am,1.00
11-Jan-19 04:00:00 am,1.75
11-Jan-19 08:00:00 am,1.80
11-Jan-19 12:00:00 pm,1.80
11-Jan-19 04:00:00 pm,1.45
11-Jan-19 08:00:00 pm,1.00
12-Jan-19 12:00:00 am,1.15
12-Jan-19 04:00:00 am,1.66
12-Jan-19 08:00:00 am,1.80
12-Jan-19 12:00:00 pm,1.50
12-Jan-19 04:00:00 pm,1.00
12-Jan-19 08:00:00 pm,1.78
13-Jan-19 12:00:00 am,1.80
13-Jan-19 04:00:00 am,1.80
13-Jan-19 08:00:00 am,1.80
13-Jan-19 12:00:00 pm,1.45
13-Jan-19 04:00:00 pm,1.15
13-Jan-19 08:00:00 pm,1.80
14-Jan-19 12:00:00 am,1.80
14-Jan-19 04:00:00 am,1.80
14-Jan-19 08:00:00 am,1.80
14-Jan-19 12:00:00 pm,1.80
14-Jan-19 04:00:00 pm,1.45
14-Jan-19 08:00:00 pm,1.17
15-Jan-19 12:00:00 am,1.80
15-Jan-19 04:00:00 am,1.80
15-Jan-19 08:00:00 am,1.80
15-Jan-19 12:00:00 pm,1.80
15-Jan-19 04:00:00 pm,1.58
15-Jan-19 08:00:00 pm,1.34
16-Jan-19 12:00:00 am,1.80
16-Jan-19 04:00:00 am,1.80
16-Jan-19 08:00:00 am,1.80
16-Jan-19 12:00:00 pm,1.80
16-Jan-19 04:00:00 pm,1.45
16-Jan-19 08:00:00 pm,1.35
17-Jan-19 12:00:00 am,1.00
17-Jan-19 04:00:00 am,1.75
17-Jan-19 08:00:00 am,1.80
17-Jan-19 12:00:00 pm,1.80
17-Jan-19 04:00:00 pm,1.45
17-Jan-19 08:00:00 pm,1.00
18-Jan-19 12:00:00 am,1.00
18-Jan-19 04:00:00 am,1.75
18-Jan-19 08:00:00 am,1.80
18-Jan-19 12:00:00 pm,1.80
18-Jan-19 04:00:00 pm,1.45
18-Jan-19 08:00:00 pm,1.00
19-Jan-19 12:00:00 am,1.00
19-Jan-19 04:00:00 am,1.49
19-Jan-19 08:00:00 am,1.69
19-Jan-19 12:00:00 pm,1.80
19-Jan-19 04:00:00 pm,1.80
19-Jan-19 08:00:00 pm,1.80
20-Jan-19 12:00:00 am,1.80
20-Jan-19 04:00:00 am,1.80
20-Jan-19 08:00:00 am,1.80
20-Jan-19 12:00:00 pm,1.80
20-Jan-19 04:00:00 pm,1.80
20-Jan-19 08:00:00 pm,1.80
21-Jan-19 12:00:00 am,1.80
21-Jan-19 04:00:00 am,1.80
21-Jan-19 08:00:00 am,1.80
21-Jan-19 12:00:00 pm,1.80
21-Jan-19 04:00:00 pm,1.45
21-Jan-19 08:00:00 pm,1.00
22-Jan-19 12:00:00 am,1.75
22-Jan-19 04:00:00 am,1.80
22-Jan-19 08:00:00 am,1.80
22-Jan-19 12:00:00 pm,1.80
22-Jan-19 04:00:00 pm,1.45
22-Jan-19 08:00:00 pm,1.00
23-Jan-19 12:00:00 am,1.00
23-Jan-19 04:00:00 am,1.75
23-Jan-19 08:00:00 am,1.80
23-Jan-19 12:00:00 pm,1.80
23-Jan-19 04:00:00 pm,1.45
23-Jan-19 08:00:00 pm,1.00
24-Jan-19 12:00:00 am,1.00
24-Jan-19 04:00:00 am,1.75
24-Jan-19 08:00:00 am,1.80
24-Jan-19 12:00:00 pm,1.80
24-Jan-19 04:00:00 pm,1.45
24-Jan-19 08:00:00 pm,1.00
25-Jan-19 12:00:00 am,1.00
25-Jan-19 04:00:00 am,1.75
25-Jan-19 08:00:00 am,1.80
25-Jan-19 12:00:00 pm,1.80
25-Jan-19 04:00:00 pm,1.45
25-Jan-19 08:00:00 pm,1.00
26-Jan-19 12:00:00 am,1.00
26-Jan-19 04:00:00 am,1.00
26-Jan-19 08:00:00 am,1.00
26-Jan-19 12:00:00 pm,1.00
26-Jan-19 04:00:00 pm,1.00
26-Jan-19 08:00:00 pm,1.00
27-Jan-19 12:00:00 am,1.00
27-Jan-19 04:00:00 am,1.00
27-Jan-19 08:00:00 am,1.53
27-Jan-19 12:00:00 pm,1.00
27-Jan-19 04:00:00 pm,1.00
27-Jan-19 08:00:00 pm,1.00
28-Jan-19 12:00:00 am,1.00
28-Jan-19 04:00:00 am,1.75
28-Jan-19 08:00:00 am,1.80
28-Jan-19 12:00:00 pm,1.80
28-Jan-19 04:00:00 pm,1.48
28-Jan-19 08:00:00 pm,1.31
29-Jan-19 12:00:00 am,1.00
29-Jan-19 04:00:00 am,1.75
29-Jan-19 08:00:00 am,1.80
29-Jan-19 12:00:00 pm,1.80
29-Jan-19 04:00:00 pm,1.45
29-Jan-19 08:00:00 pm,1.00
30-Jan-19 12:00:00 am,1.64
30-Jan-19 04:00:00 am,1.80
30-Jan-19 08:00:00 am,1.80
30-Jan-19 12:00:00 pm,1.80
30-Jan-19 04:00:00 pm,1.53
30-Jan-19 08:00:00 pm,1.00
31-Jan-19 12:00:00 am,1.25
31-Jan-19 04:00:00 am,1.80
31-Jan-19 08:00:00 am,1.80
31-Jan-19 12:00:00 pm,1.80
31-Jan-19 04:00:00 pm,1.50
31-Jan-19 08:00:00 pm,1.40
01-Feb-19 12:00:00 am,1.00
01-Feb-19 04:00:00 am,1.75
01-Feb-19 08:00:00 am,1.80
01-Feb-19 12:00:00 pm,1.80
01-Feb-19 04:00:00 pm,1.45
01-Feb-19 08:00:00 pm,1.00
02-Feb-19 12:00:00 am,1.00
02-Feb-19 04:00:00 am,1.00
02-Feb-19 08:00:00 am,1.00
02-Feb-19 12:00:00 pm,1.00
02-Feb-19 04:00:00 pm,1.00
02-Feb-19 08:00:00 pm,1.00
03-Feb-19 12:00:00 am,1.00
03-Feb-19 04:00:00 am,1.00
03-Feb-19 08:00:00 am,1.00
03-Feb-19 12:00:00 pm,1.00
03-Feb-19 04:00:00 pm,1.23
03-Feb-19 08:00:00 pm,1.80
04-Feb-19 12:00:00 am,1.80
04-Feb-19 04:00:00 am,1.80
04-Feb-19 08:00:00 am,1.80
04-Feb-19 12:00:00 pm,1.80
04-Feb-19 04:00:00 pm,1.60
04-Feb-19 08:00:00 pm,1.80
05-Feb-19 12:00:00 am,1.80
05-Feb-19 04:00:00 am,1.80
05-Feb-19 08:00:00 am,1.80
05-Feb-19 12:00:00 pm,1.80
05-Feb-19 04:00:00 pm,1.45
05-Feb-19 08:00:00 pm,1.00
06-Feb-19 12:00:00 am,1.61
06-Feb-19 04:00:00 am,1.80
06-Feb-19 08:00:00 am,1.80
06-Feb-19 12:00:00 pm,1.80
06-Feb-19 04:00:00 pm,1.45
06-Feb-19 08:00:00 pm,1.00
07-Feb-19 12:00:00 am,1.30
07-Feb-19 04:00:00 am,1.80
07-Feb-19 08:00:00 am,1.80
07-Feb-19 12:00:00 pm,1.80
07-Feb-19 04:00:00 pm,1.45
07-Feb-19 08:00:00 pm,1.00
08-Feb-19 12:00:00 am,1.00
08-Feb-19 04:00:00 am,1.75
08-Feb-19 08:00:00 am,1.80
08-Feb-19 12:00:00 pm,1.80
08-Feb-19 04:00:00 pm,1.45
08-Feb-19 08:00:00 pm,1.00
09-Feb-19 12:00:00 am,1.75
09-Feb-19 04:00:00 am,1.80
09-Feb-19 08:00:00 am,1.80
09-Feb-19 12:00:00 pm,1.37
09-Feb-19 04:00:00 pm,1.00
09-Feb-19 08:00:00 pm,1.75
10-Feb-19 12:00:00 am,1.80
10-Feb-19 04:00:00 am,1.80
10-Feb-19 08:00:00 am,1.80
10-Feb-19 12:00:00 pm,1.80
10-Feb-19 04:00:00 pm,1.80
10-Feb-19 08:00:00 pm,1.68
11-Feb-19 12:00:00 am,1.80
11-Feb-19 04:00:00 am,1.80
11-Feb-19 08:00:00 am,1.80
11-Feb-19 12:00:00 pm,1.80
11-Feb-19 04:00:00 pm,1.45
11-Feb-19 08:00:00 pm,1.00
12-Feb-19 12:00:00 am,1.00
12-Feb-19 04:00:00 am,1.75
12-Feb-19 08:00:00 am,1.80
12-Feb-19 12:00:00 pm,1.80
12-Feb-19 04:00:00 pm,1.45
12-Feb-19 08:00:00 pm,1.00
13-Feb-19 12:00:00 am,1.00
13-Feb-19 04:00:00 am,1.75
13-Feb-19 08:00:00 am,1.80
13-Feb-19 12:00:00 pm,1.80
13-Feb-19 04:00:00 pm,1.75
13-Feb-19 08:00:00 pm,1.35
14-Feb-19 12:00:00 am,1.00
14-Feb-19 04:00:00 am,1.75
14-Feb-19 08:00:00 am,1.80
14-Feb-19 12:00:00 pm,1.80
14-Feb-19 04:00:00 pm,1.70
14-Feb-19 08:00:00 pm,1.41
15-Feb-19 12:00:00 am,1.00
15-Feb-19 04:00:00 am,1.75
15-Feb-19 08:00:00 am,1.80
15-Feb-19 12:00:00 pm,1.80
15-Feb-19 04:00:00 pm,1.70
15-Feb-19 08:00:00 pm,1.30
16-Feb-19 12:00:00 am,1.00
16-Feb-19 04:00:00 am,1.00
16-Feb-19 08:00:00 am,1.00
16-Feb-19 12:00:00 pm,1.00
16-Feb-19 04:00:00 pm,1.00
16-Feb-19 08:00:00 pm,1.00
17-Feb-19 12:00:00 am,1.00
17-Feb-19 04:00:00 am,1.58
17-Feb-19 08:00:00 am,1.50
17-Feb-19 12:00:00 pm,1.00
17-Feb-19 04:00:00 pm,1.00
17-Feb-19 08:00:00 pm,1.00
18-Feb-19 12:00:00 am,1.00
18-Feb-19 04:00:00 am,1.75
18-Feb-19 08:00:00 am,1.80
18-Feb-19 12:00:00 pm,1.80
18-Feb-19 04:00:00 pm,1.45
18-Feb-19 08:00:00 pm,1.00
19-Feb-19 12:00:00 am,1.00
19-Feb-19 04:00:00 am,1.75
19-Feb-19 08:00:00 am,1.80
19-Feb-19 12:00:00 pm,1.80
19-Feb-19 04:00:00 pm,1.45
19-Feb-19 08:00:00 pm,1.00
20-Feb-19 12:00:00 am,1.00
20-Feb-19 04:00:00 am,1.75
20-Feb-19 08:00:00 am,1.80
20-Feb-19 12:00:00 pm,1.80
20-Feb-19 04:00:00 pm,1.45
20-Feb-19 08:00:00 pm,1.00
21-Feb-19 12:00:00 am,1.00
21-Feb-19 04:00:00 am,1.75
21-Feb-19 08:00:00 am,1.80
21-Feb-19 12:00:00 pm,1.80
21-Feb-19 04:00:00 pm,1.45
21-Feb-19 08:00:00 pm,1.00
22-Feb-19 12:00:00 am,1.56
22-Feb-19 04:00:00 am,1.80
22-Feb-19 08:00:00 am,1.80
22-Feb-19 12:00:00 pm,1.80
22-Feb-19 04:00:00 pm,1.76
22-Feb-19 08:00:00 pm,1.80
23-Feb-19 12:00:00 am,1.80
23-Feb-19 04:00:00 am,1.80
23-Feb-19 08:00:00 am,1.80
23-Feb-19 12:00:00 pm,1.80
23-Feb-19 04:00:00 pm,1.80
23-Feb-19 08:00:00 pm,1.80
24-Feb-19 12:00:00 am,1.80
24-Feb-19 04:00:00 am,1.80
24-Feb-19 08:00:00 am,1.80
24-Feb-19 12:00:00 pm,1.80
24-Feb-19 04:00:00 pm,1.80
24-Feb-19 08:00:00 pm,1.68
25-Feb-19 12:00:00 am,1.80
25-Feb-19 04:00:00 am,1.80
25-Feb-19 08:00:00 am,1.80
25-Feb-19 12:00:00 pm,1.80
25-Feb-19 04:00:00 pm,1.45
25-Feb-19 08:00:00 pm,1.41
26-Feb-19 12:00:00 am,1.80
26-Feb-19 04:00:00 am,1.80
26-Feb-19 08:00:00 am,1.80
26-Feb-19 12:00:00 pm,1.80
26-Feb-19 04:00:00 pm,1.45
26-Feb-19 08:00:00 pm,1.30
27-Feb-19 12:00:00 am,1.80
27-Feb-19 04:00:00 am,1.80
27-Feb-19 08:00:00 am,1.80
27-Feb-19 12:00:00 pm,1.80
27-Feb-19 04:00:00 pm,1.47
27-Feb-19 08:00:00 pm,1.67
28-Feb-19 12:00:00 am,1.80
28-Feb-19 04:00:00 am,1.80
28-Feb-19 08:00:00 am,1.80
28-Feb-19 12:00:00 pm,1.80
28-Feb-19 04:00:00 pm,1.45
28-Feb-19 08:00:00 pm,1.05
01-Mar-19 12:00:00 am,1.00
01-Mar-19 04:00:00 am,1.76
01-Mar-19 08:00:00 am,1.80
01-Mar-19 12:00:00 pm,1.80
01-Mar-19 04:00:00 pm,1.56
01-Mar-19 08:00:00 pm,1.00
02-Mar-19 12:00:00 am,1.28
02-Mar-19 04:00:00 am,1.80
02-Mar-19 08:00:00 am,1.80
02-Mar-19 12:00:00 pm,1.76
02-Mar-19 04:00:00 pm,1.37
02-Mar-19 08:00:00 pm,1.29
03-Mar-19 12:00:00 am,1.80
03-Mar-19 04:00:00 am,1.80
03-Mar-19 08:00:00 am,1.80
03-Mar-19 12:00:00 pm,1.62
03-Mar-19 04:00:00 pm,1.06
03-Mar-19 08:00:00 pm,1.50
04-Mar-19 12:00:00 am,1.80
04-Mar-19 04:00:00 am,1.80
04-Mar-19 08:00:00 am,1.80
04-Mar-19 12:00:00 pm,1.80
04-Mar-19 04:00:00 pm,1.50
04-Mar-19 08:00:00 pm,1.15
05-Mar-19 12:00:00 am,1.80
05-Mar-19 04:00:00 am,1.80
05-Mar-19 08:00:00 am,1.80
05-Mar-19 12:00:00 pm,1.80
05-Mar-19 04:00:00 pm,1.45
05-Mar-19 08:00:00 pm,1.05
06-Mar-19 12:00:00 am,1.59
06-Mar-19 04:00:00 am,1.80
06-Mar-19 08:00:00 am,1.80
06-Mar-19 12:00:00 pm,1.80
06-Mar-19 04:00:00 pm,1.56
06-Mar-19 08:00:00 pm,1.50
07-Mar-19 12:00:00 am,1.00
07-Mar-19 04:00:00 am,1.75
07-Mar-19 08:00:00 am,1.80
07-Mar-19 12:00:00 pm,1.80
07-Mar-19 04:00:00 pm,1.45
07-Mar-19 08:00:00 pm,1.00
08-Mar-19 12:00:00 am,1.35
08-Mar-19 04:00:00 am,1.80
08-Mar-19 08:00:00 am,1.80
08-Mar-19 12:00:00 pm,1.80
08-Mar-19 04:00:00 pm,1.45
08-Mar-19 08:00:00 pm,1.05
09-Mar-19 12:00:00 am,1.80
09-Mar-19 04:00:00 am,1.80
09-Mar-19 08:00:00 am,1.80
09-Mar-19 12:00:00 pm,1.53
09-Mar-19 04:00:00 pm,1.00
09-Mar-19 08:00:00 pm,1.30
10-Mar-19 12:00:00 am,1.80
10-Mar-19 05:00:00 am,1.80
10-Mar-19 09:00:00 am,1.80
10-Mar-19 01:00:00 pm,1.75
10-Mar-19 05:00:00 pm,1.05
10-Mar-19 09:00:00 pm,1.45
11-Mar-19 01:00:00 am,1.80
11-Mar-19 05:00:00 am,1.80
11-Mar-19 09:00:00 am,1.80
11-Mar-19 01:00:00 pm,1.80
11-Mar-19 05:00:00 pm,1.47
11-Mar-19 09:00:00 pm,1.21
12-Mar-19 01:00:00 am,1.15
12-Mar-19 05:00:00 am,1.80
12-Mar-19 09:00:00 am,1.80
12-Mar-19 01:00:00 pm,1.80
12-Mar-19 05:00:00 pm,1.25
12-Mar-19 09:00:00 pm,1.00
13-Mar-19 01:00:00 am,1.15
13-Mar-19 05:00:00 am,1.80
13-Mar-19 09:00:00 am,1.80
13-Mar-19 01:00:00 pm,1.80
13-Mar-19 05:00:00 pm,1.45
13-Mar-19 09:00:00 pm,1.01
14-Mar-19 01:00:00 am,1.15
14-Mar-19 05:00:00 am,1.80
14-Mar-19 09:00:00 am,1.80
14-Mar-19 01:00:00 pm,1.80
14-Mar-19 05:00:00 pm,1.59
14-Mar-19 09:00:00 pm,1.07
15-Mar-19 01:00:00 am,1.15
15-Mar-19 05:00:00 am,1.80
15-Mar-19 09:00:00 am,1.80
15-Mar-19 01:00:00 pm,1.80
15-Mar-19 05:00:00 pm,1.25
15-Mar-19 09:00:00 pm,1.00
16-Mar-19 01:00:00 am,1.00
16-Mar-19 05:00:00 am,1.36
16-Mar-19 09:00:00 am,1.66
16-Mar-19 01:00:00 pm,1.05
16-Mar-19 05:00:00 pm,1.00
16-Mar-19 09:00:00 pm,1.00
17-Mar-19 01:00:00 am,1.22
17-Mar-19 05:00:00 am,1.80
17-Mar-19 09:00:00 am,1.80
17-Mar-19 01:00:00 pm,1.75
17-Mar-19 05:00:00 pm,1.50
17-Mar-19 09:00:00 pm,1.00
18-Mar-19 01:00:00 am,1.15
18-Mar-19 05:00:00 am,1.80
18-Mar-19 09:00:00 am,1.80
18-Mar-19 01:00:00 pm,1.80
18-Mar-19 05:00:00 pm,1.60
18-Mar-19 09:00:00 pm,1.00
19-Mar-19 01:00:00 am,1.15
19-Mar-19 05:00:00 am,1.80
19-Mar-19 09:00:00 am,1.80
19-Mar-19 01:00:00 pm,1.80
19-Mar-19 05:00:00 pm,1.59
19-Mar-19 09:00:00 pm,1.00
20-Mar-19 01:00:00 am,1.15
20-Mar-19 05:00:00 am,1.80
20-Mar-19 09:00:00 am,1.80
20-Mar-19 01:00:00 pm,1.80
20-Mar-19 05:00:00 pm,1.25
20-Mar-19 09:00:00 pm,1.00
21-Mar-19 01:00:00 am,1.15
21-Mar-19 05:00:00 am,1.80
21-Mar-19 09:00:00 am,1.80
21-Mar-19 01:00:00 pm,1.80
21-Mar-19 05:00:00 pm,1.25
21-Mar-19 09:00:00 pm,1.00
22-Mar-19 01:00:00 am,1.15
22-Mar-19 05:00:00 am,1.80
22-Mar-19 09:00:00 am,1.80
22-Mar-19 01:00:00 pm,1.80
22-Mar-19 05:00:00 pm,1.25
22-Mar-19 09:00:00 pm,1.00
23-Mar-19 01:00:00 am,1.00
23-Mar-19 05:00:00 am,1.00
23-Mar-19 09:00:00 am,1.00
23-Mar-19 01:00:00 pm,1.37
23-Mar-19 05:00:00 pm,1.30
23-Mar-19 09:00:00 pm,1.00
24-Mar-19 01:00:00 am,1.00
24-Mar-19 05:00:00 am,1.00
24-Mar-19 09:00:00 am,1.00
24-Mar-19 01:00:00 pm,1.00
24-Mar-19 05:00:00 pm,1.00
24-Mar-19 09:00:00 pm,1.00
25-Mar-19 01:00:00 am,1.22
25-Mar-19 05:00:00 am,1.80
25-Mar-19 09:00:00 am,1.80
25-Mar-19 01:00:00 pm,1.80
25-Mar-19 05:00:00 pm,1.25
25-Mar-19 09:00:00 pm,1.00
26-Mar-19 01:00:00 am,1.15
26-Mar-19 05:00:00 am,1.80
26-Mar-19 09:00:00 am,1.80
26-Mar-19 01:00:00 pm,1.80
26-Mar-19 05:00:00 pm,1.25
26-Mar-19 09:00:00 pm,1.00
27-Mar-19 01:00:00 am,1.15
27-Mar-19 05:00:00 am,1.80
27-Mar-19 09:00:00 am,1.80
27-Mar-19 01:00:00 pm,1.80
27-Mar-19 05:00:00 pm,1.25
27-Mar-19 09:00:00 pm,1.00
28-Mar-19 01:00:00 am,1.15
28-Mar-19 05:00:00 am,1.80
28-Mar-19 09:00:00 am,1.80
28-Mar-19 01:00:00 pm,1.80
28-Mar-19 05:00:00 pm,1.28
28-Mar-19 09:00:00 pm,1.00
29-Mar-19 01:00:00 am,1.15
29-Mar-19 05:00:00 am,1.80
29-Mar-19 09:00:00 am,1.80
29-Mar-19 01:00:00 pm,1.80
29-Mar-19 05:00:00 pm,1.25
29-Mar-19 09:00:00 pm,1.00
30-Mar-19 01:00:00 am,1.00
30-Mar-19 05:00:00 am,1.00
30-Mar-19 09:00:00 am,1.00
30-Mar-19 01:00:00 pm,1.47
30-Mar-19 05:00:00 pm,1.77
30-Mar-19 09:00:00 pm,1.00
31-Mar-19 01:00:00 am,1.00
31-Mar-19 05:00:00 am,1.00
31-Mar-19 09:00:00 am,1.00
31-Mar-19 01:00:00 pm,1.52
31-Mar-19 05:00:00 pm,1.70
31-Mar-19 09:00:00 pm,1.00
01-Apr-19 01:00:00 am,1.14
01-Apr-19 05:00:00 am,1.50
01-Apr-19 09:00:00 am,1.62
01-Apr-19 01:00:00 pm,1.80
01-Apr-19 05:00:00 pm,1.25
01-Apr-19 09:00:00 pm,1.00
02-Apr-19 01:00:00 am,1.04
02-Apr-19 05:00:00 am,1.40
02-Apr-19 09:00:00 am,1.79
02-Apr-19 01:00:00 pm,1.80
02-Apr-19 05:00:00 pm,1.25
02-Apr-19 09:00:00 pm,1.00
03-Apr-19 01:00:00 am,1.00
03-Apr-19 05:00:00 am,1.35
03-Apr-19 09:00:00 am,1.80
03-Apr-19 01:00:00 pm,1.80
03-Apr-19 05:00:00 pm,1.25
03-Apr-19 09:00:00 pm,1.00
04-Apr-19 01:00:00 am,1.15
04-Apr-19 05:00:00 am,1.32
04-Apr-19 09:00:00 am,1.71
04-Apr-19 01:00:00 pm,1.80
04-Apr-19 05:00:00 pm,1.25
04-Apr-19 09:00:00 pm,1.04
05-Apr-19 01:00:00 am,1.01
05-Apr-19 05:00:00 am,1.23
05-Apr-19 09:00:00 am,1.36
05-Apr-19 01:00:00 pm,1.36
05-Apr-19 05:00:00 pm,1.11
05-Apr-19 09:00:00 pm,1.00
06-Apr-19 01:00:00 am,1.00
06-Apr-19 05:00:00 am,1.00
06-Apr-19 09:00:00 am,1.00
06-Apr-19 01:00:00 pm,1.00
06-Apr-19 05:00:00 pm,1.00
06-Apr-19 09:00:00 pm,1.00
07-Apr-19 01:00:00 am,1.30
07-Apr-19 05:00:00 am,1.80
07-Apr-19 09:00:00 am,1.62
07-Apr-19 01:00:00 pm,1.35
07-Apr-19 05:00:00 pm,1.00
07-Apr-19 09:00:00 pm,1.00
08-Apr-19 01:00:00 am,1.65
08-Apr-19 05:00:00 am,1.80
08-Apr-19 09:00:00 am,1.80
08-Apr-19 01:00:00 pm,1.80
08-Apr-19 05:00:00 pm,1.25
08-Apr-19 09:00:00 pm,1.00
09-Apr-19 01:00:00 am,1.10
09-Apr-19 05:00:00 am,1.50
09-Apr-19 09:00:00 am,1.80
09-Apr-19 01:00:00 pm,1.80
09-Apr-19 05:00:00 pm,1.29
09-Apr-19 09:00:00 pm,1.00
10-Apr-19 01:00:00 am,1.11
10-Apr-19 05:00:00 am,1.46
10-Apr-19 09:00:00 am,1.69
10-Apr-19 01:00:00 pm,1.69
10-Apr-19 05:00:00 pm,1.26
10-Apr-19 09:00:00 pm,1.02
11-Apr-19 01:00:00 am,1.14
11-Apr-19 05:00:00 am,1.40
11-Apr-19 09:00:00 am,1.54
11-Apr-19 01:00:00 pm,1.54
11-Apr-19 05:00:00 pm,1.31
11-Apr-19 09:00:00 pm,1.00
12-Apr-19 01:00:00 am,1.13
12-Apr-19 05:00:00 am,1.26
12-Apr-19 09:00:00 am,1.44
12-Apr-19 01:00:00 pm,1.58
12-Apr-19 05:00:00 pm,1.25
12-Apr-19 09:00:00 pm,1.00
13-Apr-19 01:00:00 am,1.00
13-Apr-19 05:00:00 am,1.00
13-Apr-19 09:00:00 am,1.15
13-Apr-19 01:00:00 pm,1.45
13-Apr-19 05:00:00 pm,1.00
13-Apr-19 09:00:00 pm,1.10
14-Apr-19 01:00:00 am,1.80
14-Apr-19 05:00:00 am,1.80
14-Apr-19 09:00:00 am,1.80
14-Apr-19 01:00:00 pm,1.55
14-Apr-19 05:00:00 pm,1.27
14-Apr-19 09:00:00 pm,1.80
15-Apr-19 01:00:00 am,1.80
15-Apr-19 05:00:00 am,1.76
15-Apr-19 09:00:00 am,1.75
15-Apr-19 01:00:00 pm,1.80
15-Apr-19 05:00:00 pm,1.25
15-Apr-19 09:00:00 pm,1.00
16-Apr-19 01:00:00 am,1.14
16-Apr-19 05:00:00 am,1.30
16-Apr-19 09:00:00 am,1.36
16-Apr-19 01:00:00 pm,1.36
16-Apr-19 05:00:00 pm,1.33
16-Apr-19 09:00:00 pm,1.29
17-Apr-19 01:00:00 am,1.10
17-Apr-19 05:00:00 am,1.52
17-Apr-19 09:00:00 am,1.79
17-Apr-19 01:00:00 pm,1.80
17-Apr-19 05:00:00 pm,1.25
17-Apr-19 09:00:00 pm,1.00
18-Apr-19 01:00:00 am,1.00
18-Apr-19 05:00:00 am,1.27
18-Apr-19 09:00:00 am,1.41
18-Apr-19 01:00:00 pm,1.41
18-Apr-19 05:00:00 pm,1.28
18-Apr-19 09:00:00 pm,1.00
19-Apr-19 01:00:00 am,1.00
19-Apr-19 05:00:00 am,1.31
19-Apr-19 09:00:00 am,1.80
19-Apr-19 01:00:00 pm,1.80
19-Apr-19 05:00:00 pm,1.25
19-Apr-19 09:00:00 pm,1.27
20-Apr-19 01:00:00 am,1.00
20-Apr-19 05:00:00 am,1.30
20-Apr-19 09:00:00 am,1.80
20-Apr-19 01:00:00 pm,1.20
20-Apr-19 05:00:00 pm,1.00
20-Apr-19 09:00:00 pm,1.00
21-Apr-19 01:00:00 am,1.15
21-Apr-19 05:00:00 am,1.80
21-Apr-19 09:00:00 am,1.80
21-Apr-19 01:00:00 pm,1.18
21-Apr-19 05:00:00 pm,1.00
21-Apr-19 09:00:00 pm,1.00
22-Apr-19 01:00:00 am,1.30
22-Apr-19 05:00:00 am,1.76
22-Apr-19 09:00:00 am,1.80
22-Apr-19 01:00:00 pm,1.80
22-Apr-19 05:00:00 pm,1.55
22-Apr-19 09:00:00 pm,1.05
23-Apr-19 01:00:00 am,1.09
23-Apr-19 05:00:00 am,1.24
23-Apr-19 09:00:00 am,1.36
23-Apr-19 01:00:00 pm,1.36
23-Apr-19 05:00:00 pm,1.14
23-Apr-19 09:00:00 pm,1.00
24-Apr-19 01:00:00 am,1.11
24-Apr-19 05:00:00 am,1.28
24-Apr-19 09:00:00 am,1.38
24-Apr-19 01:00:00 pm,1.77
24-Apr-19 05:00:00 pm,1.25
24-Apr-19 09:00:00 pm,1.00
25-Apr-19 01:00:00 am,1.13
25-Apr-19 05:00:00 am,1.58
25-Apr-19 09:00:00 am,1.72
25-Apr-19 01:00:00 pm,1.72
25-Apr-19 05:00:00 pm,1.22
25-Apr-19 09:00:00 pm,1.00
26-Apr-19 01:00:00 am,1.10
26-Apr-19 05:00:00 am,1.36
26-Apr-19 09:00:00 am,1.80
26-Apr-19 01:00:00 pm,1.80
26-Apr-19 05:00:00 pm,1.25
26-Apr-19 09:00:00 pm,1.00
27-Apr-19 01:00:00 am,1.00
27-Apr-19 05:00:00 am,1.00
27-Apr-19 09:00:00 am,1.10
27-Apr-19 01:00:00 pm,1.00
27-Apr-19 05:00:00 pm,1.00
27-Apr-19 09:00:00 pm,1.10
28-Apr-19 01:00:00 am,1.80
28-Apr-19 05:00:00 am,1.80
28-Apr-19 09:00:00 am,1.80
28-Apr-19 01:00:00 pm,1.25
28-Apr-19 05:00:00 pm,1.26
28-Apr-19 09:00:00 pm,1.00
29-Apr-19 01:00:00 am,1.25
29-Apr-19 05:00:00 am,1.80
29-Apr-19 09:00:00 am,1.80
29-Apr-19 01:00:00 pm,1.80
29-Apr-19 05:00:00 pm,1.25
29-Apr-19 09:00:00 pm,1.00
30-Apr-19 01:00:00 am,1.11
30-Apr-19 05:00:00 am,1.42
30-Apr-19 09:00:00 am,1.63
30-Apr-19 01:00:00 pm,1.80
30-Apr-19 05:00:00 pm,1.25
30-Apr-19 09:00:00 pm,1.00
01-May-19 01:00:00 am,1.07
01-May-19 05:00:00 am,1.30
01-May-19 09:00:00 am,1.65
01-May-19 01:00:00 pm,1.80
01-May-19 05:00:00 pm,1.25
01-May-19 09:00:00 pm,1.00
02-May-19 01:00:00 am,1.02
02-May-19 05:00:00 am,1.24
02-May-19 09:00:00 am,1.64
02-May-19 01:00:00 pm,1.80
02-May-19 05:00:00 pm,1.25
02-May-19 09:00:00 pm,1.00
03-May-19 01:00:00 am,1.01
03-May-19 05:00:00 am,1.31
03-May-19 09:00:00 am,1.49
03-May-19 01:00:00 pm,1.68
03-May-19 05:00:00 pm,1.25
03-May-19 09:00:00 pm,1.00
04-May-19 01:00:00 am,1.00
04-May-19 05:00:00 am,1.00
04-May-19 09:00:00 am,1.00
04-May-19 01:00:00 pm,1.45
04-May-19 05:00:00 pm,1.80
04-May-19 09:00:00 pm,1.16
05-May-19 01:00:00 am,1.00
05-May-19 05:00:00 am,1.00
05-May-19 09:00:00 am,1.00
05-May-19 01:00:00 pm,1.65
05-May-19 05:00:00 pm,1.78
05-May-19 09:00:00 pm,1.00
06-May-19 01:00:00 am,1.00
06-May-19 05:00:00 am,1.20
06-May-19 09:00:00 am,1.52
06-May-19 01:00:00 pm,1.80
06-May-19 05:00:00 pm,1.25
06-May-19 09:00:00 pm,1.00
07-May-19 01:00:00 am,1.00
07-May-19 05:00:00 am,1.31
07-May-19 09:00:00 am,1.75
07-May-19 01:00:00 pm,1.80
07-May-19 05:00:00 pm,1.59
07-May-19 09:00:00 pm,1.00
08-May-19 01:00:00 am,1.00
08-May-19 05:00:00 am,1.25
08-May-19 09:00:00 am,1.44
08-May-19 01:00:00 pm,1.80
08-May-19 05:00:00 pm,1.65
08-May-19 09:00:00 pm,1.00
09-May-19 01:00:00 am,1.00
09-May-19 05:00:00 am,1.55
09-May-19 09:00:00 am,1.80
09-May-19 01:00:00 pm,1.80
09-May-19 05:00:00 pm,1.75
09-May-19 09:00:00 pm,1.06
10-May-19 01:00:00 am,1.00
10-May-19 05:00:00 am,1.55
10-May-19 09:00:00 am,1.80
10-May-19 01:00:00 pm,1.80
10-May-19 05:00:00 pm,1.80
10-May-19 09:00:00 pm,1.30
11-May-19 01:00:00 am,1.00
11-May-19 05:00:00 am,1.00
11-May-19 09:00:00 am,1.13
11-May-19 01:00:00 pm,1.80
11-May-19 05:00:00 pm,1.80
11-May-19 09:00:00 pm,1.02
12-May-19 01:00:00 am,1.00
12-May-19 05:00:00 am,1.00
12-May-19 09:00:00 am,1.00
12-May-19 01:00:00 pm,1.00
12-May-19 05:00:00 pm,1.27
12-May-19 09:00:00 pm,1.00
13-May-19 01:00:00 am,1.00
13-May-19 05:00:00 am,1.55
13-May-19 09:00:00 am,1.80
13-May-19 01:00:00 pm,1.80
13-May-19 05:00:00 pm,1.25
13-May-19 09:00:00 pm,1.00
14-May-19 01:00:00 am,1.00
14-May-19 05:00:00 am,1.22
14-May-19 09:00:00 am,1.39
14-May-19 01:00:00 pm,1.40
14-May-19 05:00:00 pm,1.35
14-May-19 09:00:00 pm,1.00
15-May-19 01:00:00 am,1.00
15-May-19 05:00:00 am,1.36
15-May-19 09:00:00 am,1.69
15-May-19 01:00:00 pm,1.80
15-May-19 05:00:00 pm,1.66
15-May-19 09:00:00 pm,1.00
16-May-19 01:00:00 am,1.00
16-May-19 05:00:00 am,1.24
16-May-19 09:00:00 am,1.39
16-May-19 01:00:00 pm,1.39
16-May-19 05:00:00 pm,1.51
16-May-19 09:00:00 pm,1.00
17-May-19 01:00:00 am,1.00
17-May-19 05:00:00 am,1.26
17-May-19 09:00:00 am,1.56
17-May-19 01:00:00 pm,1.80
17-May-19 05:00:00 pm,1.25
17-May-19 09:00:00 pm,1.00
18-May-19 01:00:00 am,1.00
18-May-19 05:00:00 am,1.00
18-May-19 09:00:00 am,1.00
18-May-19 01:00:00 pm,1.52
18-May-19 05:00:00 pm,1.76
18-May-19 09:00:00 pm,1.60
19-May-19 01:00:00 am,1.00
19-May-19 05:00:00 am,1.00
19-May-19 09:00:00 am,1.00
19-May-19 01:00:00 pm,1.35
19-May-19 05:00:00 pm,1.79
19-May-19 09:00:00 pm,1.38
20-May-19 01:00:00 am,1.00
20-May-19 05:00:00 am,1.55
20-May-19 09:00:00 am,1.80
20-May-19 01:00:00 pm,1.80
20-May-19 05:00:00 pm,1.27
20-May-19 09:00:00 pm,1.00
21-May-19 01:00:00 am,1.11
21-May-19 05:00:00 am,1.35
21-May-19 09:00:00 am,1.80
21-May-19 01:00:00 pm,1.80
21-May-19 05:00:00 pm,1.25
21-May-19 09:00:00 pm,1.00
22-May-19 01:00:00 am,1.04
22-May-19 05:00:00 am,1.37
22-May-19 09:00:00 am,1.58
22-May-19 01:00:00 pm,1.80
22-May-19 05:00:00 pm,1.25
22-May-19 09:00:00 pm,1.00
23-May-19 01:00:00 am,1.00
23-May-19 05:00:00 am,1.55
23-May-19 09:00:00 am,1.80
23-May-19 01:00:00 pm,1.80
23-May-19 05:00:00 pm,1.70
23-May-19 09:00:00 pm,1.00
24-May-19 01:00:00 am,1.00
24-May-19 05:00:00 am,1.55
24-May-19 09:00:00 am,1.80
24-May-19 01:00:00 pm,1.80
24-May-19 05:00:00 pm,1.25
24-May-19 09:00:00 pm,1.00
25-May-19 01:00:00 am,1.00
25-May-19 05:00:00 am,1.00
25-May-19 09:00:00 am,1.00
25-May-19 01:00:00 pm,1.00
25-May-19 05:00:00 pm,1.00
25-May-19 09:00:00 pm,1.12
26-May-19 01:00:00 am,1.80
26-May-19 05:00:00 am,1.80
26-May-19 09:00:00 am,1.73
26-May-19 01:00:00 pm,1.00
26-May-19 05:00:00 pm,1.00
26-May-19 09:00:00 pm,1.00
27-May-19 01:00:00 am,1.00
27-May-19 05:00:00 am,1.24
27-May-19 09:00:00 am,1.64
27-May-19 01:00:00 pm,1.80
27-May-19 05:00:00 pm,1.63
27-May-19 09:00:00 pm,1.00
28-May-19 01:00:00 am,1.00
28-May-19 05:00:00 am,1.52
28-May-19 09:00:00 am,1.80
28-May-19 01:00:00 pm,1.80
28-May-19 05:00:00 pm,1.25
28-May-19 09:00:00 pm,1.00
29-May-19 01:00:00 am,1.00
29-May-19 05:00:00 am,1.19
29-May-19 09:00:00 am,1.80
29-May-19 01:00:00 pm,1.80
29-May-19 05:00:00 pm,1.25
29-May-19 09:00:00 pm,1.00
30-May-19 01:00:00 am,1.00
30-May-19 05:00:00 am,1.29
30-May-19 09:00:00 am,1.80
30-May-19 01:00:00 pm,1.80
30-May-19 05:00:00 pm,1.60
30-May-19 09:00:00 pm,1.00
31-May-19 01:00:00 am,1.00
31-May-19 05:00:00 am,1.55
31-May-19 09:00:00 am,1.80
31-May-19 01:00:00 pm,1.80
31-May-19 05:00:00 pm,1.70
31-May-19 09:00:00 pm,1.00
01-Jun-19 01:00:00 am,1.00
01-Jun-19 05:00:00 am,1.00
01-Jun-19 09:00:00 am,1.00
01-Jun-19 01:00:00 pm,1.25
01-Jun-19 05:00:00 pm,1.80
01-Jun-19 09:00:00 pm,1.25
02-Jun-19 01:00:00 am,1.00
02-Jun-19 05:00:00 am,1.00
02-Jun-19 09:00:00 am,1.00
02-Jun-19 01:00:00 pm,1.70
02-Jun-19 05:00:00 pm,1.57
02-Jun-19 09:00:00 pm,1.00
03-Jun-19 01:00:00 am,1.00
03-Jun-19 05:00:00 am,1.20
03-Jun-19 09:00:00 am,1.10
03-Jun-19 01:00:00 pm,1.73
03-Jun-19 05:00:00 pm,1.25
03-Jun-19 09:00:00 pm,1.00
04-Jun-19 01:00:00 am,1.00
04-Jun-19 05:00:00 am,1.27
04-Jun-19 09:00:00 am,1.80
04-Jun-19 01:00:00 pm,1.80
04-Jun-19 05:00:00 pm,1.31
04-Jun-19 09:00:00 pm,1.00
05-Jun-19 01:00:00 am,1.00
05-Jun-19 05:00:00 am,1.37
05-Jun-19 09:00:00 am,1.80
05-Jun-19 01:00:00 pm,1.80
05-Jun-19 05:00:00 pm,1.25
05-Jun-19 09:00:00 pm,1.00
06-Jun-19 01:00:00 am,1.00
06-Jun-19 05:00:00 am,1.23
06-Jun-19 09:00:00 am,1.66
06-Jun-19 01:00:00 pm,1.80
06-Jun-19 05:00:00 pm,1.26
06-Jun-19 09:00:00 pm,1.00
07-Jun-19 01:00:00 am,1.00
07-Jun-19 05:00:00 am,1.29
07-Jun-19 09:00:00 am,1.80
07-Jun-19 01:00:00 pm,1.80
07-Jun-19 05:00:00 pm,1.25
07-Jun-19 09:00:00 pm,1.00
08-Jun-19 01:00:00 am,1.00
08-Jun-19 05:00:00 am,1.00
08-Jun-19 09:00:00 am,1.00
08-Jun-19 01:00:00 pm,1.00
08-Jun-19 05:00:00 pm,1.00
08-Jun-19 09:00:00 pm,1.00
09-Jun-19 01:00:00 am,1.00
09-Jun-19 05:00:00 am,1.00
09-Jun-19 09:00:00 am,1.00
09-Jun-19 01:00:00 pm,1.25
09-Jun-19 05:00:00 pm,1.80
09-Jun-19 09:00:00 pm,1.15
10-Jun-19 01:00:00 am,1.00
10-Jun-19 05:00:00 am,1.21
10-Jun-19 09:00:00 am,1.67
10-Jun-19 01:00:00 pm,1.80
10-Jun-19 05:00:00 pm,1.65
10-Jun-19 09:00:00 pm,1.02
11-Jun-19 01:00:00 am,1.00
11-Jun-19 05:00:00 am,1.15
11-Jun-19 09:00:00 am,1.68
11-Jun-19 01:00:00 pm,1.80
11-Jun-19 05:00:00 pm,1.75
11-Jun-19 09:00:00 pm,1.30
12-Jun-19 01:00:00 am,1.06
12-Jun-19 05:00:00 am,1.36
12-Jun-19 09:00:00 am,1.80
12-Jun-19 01:00:00 pm,1.80
12-Jun-19 05:00:00 pm,1.72
12-Jun-19 09:00:00 pm,1.31
13-Jun-19 01:00:00 am,1.15
13-Jun-19 05:00:00 am,1.38
13-Jun-19 09:00:00 am,1.72
13-Jun-19 01:00:00 pm,1.80
13-Jun-19 05:00:00 pm,1.46
13-Jun-19 09:00:00 pm,1.00
14-Jun-19 01:00:00 am,1.00
14-Jun-19 05:00:00 am,1.43
14-Jun-19 09:00:00 am,1.80
14-Jun-19 01:00:00 pm,1.80
14-Jun-19 05:00:00 pm,1.25
14-Jun-19 09:00:00 pm,1.00
15-Jun-19 01:00:00 am,1.00
15-Jun-19 05:00:00 am,1.00
15-Jun-19 09:00:00 am,1.00
15-Jun-19 01:00:00 pm,1.00
15-Jun-19 05:00:00 pm,1.67
15-Jun-19 09:00:00 pm,1.32
16-Jun-19 01:00:00 am,1.00
16-Jun-19 05:00:00 am,1.00
16-Jun-19 09:00:00 am,1.00
16-Jun-19 01:00:00 pm,1.50
16-Jun-19 05:00:00 pm,1.80
16-Jun-19 09:00:00 pm,1.25
17-Jun-19 01:00:00 am,1.12
17-Jun-19 05:00:00 am,1.80
17-Jun-19 09:00:00 am,1.80
17-Jun-19 01:00:00 pm,1.80
17-Jun-19 05:00:00 pm,1.45
17-Jun-19 09:00:00 pm,1.00
18-Jun-19 01:00:00 am,1.00
18-Jun-19 05:00:00 am,1.80
18-Jun-19 09:00:00 am,1.80
18-Jun-19 01:00:00 pm,1.80
18-Jun-19 05:00:00 pm,1.25
18-Jun-19 09:00:00 pm,1.00
19-Jun-19 01:00:00 am,1.00
19-Jun-19 05:00:00 am,1.32
19-Jun-19 09:00:00 am,1.80
19-Jun-19 01:00:00 pm,1.80
19-Jun-19 05:00:00 pm,1.25
19-Jun-19 09:00:00 pm,1.00
20-Jun-19 01:00:00 am,1.00
20-Jun-19 05:00:00 am,1.25
20-Jun-19 09:00:00 am,1.57
20-Jun-19 01:00:00 pm,1.80
20-Jun-19 05:00:00 pm,1.25
20-Jun-19 09:00:00 pm,1.00
21-Jun-19 01:00:00 am,1.00
21-Jun-19 05:00:00 am,1.33
21-Jun-19 09:00:00 am,1.80
21-Jun-19 01:00:00 pm,1.80
21-Jun-19 05:00:00 pm,1.25
21-Jun-19 09:00:00 pm,1.00
22-Jun-19 01:00:00 am,1.00
22-Jun-19 05:00:00 am,1.00
22-Jun-19 09:00:00 am,1.00
22-Jun-19 01:00:00 pm,1.00
22-Jun-19 05:00:00 pm,1.00
22-Jun-19 09:00:00 pm,1.00
23-Jun-19 01:00:00 am,1.00
23-Jun-19 05:00:00 am,1.00
23-Jun-19 09:00:00 am,1.00
23-Jun-19 01:00:00 pm,1.00
23-Jun-19 05:00:00 pm,1.00
23-Jun-19 09:00:00 pm,1.00
24-Jun-19 01:00:00 am,1.00
24-Jun-19 05:00:00 am,1.25
24-Jun-19 09:00:00 am,1.74
24-Jun-19 01:00:00 pm,1.80
24-Jun-19 05:00:00 pm,1.25
24-Jun-19 09:00:00 pm,1.00
25-Jun-19 01:00:00 am,1.00
25-Jun-19 05:00:00 am,1.29
25-Jun-19 09:00:00 am,1.80
25-Jun-19 01:00:00 pm,1.80
25-Jun-19 05:00:00 pm,1.25
25-Jun-19 09:00:00 pm,1.00
26-Jun-19 01:00:00 am,1.00
26-Jun-19 05:00:00 am,1.33
26-Jun-19 09:00:00 am,1.80
26-Jun-19 01:00:00 pm,1.80
26-Jun-19 05:00:00 pm,1.25
26-Jun-19 09:00:00 pm,1.00
27-Jun-19 01:00:00 am,1.00
27-Jun-19 05:00:00 am,1.34
27-Jun-19 09:00:00 am,1.80
27-Jun-19 01:00:00 pm,1.80
27-Jun-19 05:00:00 pm,1.25
27-Jun-19 09:00:00 pm,1.00
28-Jun-19 01:00:00 am,1.00
28-Jun-19 05:00:00 am,1.35
28-Jun-19 09:00:00 am,1.80
28-Jun-19 01:00:00 pm,1.80
28-Jun-19 05:00:00 pm,1.25
28-Jun-19 09:00:00 pm,1.00
29-Jun-19 01:00:00 am,1.00
29-Jun-19 05:00:00 am,1.00
29-Jun-19 09:00:00 am,1.00
29-Jun-19 01:00:00 pm,1.55
29-Jun-19 05:00:00 pm,1.80
29-Jun-19 09:00:00 pm,1.10
30-Jun-19 01:00:00 am,1.00
30-Jun-19 05:00:00 am,1.00
30-Jun-19 09:00:00 am,1.00
30-Jun-19 01:00:00 pm,1.75
30-Jun-19 05:00:00 pm,1.80
30-Jun-19 09:00:00 pm,1.80
01-Jul-19 01:00:00 am,1.51
01-Jul-19 05:00:00 am,1.25
01-Jul-19 09:00:00 am,1.67
01-Jul-19 01:00:00 pm,1.80
01-Jul-19 05:00:00 pm,1.74
01-Jul-19 09:00:00 pm,1.24
02-Jul-19 01:00:00 am,1.00
02-Jul-19 05:00:00 am,1.29
02-Jul-19 09:00:00 am,1.39
02-Jul-19 01:00:00 pm,1.80
02-Jul-19 05:00:00 pm,1.35
02-Jul-19 09:00:00 pm,1.00
03-Jul-19 01:00:00 am,1.00
03-Jul-19 05:00:00 am,1.35
03-Jul-19 09:00:00 am,1.80
03-Jul-19 01:00:00 pm,1.80
03-Jul-19 05:00:00 pm,1.25
03-Jul-19 09:00:00 pm,1.00
04-Jul-19 01:00:00 am,1.00
04-Jul-19 05:00:00 am,1.37
04-Jul-19 09:00:00 am,1.80
04-Jul-19 01:00:00 pm,1.80
04-Jul-19 05:00:00 pm,1.25
04-Jul-19 09:00:00 pm,1.00
05-Jul-19 01:00:00 am,1.00
05-Jul-19 05:00:00 am,1.55
05-Jul-19 09:00:00 am,1.80
05-Jul-19 01:00:00 pm,1.80
05-Jul-19 05:00:00 pm,1.25
05-Jul-19 09:00:00 pm,1.00
06-Jul-19 01:00:00 am,1.00
06-Jul-19 05:00:00 am,1.00
06-Jul-19 09:00:00 am,1.00
06-Jul-19 01:00:00 pm,1.00
06-Jul-19 05:00:00 pm,1.22
06-Jul-19 09:00:00 pm,1.00
07-Jul-19 01:00:00 am,1.00
07-Jul-19 05:00:00 am,1.00
07-Jul-19 09:00:00 am,1.00
07-Jul-19 01:00:00 pm,1.00
07-Jul-19 05:00:00 pm,1.00
07-Jul-19 09:00:00 pm,1.00
08-Jul-19 01:00:00 am,1.00
08-Jul-19 05:00:00 am,1.55
08-Jul-19 09:00:00 am,1.80
08-Jul-19 01:00:00 pm,1.80
08-Jul-19 05:00:00 pm,1.28
08-Jul-19 09:00:00 pm,1.00
09-Jul-19 01:00:00 am,1.00
09-Jul-19 05:00:00 am,1.21
09-Jul-19 09:00:00 am,1.80
09-Jul-19 01:00:00 pm,1.80
09-Jul-19 05:00:00 pm,1.21
09-Jul-19 09:00:00 pm,1.00
10-Jul-19 01:00:00 am,1.00
10-Jul-19 05:00:00 am,1.45
10-Jul-19 09:00:00 am,1.80
10-Jul-19 01:00:00 pm,1.80
10-Jul-19 05:00:00 pm,1.19
10-Jul-19 09:00:00 pm,1.00
11-Jul-19 01:00:00 am,1.00
11-Jul-19 05:00:00 am,1.28
11-Jul-19 09:00:00 am,1.67
11-Jul-19 01:00:00 pm,1.80
11-Jul-19 05:00:00 pm,1.25
11-Jul-19 09:00:00 pm,1.00
12-Jul-19 01:00:00 am,1.00
12-Jul-19 05:00:00 am,1.55
12-Jul-19 09:00:00 am,1.80
12-Jul-19 01:00:00 pm,1.80
12-Jul-19 05:00:00 pm,1.74
12-Jul-19 09:00:00 pm,1.18
13-Jul-19 01:00:00 am,1.00
13-Jul-19 05:00:00 am,1.00
13-Jul-19 09:00:00 am,1.00
13-Jul-19 01:00:00 pm,1.60
13-Jul-19 05:00:00 pm,1.75
13-Jul-19 09:00:00 pm,1.00
14-Jul-19 01:00:00 am,1.00
14-Jul-19 05:00:00 am,1.00
14-Jul-19 09:00:00 am,1.05
14-Jul-19 01:00:00 pm,1.80
14-Jul-19 05:00:00 pm,1.80
14-Jul-19 09:00:00 pm,1.00
15-Jul-19 01:00:00 am,1.15
15-Jul-19 05:00:00 am,1.80
15-Jul-19 09:00:00 am,1.80
15-Jul-19 01:00:00 pm,1.80
15-Jul-19 05:00:00 pm,1.25
15-Jul-19 09:00:00 pm,1.00
16-Jul-19 01:00:00 am,1.00
16-Jul-19 05:00:00 am,1.30
16-Jul-19 09:00:00 am,1.69
16-Jul-19 01:00:00 pm,1.72
16-Jul-19 05:00:00 pm,1.64
16-Jul-19 09:00:00 pm,1.05
17-Jul-19 01:00:00 am,1.05
17-Jul-19 05:00:00 am,1.25
17-Jul-19 09:00:00 am,1.67
17-Jul-19 01:00:00 pm,1.80
17-Jul-19 05:00:00 pm,1.25
17-Jul-19 09:00:00 pm,1.00
18-Jul-19 01:00:00 am,1.00
18-Jul-19 05:00:00 am,1.27
18-Jul-19 09:00:00 am,1.72
18-Jul-19 01:00:00 pm,1.80
18-Jul-19 05:00:00 pm,1.55
18-Jul-19 09:00:00 pm,1.00
19-Jul-19 01:00:00 am,1.00
19-Jul-19 05:00:00 am,1.30
19-Jul-19 09:00:00 am,1.78
19-Jul-19 01:00:00 pm,1.80
19-Jul-19 05:00:00 pm,1.25
19-Jul-19 09:00:00 pm,1.00
20-Jul-19 01:00:00 am,1.00
20-Jul-19 05:00:00 am,1.00
20-Jul-19 09:00:00 am,1.00
20-Jul-19 01:00:00 pm,1.50
20-Jul-19 05:00:00 pm,1.80
20-Jul-19 09:00:00 pm,1.21
21-Jul-19 01:00:00 am,1.00
21-Jul-19 05:00:00 am,1.00
21-Jul-19 09:00:00 am,1.19
21-Jul-19 01:00:00 pm,1.80
21-Jul-19 05:00:00 pm,1.80
21-Jul-19 09:00:00 pm,1.80
22-Jul-19 01:00:00 am,1.49
22-Jul-19 05:00:00 am,1.24
22-Jul-19 09:00:00 am,1.79
22-Jul-19 01:00:00 pm,1.80
22-Jul-19 05:00:00 pm,1.75
22-Jul-19 09:00:00 pm,1.19
23-Jul-19 01:00:00 am,1.00
23-Jul-19 05:00:00 am,1.25
23-Jul-19 09:00:00 am,1.09
23-Jul-19 01:00:00 pm,1.34
23-Jul-19 05:00:00 pm,1.07
23-Jul-19 09:00:00 pm,1.00
24-Jul-19 01:00:00 am,1.00
24-Jul-19 05:00:00 am,1.20
24-Jul-19 09:00:00 am,1.63
24-Jul-19 01:00:00 pm,1.80
24-Jul-19 05:00:00 pm,1.59
24-Jul-19 09:00:00 pm,1.00
25-Jul-19 01:00:00 am,1.00
25-Jul-19 05:00:00 am,1.21
25-Jul-19 09:00:00 am,1.65
25-Jul-19 01:00:00 pm,1.80
25-Jul-19 05:00:00 pm,1.70
25-Jul-19 09:00:00 pm,1.15
26-Jul-19 01:00:00 am,1.03
26-Jul-19 05:00:00 am,1.22
26-Jul-19 09:00:00 am,1.64
26-Jul-19 01:00:00 pm,1.80
26-Jul-19 05:00:00 pm,1.75
26-Jul-19 09:00:00 pm,1.25
27-Jul-19 01:00:00 am,1.00
27-Jul-19 05:00:00 am,1.00
27-Jul-19 09:00:00 am,1.00
27-Jul-19 01:00:00 pm,1.31
27-Jul-19 05:00:00 pm,1.45
27-Jul-19 09:00:00 pm,1.00
28-Jul-19 01:00:00 am,1.00
28-Jul-19 05:00:00 am,1.00
28-Jul-19 09:00:00 am,1.05
28-Jul-19 01:00:00 pm,1.80
28-Jul-19 05:00:00 pm,1.80
28-Jul-19 09:00:00 pm,1.15
29-Jul-19 01:00:00 am,1.15
29-Jul-19 05:00:00 am,1.25
29-Jul-19 09:00:00 am,1.59
29-Jul-19 01:00:00 pm,1.80
29-Jul-19 05:00:00 pm,1.76
29-Jul-19 09:00:00 pm,1.65
30-Jul-19 01:00:00 am,1.15
30-Jul-19 05:00:00 am,1.20
30-Jul-19 09:00:00 am,1.34
30-Jul-19 01:00:00 pm,1.75
30-Jul-19 05:00:00 pm,1.55
30-Jul-19 09:00:00 pm,1.00
31-Jul-19 01:00:00 am,1.00
31-Jul-19 05:00:00 am,1.12
31-Jul-19 09:00:00 am,1.63
31-Jul-19 01:00:00 pm,1.80
31-Jul-19 05:00:00 pm,1.70
31-Jul-19 09:00:00 pm,1.15
01-Aug-19 01:00:00 am,1.15
01-Aug-19 05:00:00 am,1.28
01-Aug-19 09:00:00 am,1.71
01-Aug-19 01:00:00 pm,1.80
01-Aug-19 05:00:00 pm,1.74
01-Aug-19 09:00:00 pm,1.37
02-Aug-19 01:00:00 am,1.15
02-Aug-19 05:00:00 am,1.80
02-Aug-19 09:00:00 am,1.80
02-Aug-19 01:00:00 pm,1.80
02-Aug-19 05:00:00 pm,1.70
02-Aug-19 09:00:00 pm,1.00
03-Aug-19 01:00:00 am,1.00
03-Aug-19 05:00:00 am,1.00
03-Aug-19 09:00:00 am,1.00
03-Aug-19 01:00:00 pm,1.80
03-Aug-19 05:00:00 pm,1.80
03-Aug-19 09:00:00 pm,1.05
04-Aug-19 01:00:00 am,1.00
04-Aug-19 05:00:00 am,1.00
04-Aug-19 09:00:00 am,1.18
04-Aug-19 01:00:00 pm,1.80
04-Aug-19 05:00:00 pm,1.80
04-Aug-19 09:00:00 pm,1.34
05-Aug-19 01:00:00 am,1.19
05-Aug-19 05:00:00 am,1.80
05-Aug-19 09:00:00 am,1.80
05-Aug-19 01:00:00 pm,1.80
05-Aug-19 05:00:00 pm,1.73
05-Aug-19 09:00:00 pm,1.22
06-Aug-19 01:00:00 am,1.15
06-Aug-19 05:00:00 am,1.22
06-Aug-19 09:00:00 am,1.29
06-Aug-19 01:00:00 pm,1.80
06-Aug-19 05:00:00 pm,1.71
06-Aug-19 09:00:00 pm,1.15
07-Aug-19 01:00:00 am,1.13
07-Aug-19 05:00:00 am,1.25
07-Aug-19 09:00:00 am,1.63
07-Aug-19 01:00:00 pm,1.80
07-Aug-19 05:00:00 pm,1.68
07-Aug-19 09:00:00 pm,1.05
08-Aug-19 01:00:00 am,1.05
08-Aug-19 05:00:00 am,1.25
08-Aug-19 09:00:00 am,1.53
08-Aug-19 01:00:00 pm,1.80
08-Aug-19 05:00:00 pm,1.25
08-Aug-19 09:00:00 pm,1.00
09-Aug-19 01:00:00 am,1.00
09-Aug-19 05:00:00 am,1.24
09-Aug-19 09:00:00 am,1.15
09-Aug-19 01:00:00 pm,1.79
09-Aug-19 05:00:00 pm,1.25
09-Aug-19 09:00:00 pm,1.00
10-Aug-19 01:00:00 am,1.00
10-Aug-19 05:00:00 am,1.00
10-Aug-19 09:00:00 am,1.00
10-Aug-19 01:00:00 pm,1.54
10-Aug-19 05:00:00 pm,1.80
10-Aug-19 09:00:00 pm,1.80
11-Aug-19 01:00:00 am,1.80
11-Aug-19 05:00:00 am,1.26
11-Aug-19 09:00:00 am,1.00
11-Aug-19 01:00:00 pm,1.28
11-Aug-19 05:00:00 pm,1.80
11-Aug-19 09:00:00 pm,1.25
12-Aug-19 01:00:00 am,1.15
12-Aug-19 05:00:00 am,1.25
12-Aug-19 09:00:00 am,1.42
12-Aug-19 01:00:00 pm,1.80
12-Aug-19 05:00:00 pm,1.70
12-Aug-19 09:00:00 pm,1.02
13-Aug-19 01:00:00 am,1.00
13-Aug-19 05:00:00 am,1.25
13-Aug-19 09:00:00 am,1.65
13-Aug-19 01:00:00 pm,1.80
13-Aug-19 05:00:00 pm,1.25
13-Aug-19 09:00:00 pm,1.00
14-Aug-19 01:00:00 am,1.08
14-Aug-19 05:00:00 am,1.23
14-Aug-19 09:00:00 am,1.63
14-Aug-19 01:00:00 pm,1.80
14-Aug-19 05:00:00 pm,1.25
14-Aug-19 09:00:00 pm,1.00
15-Aug-19 01:00:00 am,1.06
15-Aug-19 05:00:00 am,1.29
15-Aug-19 09:00:00 am,1.62
15-Aug-19 01:00:00 pm,1.80
15-Aug-19 05:00:00 pm,1.62
15-Aug-19 09:00:00 pm,1.00
16-Aug-19 01:00:00 am,1.08
16-Aug-19 05:00:00 am,1.25
16-Aug-19 09:00:00 am,1.00
16-Aug-19 01:00:00 pm,1.00
16-Aug-19 05:00:00 pm,1.00
16-Aug-19 09:00:00 pm,1.00
17-Aug-19 01:00:00 am,1.00
17-Aug-19 05:00:00 am,1.00
17-Aug-19 09:00:00 am,1.00
17-Aug-19 01:00:00 pm,1.00
17-Aug-19 05:00:00 pm,1.79
17-Aug-19 09:00:00 pm,1.20
18-Aug-19 01:00:00 am,1.00
18-Aug-19 05:00:00 am,1.00
18-Aug-19 09:00:00 am,1.00
18-Aug-19 01:00:00 pm,1.68
18-Aug-19 05:00:00 pm,1.80
18-Aug-19 09:00:00 pm,1.10
19-Aug-19 01:00:00 am,1.15
19-Aug-19 05:00:00 am,1.54
19-Aug-19 09:00:00 am,1.80
19-Aug-19 01:00:00 pm,1.77
19-Aug-19 05:00:00 pm,1.80
19-Aug-19 09:00:00 pm,1.01
20-Aug-19 01:00:00 am,1.00
20-Aug-19 05:00:00 am,1.55
20-Aug-19 09:00:00 am,1.80
20-Aug-19 01:00:00 pm,1.80
20-Aug-19 05:00:00 pm,1.25
20-Aug-19 09:00:00 pm,1.00
21-Aug-19 01:00:00 am,1.01
21-Aug-19 05:00:00 am,1.25
21-Aug-19 09:00:00 am,1.65
21-Aug-19 01:00:00 pm,1.80
21-Aug-19 05:00:00 pm,1.20
21-Aug-19 09:00:00 pm,1.00
22-Aug-19 01:00:00 am,1.00
22-Aug-19 05:00:00 am,1.27
22-Aug-19 09:00:00 am,1.78
22-Aug-19 01:00:00 pm,1.80
22-Aug-19 05:00:00 pm,1.27
22-Aug-19 09:00:00 pm,1.00
23-Aug-19 01:00:00 am,1.00
23-Aug-19 05:00:00 am,1.30
23-Aug-19 09:00:00 am,1.72
23-Aug-19 01:00:00 pm,1.80
23-Aug-19 05:00:00 pm,1.25
23-Aug-19 09:00:00 pm,1.00
24-Aug-19 01:00:00 am,1.00
24-Aug-19 05:00:00 am,1.00
24-Aug-19 09:00:00 am,1.00
24-Aug-19 01:00:00 pm,1.65
24-Aug-19 05:00:00 pm,1.80
24-Aug-19 09:00:00 pm,1.80
25-Aug-19 01:00:00 am,1.51
25-Aug-19 05:00:00 am,1.00
25-Aug-19 09:00:00 am,1.00
25-Aug-19 01:00:00 pm,1.70
25-Aug-19 05:00:00 pm,1.80
25-Aug-19 09:00:00 pm,1.80
26-Aug-19 01:00:00 am,1.20
26-Aug-19 05:00:00 am,1.48
26-Aug-19 09:00:00 am,1.70
26-Aug-19 01:00:00 pm,1.80
26-Aug-19 05:00:00 pm,1.67
26-Aug-19 09:00:00 pm,1.05
27-Aug-19 01:00:00 am,1.00
27-Aug-19 05:00:00 am,1.12
27-Aug-19 09:00:00 am,1.60
27-Aug-19 01:00:00 pm,1.80
27-Aug-19 05:00:00 pm,1.71
27-Aug-19 09:00:00 pm,1.05
28-Aug-19 01:00:00 am,1.16
28-Aug-19 05:00:00 am,1.17
28-Aug-19 09:00:00 am,1.62
28-Aug-19 01:00:00 pm,1.80
28-Aug-19 05:00:00 pm,1.75
28-Aug-19 09:00:00 pm,1.21
29-Aug-19 01:00:00 am,1.20
29-Aug-19 05:00:00 am,1.40
29-Aug-19 09:00:00 am,1.60
29-Aug-19 01:00:00 pm,1.80
29-Aug-19 05:00:00 pm,1.25
29-Aug-19 09:00:00 pm,1.00
30-Aug-19 01:00:00 am,1.00
30-Aug-19 05:00:00 am,1.30
30-Aug-19 09:00:00 am,1.53
30-Aug-19 01:00:00 pm,1.80
30-Aug-19 05:00:00 pm,1.25
30-Aug-19 09:00:00 pm,1.00
31-Aug-19 01:00:00 am,1.00
31-Aug-19 05:00:00 am,1.00
31-Aug-19 09:00:00 am,1.00
31-Aug-19 01:00:00 pm,1.60
31-Aug-19 05:00:00 pm,1.80
31-Aug-19 09:00:00 pm,1.80
01-Sep-19 01:00:00 am,1.80
01-Sep-19 05:00:00 am,1.06
01-Sep-19 09:00:00 am,1.10
01-Sep-19 01:00:00 pm,1.80
01-Sep-19 05:00:00 pm,1.80
01-Sep-19 09:00:00 pm,1.12
02-Sep-19 01:00:00 am,1.17
02-Sep-19 05:00:00 am,1.80
02-Sep-19 09:00:00 am,1.80
02-Sep-19 01:00:00 pm,1.80
02-Sep-19 05:00:00 pm,1.45
02-Sep-19 09:00:00 pm,1.00
03-Sep-19 01:00:00 am,1.00
03-Sep-19 05:00:00 am,1.18
03-Sep-19 09:00:00 am,1.63
03-Sep-19 01:00:00 pm,1.80
03-Sep-19 05:00:00 pm,1.71
03-Sep-19 09:00:00 pm,1.00
04-Sep-19 01:00:00 am,1.00
04-Sep-19 05:00:00 am,1.25
04-Sep-19 09:00:00 am,1.72
04-Sep-19 01:00:00 pm,1.80
04-Sep-19 05:00:00 pm,1.38
04-Sep-19 09:00:00 pm,1.00
05-Sep-19 01:00:00 am,1.00
05-Sep-19 05:00:00 am,1.11
05-Sep-19 09:00:00 am,1.60
05-Sep-19 01:00:00 pm,1.80
05-Sep-19 05:00:00 pm,1.34
05-Sep-19 09:00:00 pm,1.01
06-Sep-19 01:00:00 am,1.06
06-Sep-19 05:00:00 am,1.34
06-Sep-19 09:00:00 am,1.80
06-Sep-19 01:00:00 pm,1.80
06-Sep-19 05:00:00 pm,1.25
06-Sep-19 09:00:00 pm,1.00
07-Sep-19 01:00:00 am,1.00
07-Sep-19 05:00:00 am,1.00
07-Sep-19 09:00:00 am,1.00
07-Sep-19 01:00:00 pm,1.00
07-Sep-19 05:00:00 pm,1.00
07-Sep-19 09:00:00 pm,1.00
08-Sep-19 01:00:00 am,1.00
08-Sep-19 05:00:00 am,1.00
08-Sep-19 09:00:00 am,1.00
08-Sep-19 01:00:00 pm,1.00
08-Sep-19 05:00:00 pm,1.00
08-Sep-19 09:00:00 pm,1.00
09-Sep-19 01:00:00 am,1.00
09-Sep-19 05:00:00 am,1.30
09-Sep-19 09:00:00 am,1.13
09-Sep-19 01:00:00 pm,1.15
09-Sep-19 05:00:00 pm,1.45
09-Sep-19 09:00:00 pm,1.00
10-Sep-19 01:00:00 am,1.00
10-Sep-19 05:00:00 am,1.33
10-Sep-19 09:00:00 am,1.56
10-Sep-19 01:00:00 pm,1.68
10-Sep-19 05:00:00 pm,1.45
10-Sep-19 09:00:00 pm,1.00
11-Sep-19 01:00:00 am,1.00
11-Sep-19 05:00:00 am,1.24
11-Sep-19 09:00:00 am,1.40
11-Sep-19 01:00:00 pm,1.79
11-Sep-19 05:00:00 pm,1.25
11-Sep-19 09:00:00 pm,1.00
12-Sep-19 01:00:00 am,1.00
12-Sep-19 05:00:00 am,1.54
12-Sep-19 09:00:00 am,1.80
12-Sep-19 01:00:00 pm,1.80
12-Sep-19 05:00:00 pm,1.25
12-Sep-19 09:00:00 pm,1.00
13-Sep-19 01:00:00 am,1.00
13-Sep-19 05:00:00 am,1.24
13-Sep-19 09:00:00 am,1.12
13-Sep-19 01:00:00 pm,1.75
13-Sep-19 05:00:00 pm,1.25
13-Sep-19 09:00:00 pm,1.00
14-Sep-19 01:00:00 am,1.00
14-Sep-19 05:00:00 am,1.00
14-Sep-19 09:00:00 am,1.00
14-Sep-19 01:00:00 pm,1.00
14-Sep-19 05:00:00 pm,1.00
14-Sep-19 09:00:00 pm,1.00
15-Sep-19 01:00:00 am,1.00
15-Sep-19 05:00:00 am,1.00
15-Sep-19 09:00:00 am,1.00
15-Sep-19 01:00:00 pm,1.00
15-Sep-19 05:00:00 pm,1.00
15-Sep-19 09:00:00 pm,1.00
16-Sep-19 01:00:00 am,1.00
16-Sep-19 05:00:00 am,1.28
16-Sep-19 09:00:00 am,1.80
16-Sep-19 01:00:00 pm,1.80
16-Sep-19 05:00:00 pm,1.25
16-Sep-19 09:00:00 pm,1.00
17-Sep-19 01:00:00 am,1.00
17-Sep-19 05:00:00 am,1.28
17-Sep-19 09:00:00 am,1.46
17-Sep-19 01:00:00 pm,1.51
17-Sep-19 05:00:00 pm,1.25
17-Sep-19 09:00:00 pm,1.00
18-Sep-19 01:00:00 am,1.00
18-Sep-19 05:00:00 am,1.32
18-Sep-19 09:00:00 am,1.76
18-Sep-19 01:00:00 pm,1.80
18-Sep-19 05:00:00 pm,1.25
18-Sep-19 09:00:00 pm,1.00
19-Sep-19 01:00:00 am,1.00
19-Sep-19 05:00:00 am,1.22
19-Sep-19 09:00:00 am,1.69
19-Sep-19 01:00:00 pm,1.80
19-Sep-19 05:00:00 pm,1.45
19-Sep-19 09:00:00 pm,1.00
20-Sep-19 01:00:00 am,1.00
20-Sep-19 05:00:00 am,1.31
20-Sep-19 09:00:00 am,1.80
20-Sep-19 01:00:00 pm,1.80
20-Sep-19 05:00:00 pm,1.25
20-Sep-19 09:00:00 pm,1.00
21-Sep-19 01:00:00 am,1.00
21-Sep-19 05:00:00 am,1.00
21-Sep-19 09:00:00 am,1.00
21-Sep-19 01:00:00 pm,1.00
21-Sep-19 05:00:00 pm,1.00
21-Sep-19 09:00:00 pm,1.00
22-Sep-19 01:00:00 am,1.00
22-Sep-19 05:00:00 am,1.00
22-Sep-19 09:00:00 am,1.00
22-Sep-19 01:00:00 pm,1.00
22-Sep-19 05:00:00 pm,1.00
22-Sep-19 09:00:00 pm,1.00
23-Sep-19 01:00:00 am,1.00
23-Sep-19 05:00:00 am,1.29
23-Sep-19 09:00:00 am,1.80
23-Sep-19 01:00:00 pm,1.80
23-Sep-19 05:00:00 pm,1.25
23-Sep-19 09:00:00 pm,1.00
24-Sep-19 01:00:00 am,1.00
24-Sep-19 05:00:00 am,1.30
24-Sep-19 09:00:00 am,1.80
24-Sep-19 01:00:00 pm,1.80
24-Sep-19 05:00:00 pm,1.45
24-Sep-19 09:00:00 pm,1.20
25-Sep-19 01:00:00 am,1.00
25-Sep-19 05:00:00 am,1.31
25-Sep-19 09:00:00 am,1.80
25-Sep-19 01:00:00 pm,1.80
25-Sep-19 05:00:00 pm,1.44
25-Sep-19 09:00:00 pm,1.00
26-Sep-19 01:00:00 am,1.00
26-Sep-19 05:00:00 am,1.30
26-Sep-19 09:00:00 am,1.80
26-Sep-19 01:00:00 pm,1.80
26-Sep-19 05:00:00 pm,1.65
26-Sep-19 09:00:00 pm,1.04
27-Sep-19 01:00:00 am,1.00
27-Sep-19 05:00:00 am,1.18
27-Sep-19 09:00:00 am,1.70
27-Sep-19 01:00:00 pm,1.80
27-Sep-19 05:00:00 pm,1.25
27-Sep-19 09:00:00 pm,1.00
28-Sep-19 01:00:00 am,1.00
28-Sep-19 05:00:00 am,1.75
28-Sep-19 09:00:00 am,1.80
28-Sep-19 01:00:00 pm,1.02
28-Sep-19 05:00:00 pm,1.00
28-Sep-19 09:00:00 pm,1.00
29-Sep-19 01:00:00 am,1.44
29-Sep-19 05:00:00 am,1.80
29-Sep-19 09:00:00 am,1.80
29-Sep-19 01:00:00 pm,1.35
29-Sep-19 05:00:00 pm,1.00
29-Sep-19 09:00:00 pm,1.75
30-Sep-19 01:00:00 am,1.80
30-Sep-19 05:00:00 am,1.80
30-Sep-19 09:00:00 am,1.80
30-Sep-19 01:00:00 pm,1.80
30-Sep-19 05:00:00 pm,1.25
30-Sep-19 09:00:00 pm,1.00
01-Oct-19 01:00:00 am,1.50
01-Oct-19 05:00:00 am,1.80
01-Oct-19 09:00:00 am,1.80
01-Oct-19 01:00:00 pm,1.80
01-Oct-19 05:00:00 pm,1.33
01-Oct-19 09:00:00 pm,1.00
02-Oct-19 01:00:00 am,1.75
02-Oct-19 05:00:00 am,1.80
02-Oct-19 09:00:00 am,1.80
02-Oct-19 01:00:00 pm,1.80
02-Oct-19 05:00:00 pm,1.25
02-Oct-19 09:00:00 pm,1.00
03-Oct-19 01:00:00 am,1.07
03-Oct-19 05:00:00 am,1.12
03-Oct-19 09:00:00 am,1.44
03-Oct-19 01:00:00 pm,1.80
03-Oct-19 05:00:00 pm,1.25
03-Oct-19 09:00:00 pm,1.00
04-Oct-19 01:00:00 am,1.09
04-Oct-19 05:00:00 am,1.18
04-Oct-19 09:00:00 am,1.23
04-Oct-19 01:00:00 pm,1.23
04-Oct-19 05:00:00 pm,1.07
04-Oct-19 09:00:00 pm,1.00
05-Oct-19 01:00:00 am,1.00
05-Oct-19 05:00:00 am,1.00
05-Oct-19 09:00:00 am,1.00
05-Oct-19 01:00:00 pm,1.19
05-Oct-19 05:00:00 pm,1.05
05-Oct-19 09:00:00 pm,1.00
06-Oct-19 01:00:00 am,1.28
06-Oct-19 05:00:00 am,1.67
06-Oct-19 09:00:00 am,1.80
06-Oct-19 01:00:00 pm,1.25
06-Oct-19 05:00:00 pm,1.00
06-Oct-19 09:00:00 pm,1.00
07-Oct-19 01:00:00 am,1.80
07-Oct-19 05:00:00 am,1.80
07-Oct-19 09:00:00 am,1.25
07-Oct-19 01:00:00 pm,1.52
07-Oct-19 05:00:00 pm,1.25
07-Oct-19 09:00:00 pm,1.00
08-Oct-19 01:00:00 am,1.13
08-Oct-19 05:00:00 am,1.24
08-Oct-19 09:00:00 am,1.33
08-Oct-19 01:00:00 pm,1.42
08-Oct-19 05:00:00 pm,1.25
08-Oct-19 09:00:00 pm,1.36
09-Oct-19 01:00:00 am,1.80
09-Oct-19 05:00:00 am,1.80
09-Oct-19 09:00:00 am,1.80
09-Oct-19 01:00:00 pm,1.80
09-Oct-19 05:00:00 pm,1.47
09-Oct-19 09:00:00 pm,1.30
10-Oct-19 01:00:00 am,1.80
10-Oct-19 05:00:00 am,1.80
10-Oct-19 09:00:00 am,1.80
10-Oct-19 01:00:00 pm,1.80
10-Oct-19 05:00:00 pm,1.40
10-Oct-19 09:00:00 pm,1.10
11-Oct-19 01:00:00 am,1.80
11-Oct-19 05:00:00 am,1.80
11-Oct-19 09:00:00 am,1.80
11-Oct-19 01:00:00 pm,1.80
11-Oct-19 05:00:00 pm,1.25
11-Oct-19 09:00:00 pm,1.00
12-Oct-19 01:00:00 am,1.45
12-Oct-19 05:00:00 am,1.80
12-Oct-19 09:00:00 am,1.79
12-Oct-19 01:00:00 pm,1.33
12-Oct-19 05:00:00 pm,1.05
12-Oct-19 09:00:00 pm,1.80
13-Oct-19 01:00:00 am,1.80
13-Oct-19 05:00:00 am,1.80
13-Oct-19 09:00:00 am,1.65
13-Oct-19 01:00:00 pm,1.45
13-Oct-19 05:00:00 pm,1.07
13-Oct-19 09:00:00 pm,1.80
14-Oct-19 01:00:00 am,1.80
14-Oct-19 05:00:00 am,1.80
14-Oct-19 09:00:00 am,1.80
14-Oct-19 01:00:00 pm,1.80
14-Oct-19 05:00:00 pm,1.25
14-Oct-19 09:00:00 pm,1.00
15-Oct-19 01:00:00 am,1.30
15-Oct-19 05:00:00 am,1.80
15-Oct-19 09:00:00 am,1.80
15-Oct-19 01:00:00 pm,1.80
15-Oct-19 05:00:00 pm,1.25
15-Oct-19 09:00:00 pm,1.00
16-Oct-19 01:00:00 am,1.14
16-Oct-19 05:00:00 am,1.22
16-Oct-19 09:00:00 am,1.80
16-Oct-19 01:00:00 pm,1.80
16-Oct-19 05:00:00 pm,1.25
16-Oct-19 09:00:00 pm,1.00
17-Oct-19 01:00:00 am,1.24
17-Oct-19 05:00:00 am,1.30
17-Oct-19 09:00:00 am,1.73
17-Oct-19 01:00:00 pm,1.80
17-Oct-19 05:00:00 pm,1.25
17-Oct-19 09:00:00 pm,1.03
18-Oct-19 01:00:00 am,1.80
18-Oct-19 05:00:00 am,1.80
18-Oct-19 09:00:00 am,1.80
18-Oct-19 01:00:00 pm,1.80
18-Oct-19 05:00:00 pm,1.25
18-Oct-19 09:00:00 pm,1.09
19-Oct-19 01:00:00 am,1.80
19-Oct-19 05:00:00 am,1.80
19-Oct-19 09:00:00 am,1.80
19-Oct-19 01:00:00 pm,1.80
19-Oct-19 05:00:00 pm,1.80
19-Oct-19 09:00:00 pm,1.80
20-Oct-19 01:00:00 am,1.80
20-Oct-19 05:00:00 am,1.80
20-Oct-19 09:00:00 am,1.80
20-Oct-19 01:00:00 pm,1.80
20-Oct-19 05:00:00 pm,1.65
20-Oct-19 09:00:00 pm,1.80
21-Oct-19 01:00:00 am,1.80
21-Oct-19 05:00:00 am,1.80
21-Oct-19 09:00:00 am,1.80
21-Oct-19 01:00:00 pm,1.80
21-Oct-19 05:00:00 pm,1.25
21-Oct-19 09:00:00 pm,1.00
22-Oct-19 01:00:00 am,1.04
22-Oct-19 05:00:00 am,1.20
22-Oct-19 09:00:00 am,1.57
22-Oct-19 01:00:00 pm,1.80
22-Oct-19 05:00:00 pm,1.25
22-Oct-19 09:00:00 pm,1.00
23-Oct-19 01:00:00 am,1.73
23-Oct-19 05:00:00 am,1.80
23-Oct-19 09:00:00 am,1.80
23-Oct-19 01:00:00 pm,1.80
23-Oct-19 05:00:00 pm,1.25
23-Oct-19 09:00:00 pm,1.00
24-Oct-19 01:00:00 am,1.69
24-Oct-19 05:00:00 am,1.80
24-Oct-19 09:00:00 am,1.80
24-Oct-19 01:00:00 pm,1.80
24-Oct-19 05:00:00 pm,1.25
24-Oct-19 09:00:00 pm,1.00
25-Oct-19 01:00:00 am,1.07
25-Oct-19 05:00:00 am,1.33
25-Oct-19 09:00:00 am,1.44
25-Oct-19 01:00:00 pm,1.44
25-Oct-19 05:00:00 pm,1.14
25-Oct-19 09:00:00 pm,1.00
26-Oct-19 01:00:00 am,1.45
26-Oct-19 05:00:00 am,1.80
26-Oct-19 09:00:00 am,1.80
26-Oct-19 01:00:00 pm,1.15
26-Oct-19 05:00:00 pm,1.00
26-Oct-19 09:00:00 pm,1.74
27-Oct-19 01:00:00 am,1.80
27-Oct-19 05:00:00 am,1.80
27-Oct-19 09:00:00 am,1.80
27-Oct-19 01:00:00 pm,1.51
27-Oct-19 05:00:00 pm,1.00
27-Oct-19 09:00:00 pm,1.73
28-Oct-19 01:00:00 am,1.80
28-Oct-19 05:00:00 am,1.80
28-Oct-19 09:00:00 am,1.80
28-Oct-19 01:00:00 pm,1.80
28-Oct-19 05:00:00 pm,1.25
28-Oct-19 09:00:00 pm,1.32
29-Oct-19 01:00:00 am,1.80
29-Oct-19 05:00:00 am,1.80
29-Oct-19 09:00:00 am,1.80
29-Oct-19 01:00:00 pm,1.80
29-Oct-19 05:00:00 pm,1.25
29-Oct-19 09:00:00 pm,1.26
30-Oct-19 01:00:00 am,1.80
30-Oct-19 05:00:00 am,1.80
30-Oct-19 09:00:00 am,1.80
30-Oct-19 01:00:00 pm,1.80
30-Oct-19 05:00:00 pm,1.25
30-Oct-19 09:00:00 pm,1.39
31-Oct-19 01:00:00 am,1.80
31-Oct-19 05:00:00 am,1.80
31-Oct-19 09:00:00 am,1.80
31-Oct-19 01:00:00 pm,1.80
31-Oct-19 05:00:00 pm,1.31
31-Oct-19 09:00:00 pm,1.41
01-Nov-19 01:00:00 am,1.80
01-Nov-19 05:00:00 am,1.80
01-Nov-19 09:00:00 am,1.80
01-Nov-19 01:00:00 pm,1.80
01-Nov-19 05:00:00 pm,1.25
01-Nov-19 09:00:00 pm,1.20
02-Nov-19 01:00:00 am,1.80
02-Nov-19 05:00:00 am,1.80
02-Nov-19 09:00:00 am,1.80
02-Nov-19 01:00:00 pm,1.50
02-Nov-19 05:00:00 pm,1.00
02-Nov-19 09:00:00 pm,1.65
03-Nov-19 01:00:00 am,1.80
03-Nov-19 04:00:00 am,1.80
03-Nov-19 08:00:00 am,1.80
03-Nov-19 12:00:00 pm,1.56
03-Nov-19 04:00:00 pm,1.00
03-Nov-19 08:00:00 pm,1.80
04-Nov-19 12:00:00 am,1.80
04-Nov-19 04:00:00 am,1.80
04-Nov-19 08:00:00 am,1.80
04-Nov-19 12:00:00 pm,1.80
04-Nov-19 04:00:00 pm,1.45
04-Nov-19 08:00:00 pm,1.16
05-Nov-19 12:00:00 am,1.80
05-Nov-19 04:00:00 am,1.80
05-Nov-19 08:00:00 am,1.80
05-Nov-19 12:00:00 pm,1.80
05-Nov-19 04:00:00 pm,1.45
05-Nov-19 08:00:00 pm,1.10
06-Nov-19 12:00:00 am,1.80
06-Nov-19 04:00:00 am,1.80
06-Nov-19 08:00:00 am,1.80
06-Nov-19 12:00:00 pm,1.80
06-Nov-19 04:00:00 pm,1.45
06-Nov-19 08:00:00 pm,1.20
07-Nov-19 12:00:00 am,1.80
07-Nov-19 04:00:00 am,1.80
07-Nov-19 08:00:00 am,1.80
07-Nov-19 12:00:00 pm,1.80
07-Nov-19 04:00:00 pm,1.45
07-Nov-19 08:00:00 pm,1.05
08-Nov-19 12:00:00 am,1.80
08-Nov-19 04:00:00 am,1.80
08-Nov-19 08:00:00 am,1.80
08-Nov-19 12:00:00 pm,1.80
08-Nov-19 04:00:00 pm,1.45
08-Nov-19 08:00:00 pm,1.00
09-Nov-19 12:00:00 am,1.26
09-Nov-19 04:00:00 am,1.80
09-Nov-19 08:00:00 am,1.80
09-Nov-19 12:00:00 pm,1.80
09-Nov-19 04:00:00 pm,1.80
09-Nov-19 08:00:00 pm,1.80
10-Nov-19 12:00:00 am,1.80
10-Nov-19 04:00:00 am,1.80
10-Nov-19 08:00:00 am,1.80
10-Nov-19 12:00:00 pm,1.80
10-Nov-19 04:00:00 pm,1.65
10-Nov-19 08:00:00 pm,1.80
11-Nov-19 12:00:00 am,1.80
11-Nov-19 04:00:00 am,1.80
11-Nov-19 08:00:00 am,1.80
11-Nov-19 12:00:00 pm,1.80
11-Nov-19 04:00:00 pm,1.55
11-Nov-19 08:00:00 pm,1.30
12-Nov-19 12:00:00 am,1.57
12-Nov-19 04:00:00 am,1.80
12-Nov-19 08:00:00 am,1.80
12-Nov-19 12:00:00 pm,1.80
12-Nov-19 04:00:00 pm,1.45
12-Nov-19 08:00:00 pm,1.13
13-Nov-19 12:00:00 am,1.80
13-Nov-19 04:00:00 am,1.80
13-Nov-19 08:00:00 am,1.80
13-Nov-19 12:00:00 pm,1.80
13-Nov-19 04:00:00 pm,1.45
13-Nov-19 08:00:00 pm,1.15
14-Nov-19 12:00:00 am,1.80
14-Nov-19 04:00:00 am,1.80
14-Nov-19 08:00:00 am,1.80
14-Nov-19 12:00:00 pm,1.80
14-Nov-19 04:00:00 pm,1.45
14-Nov-19 08:00:00 pm,1.11
15-Nov-19 12:00:00 am,1.80
15-Nov-19 04:00:00 am,1.80
15-Nov-19 08:00:00 am,1.80
15-Nov-19 12:00:00 pm,1.80
15-Nov-19 04:00:00 pm,1.45
15-Nov-19 08:00:00 pm,1.00
16-Nov-19 12:00:00 am,1.15
16-Nov-19 04:00:00 am,1.80
16-Nov-19 08:00:00 am,1.80
16-Nov-19 12:00:00 pm,1.80
16-Nov-19 04:00:00 pm,1.80
16-Nov-19 08:00:00 pm,1.66
17-Nov-19 12:00:00 am,1.80
17-Nov-19 04:00:00 am,1.80
17-Nov-19 08:00:00 am,1.80
17-Nov-19 12:00:00 pm,1.80
17-Nov-19 04:00:00 pm,1.80
17-Nov-19 08:00:00 pm,1.80
18-Nov-19 12:00:00 am,1.80
18-Nov-19 04:00:00 am,1.80
18-Nov-19 08:00:00 am,1.80
18-Nov-19 12:00:00 pm,1.80
18-Nov-19 04:00:00 pm,1.45
18-Nov-19 08:00:00 pm,1.55
19-Nov-19 12:00:00 am,1.80
19-Nov-19 04:00:00 am,1.80
19-Nov-19 08:00:00 am,1.80
19-Nov-19 12:00:00 pm,1.80
19-Nov-19 04:00:00 pm,1.45
19-Nov-19 08:00:00 pm,1.70
20-Nov-19 12:00:00 am,1.80
20-Nov-19 04:00:00 am,1.80
20-Nov-19 08:00:00 am,1.80
20-Nov-19 12:00:00 pm,1.80
20-Nov-19 04:00:00 pm,1.45
20-Nov-19 08:00:00 pm,1.65
21-Nov-19 12:00:00 am,1.80
21-Nov-19 04:00:00 am,1.80
21-Nov-19 08:00:00 am,1.80
21-Nov-19 12:00:00 pm,1.80
21-Nov-19 04:00:00 pm,1.45
21-Nov-19 08:00:00 pm,1.65
22-Nov-19 12:00:00 am,1.65
22-Nov-19 04:00:00 am,1.80
22-Nov-19 08:00:00 am,1.80
22-Nov-19 12:00:00 pm,1.80
22-Nov-19 04:00:00 pm,1.75
22-Nov-19 08:00:00 pm,1.80
23-Nov-19 12:00:00 am,1.80
23-Nov-19 04:00:00 am,1.80
23-Nov-19 08:00:00 am,1.80
23-Nov-19 12:00:00 pm,1.80
23-Nov-19 04:00:00 pm,1.80
23-Nov-19 08:00:00 pm,1.80
24-Nov-19 12:00:00 am,1.80
24-Nov-19 04:00:00 am,1.80
24-Nov-19 08:00:00 am,1.80
24-Nov-19 12:00:00 pm,1.66
24-Nov-19 04:00:00 pm,1.80
24-Nov-19 08:00:00 pm,1.80
25-Nov-19 12:00:00 am,1.80
25-Nov-19 04:00:00 am,1.80
25-Nov-19 08:00:00 am,1.80
25-Nov-19 12:00:00 pm,1.80
25-Nov-19 04:00:00 pm,1.75
25-Nov-19 08:00:00 pm,1.80
26-Nov-19 12:00:00 am,1.80
26-Nov-19 04:00:00 am,1.80
26-Nov-19 08:00:00 am,1.80
26-Nov-19 12:00:00 pm,1.80
26-Nov-19 04:00:00 pm,1.75
26-Nov-19 08:00:00 pm,1.80
27-Nov-19 12:00:00 am,1.80
27-Nov-19 04:00:00 am,1.80
27-Nov-19 08:00:00 am,1.80
27-Nov-19 12:00:00 pm,1.80
27-Nov-19 04:00:00 pm,1.50
27-Nov-19 08:00:00 pm,1.80
28-Nov-19 12:00:00 am,1.80
28-Nov-19 04:00:00 am,1.80
28-Nov-19 08:00:00 am,1.80
28-Nov-19 12:00:00 pm,1.80
28-Nov-19 04:00:00 pm,1.50
28-Nov-19 08:00:00 pm,1.80
29-Nov-19 12:00:00 am,1.80
29-Nov-19 04:00:00 am,1.80
29-Nov-19 08:00:00 am,1.80
29-Nov-19 12:00:00 pm,1.80
29-Nov-19 04:00:00 pm,1.56
29-Nov-19 08:00:00 pm,1.80
30-Nov-19 12:00:00 am,1.80
30-Nov-19 04:00:00 am,1.80
30-Nov-19 08:00:00 am,1.80
30-Nov-19 12:00:00 pm,1.70
30-Nov-19 04:00:00 pm,1.49
30-Nov-19 08:00:00 pm,1.80
01-Dec-19 12:00:00 am,1.80
01-Dec-19 04:00:00 am,1.80
01-Dec-19 08:00:00 am,1.80
01-Dec-19 12:00:00 pm,1.80
01-Dec-19 04:00:00 pm,1.80
01-Dec-19 08:00:00 pm,1.80
02-Dec-19 12:00:00 am,1.80
02-Dec-19 04:00:00 am,1.80
02-Dec-19 08:00:00 am,1.80
02-Dec-19 12:00:00 pm,1.80
02-Dec-19 04:00:00 pm,1.45
02-Dec-19 08:00:00 pm,1.30
03-Dec-19 12:00:00 am,1.80
03-Dec-19 04:00:00 am,1.80
03-Dec-19 08:00:00 am,1.80
03-Dec-19 12:00:00 pm,1.80
03-Dec-19 04:00:00 pm,1.45
03-Dec-19 08:00:00 pm,1.13
04-Dec-19 12:00:00 am,1.80
04-Dec-19 04:00:00 am,1.80
04-Dec-19 08:00:00 am,1.80
04-Dec-19 12:00:00 pm,1.80
04-Dec-19 04:00:00 pm,1.45
04-Dec-19 08:00:00 pm,1.10
05-Dec-19 12:00:00 am,1.80
05-Dec-19 04:00:00 am,1.80
05-Dec-19 08:00:00 am,1.80
05-Dec-19 12:00:00 pm,1.80
05-Dec-19 04:00:00 pm,1.45
05-Dec-19 08:00:00 pm,1.26
06-Dec-19 12:00:00 am,1.80
06-Dec-19 04:00:00 am,1.80
06-Dec-19 08:00:00 am,1.80
06-Dec-19 12:00:00 pm,1.80
06-Dec-19 04:00:00 pm,1.45
06-Dec-19 08:00:00 pm,1.00
07-Dec-19 12:00:00 am,1.39
07-Dec-19 04:00:00 am,1.80
07-Dec-19 08:00:00 am,1.80
07-Dec-19 12:00:00 pm,1.80
07-Dec-19 04:00:00 pm,1.74
07-Dec-19 08:00:00 pm,1.74
08-Dec-19 12:00:00 am,1.80
08-Dec-19 04:00:00 am,1.80
08-Dec-19 08:00:00 am,1.65
08-Dec-19 12:00:00 pm,1.80
08-Dec-19 04:00:00 pm,1.80
08-Dec-19 08:00:00 pm,1.80
09-Dec-19 12:00:00 am,1.80
09-Dec-19 04:00:00 am,1.80
09-Dec-19 08:00:00 am,1.80
09-Dec-19 12:00:00 pm,1.80
09-Dec-19 04:00:00 pm,1.63
09-Dec-19 08:00:00 pm,1.66
10-Dec-19 12:00:00 am,1.80
10-Dec-19 04:00:00 am,1.80
10-Dec-19 08:00:00 am,1.80
10-Dec-19 12:00:00 pm,1.80
10-Dec-19 04:00:00 pm,1.75
10-Dec-19 08:00:00 pm,1.65
11-Dec-19 12:00:00 am,1.80
11-Dec-19 04:00:00 am,1.80
11-Dec-19 08:00:00 am,1.80
11-Dec-19 12:00:00 pm,1.80
11-Dec-19 04:00:00 pm,1.56
11-Dec-19 08:00:00 pm,1.54
12-Dec-19 12:00:00 am,1.80
12-Dec-19 04:00:00 am,1.80
12-Dec-19 08:00:00 am,1.80
12-Dec-19 12:00:00 pm,1.80
12-Dec-19 04:00:00 pm,1.60
12-Dec-19 08:00:00 pm,1.67
13-Dec-19 12:00:00 am,1.80
13-Dec-19 04:00:00 am,1.80
13-Dec-19 08:00:00 am,1.80
13-Dec-19 12:00:00 pm,1.80
13-Dec-19 04:00:00 pm,1.45
13-Dec-19 08:00:00 pm,1.60
14-Dec-19 12:00:00 am,1.80
14-Dec-19 04:00:00 am,1.80
14-Dec-19 08:00:00 am,1.80
14-Dec-19 12:00:00 pm,1.80
14-Dec-19 04:00:00 pm,1.65
14-Dec-19 08:00:00 pm,1.80
15-Dec-19 12:00:00 am,1.80
15-Dec-19 04:00:00 am,1.80
15-Dec-19 08:00:00 am,1.80
15-Dec-19 12:00:00 pm,1.80
15-Dec-19 04:00:00 pm,1.66
15-Dec-19 08:00:00 pm,1.80
16-Dec-19 12:00:00 am,1.80
16-Dec-19 04:00:00 am,1.80
16-Dec-19 08:00:00 am,1.80
16-Dec-19 12:00:00 pm,1.80
16-Dec-19 04:00:00 pm,1.45
16-Dec-19 08:00:00 pm,1.68
17-Dec-19 12:00:00 am,1.80
17-Dec-19 04:00:00 am,1.80
17-Dec-19 08:00:00 am,1.80
17-Dec-19 12:00:00 pm,1.80
17-Dec-19 04:00:00 pm,1.47
17-Dec-19 08:00:00 pm,1.67
18-Dec-19 12:00:00 am,1.80
18-Dec-19 04:00:00 am,1.80
18-Dec-19 08:00:00 am,1.80
18-Dec-19 12:00:00 pm,1.80
18-Dec-19 04:00:00 pm,1.55
18-Dec-19 08:00:00 pm,1.68
19-Dec-19 12:00:00 am,1.80
19-Dec-19 04:00:00 am,1.80
19-Dec-19 08:00:00 am,1.80
19-Dec-19 12:00:00 pm,1.80
19-Dec-19 04:00:00 pm,1.65
19-Dec-19 08:00:00 pm,1.65
20-Dec-19 12:00:00 am,1.80
20-Dec-19 04:00:00 am,1.80
20-Dec-19 08:00:00 am,1.80
20-Dec-19 12:00:00 pm,1.80
20-Dec-19 04:00:00 pm,1.45
20-Dec-19 08:00:00 pm,1.60
21-Dec-19 12:00:00 am,1.80
21-Dec-19 04:00:00 am,1.80
21-Dec-19 08:00:00 am,1.80
21-Dec-19 12:00:00 pm,1.80
21-Dec-19 04:00:00 pm,1.80
21-Dec-19 08:00:00 pm,1.80
22-Dec-19 12:00:00 am,1.80
22-Dec-19 04:00:00 am,1.80
22-Dec-19 08:00:00 am,1.80
22-Dec-19 12:00:00 pm,1.67
22-Dec-19 04:00:00 pm,1.80
22-Dec-19 08:00:00 pm,1.80
23-Dec-19 12:00:00 am,1.80
23-Dec-19 04:00:00 am,1.80
23-Dec-19 08:00:00 am,1.80
23-Dec-19 12:00:00 pm,1.80
23-Dec-19 04:00:00 pm,1.59
23-Dec-19 08:00:00 pm,1.67
24-Dec-19 12:00:00 am,1.80
24-Dec-19 04:00:00 am,1.80
24-Dec-19 08:00:00 am,1.80
24-Dec-19 12:00:00 pm,1.80
24-Dec-19 04:00:00 pm,1.75
24-Dec-19 08:00:00 pm,1.80
25-Dec-19 12:00:00 am,1.80
25-Dec-19 04:00:00 am,1.80
25-Dec-19 08:00:00 am,1.80
25-Dec-19 12:00:00 pm,1.80
25-Dec-19 04:00:00 pm,1.75
25-Dec-19 08:00:00 pm,1.80
26-Dec-19 12:00:00 am,1.80
26-Dec-19 04:00:00 am,1.80
26-Dec-19 08:00:00 am,1.80
26-Dec-19 12:00:00 pm,1.80
26-Dec-19 04:00:00 pm,1.75
26-Dec-19 08:00:00 pm,1.68
27-Dec-19 12:00:00 am,1.80
27-Dec-19 04:00:00 am,1.80
27-Dec-19 08:00:00 am,1.80
27-Dec-19 12:00:00 pm,1.80
27-Dec-19 04:00:00 pm,1.75
27-Dec-19 08:00:00 pm,1.80
28-Dec-19 12:00:00 am,1.80
28-Dec-19 04:00:00 am,1.80
28-Dec-19 08:00:00 am,1.80
28-Dec-19 12:00:00 pm,1.80
28-Dec-19 04:00:00 pm,1.66
28-Dec-19 08:00:00 pm,1.80
29-Dec-19 12:00:00 am,1.80
29-Dec-19 04:00:00 am,1.80
29-Dec-19 08:00:00 am,1.80
29-Dec-19 12:00:00 pm,1.63
29-Dec-19 04:00:00 pm,1.36
29-Dec-19 08:00:00 pm,1.80
30-Dec-19 12:00:00 am,1.80
30-Dec-19 04:00:00 am,1.80
30-Dec-19 08:00:00 am,1.80
30-Dec-19 12:00:00 pm,1.80
30-Dec-19 04:00:00 pm,1.45
30-Dec-19 08:00:00 pm,1.46
31-Dec-19 12:00:00 am,1.80
31-Dec-19 04:00:00 am,1.80
31-Dec-19 08:00:00 am,1.80
31-Dec-19 12:00:00 pm,1.80
31-Dec-19 04:00:00 pm,1.45
31-Dec-19 08:00:00 pm,1.55