Timestamp,RTU_1 EconCapacity(%)
01-Jan-19 12:00:00 am,0
01-Jan-19 04:00:00 am,15
01-Jan-19 08:00:00 am,76
01-Jan-19 12:00:00 pm,80
01-Jan-19 04:00:00 pm,42
01-Jan-19 08:00:00 pm,0
02-Jan-19 12:00:00 am,3
02-Jan-19 04:00:00 am,15
02-Jan-19 08:00:00 am,42
02-Jan-19 12:00:00 pm,28
02-Jan-19 04:00:00 pm,27
02-Jan-19 08:00:00 pm,3
03-Jan-19 12:00:00 am,0
03-Jan-19 04:00:00 am,17
03-Jan-19 08:00:00 am,67
03-Jan-19 12:00:00 pm,67
03-Jan-19 04:00:00 pm,42
03-Jan-19 08:00:00 pm,3
04-Jan-19 12:00:00 am,0
04-Jan-19 04:00:00 am,28
04-Jan-19 08:00:00 am,63
04-Jan-19 12:00:00 pm,69
04-Jan-19 04:00:00 pm,36
04-Jan-19 08:00:00 pm,0
05-Jan-19 12:00:00 am,0
05-Jan-19 04:00:00 am,0
05-Jan-19 08:00:00 am,0
05-Jan-19 12:00:00 pm,0
05-Jan-19 04:00:00 pm,0
05-Jan-19 08:00:00 pm,0
06-Jan-19 12:00:00 am,0
06-Jan-19 04:00:00 am,0
06-Jan-19 08:00:00 am,0
06-Jan-19 12:00:00 pm,0
06-Jan-19 04:00:00 pm,3
06-Jan-19 08:00:00 pm,0
07-Jan-19 12:00:00 am,0
07-Jan-19 04:00:00 am,8
07-Jan-19 08:00:00 am,50
07-Jan-19 12:00:00 pm,49
07-Jan-19 04:00:00 pm,41
07-Jan-19 08:00:00 pm,1
08-Jan-19 12:00:00 am,0
08-Jan-19 04:00:00 am,23
08-Jan-19 08:00:00 am,51
08-Jan-19 12:00:00 pm,59
08-Jan-19 04:00:00 pm,33
08-Jan-19 08:00:00 pm,3
09-Jan-19 12:00:00 am,0
09-Jan-19 04:00:00 am,25
09-Jan-19 08:00:00 am,58
09-Jan-19 12:00:00 pm,65
09-Jan-19 04:00:00 pm,36
09-Jan-19 08:00:00 pm,3
10-Jan-19 12:00:00 am,0
10-Jan-19 04:00:00 am,29
10-Jan-19 08:00:00 am,63
10-Jan-19 12:00:00 pm,79
10-Jan-19 04:00:00 pm,49
10-Jan-19 08:00:00 pm,3
11-Jan-19 12:00:00 am,0
11-Jan-19 04:00:00 am,26
11-Jan-19 08:00:00 am,56
11-Jan-19 12:00:00 pm,75
11-Jan-19 04:00:00 pm,48
11-Jan-19 08:00:00 pm,0
12-Jan-19 12:00:00 am,0
12-Jan-19 04:00:00 am,3
12-Jan-19 08:00:00 am,0
12-Jan-19 12:00:00 pm,0
12-Jan-19 04:00:00 pm,0
12-Jan-19 08:00:00 pm,0
13-Jan-19 12:00:00 am,0
13-Jan-19 04:00:00 am,0
13-Jan-19 08:00:00 am,0
13-Jan-19 12:00:00 pm,5
13-Jan-19 04:00:00 pm,3
13-Jan-19 08:00:00 pm,0
14-Jan-19 12:00:00 am,0
14-Jan-19 04:00:00 am,5
14-Jan-19 08:00:00 am,36
14-Jan-19 12:00:00 pm,91
14-Jan-19 04:00:00 pm,47
14-Jan-19 08:00:00 pm,1
15-Jan-19 12:00:00 am,0
15-Jan-19 04:00:00 am,11
15-Jan-19 08:00:00 am,43
15-Jan-19 12:00:00 pm,59
15-Jan-19 04:00:00 pm,30
15-Jan-19 08:00:00 pm,1
16-Jan-19 12:00:00 am,0
16-Jan-19 04:00:00 am,9
16-Jan-19 08:00:00 am,39
16-Jan-19 12:00:00 pm,83
16-Jan-19 04:00:00 pm,55
16-Jan-19 08:00:00 pm,3
17-Jan-19 12:00:00 am,0
17-Jan-19 04:00:00 am,28
17-Jan-19 08:00:00 am,64
17-Jan-19 12:00:00 pm,96
17-Jan-19 04:00:00 pm,55
17-Jan-19 08:00:00 pm,3
18-Jan-19 12:00:00 am,0
18-Jan-19 04:00:00 am,28
18-Jan-19 08:00:00 am,64
18-Jan-19 12:00:00 pm,71
18-Jan-19 04:00:00 pm,49
18-Jan-19 08:00:00 pm,0
19-Jan-19 12:00:00 am,0
19-Jan-19 04:00:00 am,0
19-Jan-19 08:00:00 am,1
19-Jan-19 12:00:00 pm,0
19-Jan-19 04:00:00 pm,0
19-Jan-19 08:00:00 pm,0
20-Jan-19 12:00:00 am,0
20-Jan-19 04:00:00 am,0
20-Jan-19 08:00:00 am,0
20-Jan-19 12:00:00 pm,0
20-Jan-19 04:00:00 pm,0
20-Jan-19 08:00:00 pm,0
21-Jan-19 12:00:00 am,0
21-Jan-19 04:00:00 am,17
21-Jan-19 08:00:00 am,47
21-Jan-19 12:00:00 pm,62
21-Jan-19 04:00:00 pm,33
21-Jan-19 08:00:00 pm,0
22-Jan-19 12:00:00 am,0
22-Jan-19 04:00:00 am,11
22-Jan-19 08:00:00 am,52
22-Jan-19 12:00:00 pm,69
22-Jan-19 04:00:00 pm,46
22-Jan-19 08:00:00 pm,3
23-Jan-19 12:00:00 am,0
23-Jan-19 04:00:00 am,29
23-Jan-19 08:00:00 am,65
23-Jan-19 12:00:00 pm,61
23-Jan-19 04:00:00 pm,42
23-Jan-19 08:00:00 pm,0
24-Jan-19 12:00:00 am,0
24-Jan-19 04:00:00 am,28
24-Jan-19 08:00:00 am,55
24-Jan-19 12:00:00 pm,65
24-Jan-19 04:00:00 pm,45
24-Jan-19 08:00:00 pm,1
25-Jan-19 12:00:00 am,0
25-Jan-19 04:00:00 am,27
25-Jan-19 08:00:00 am,68
25-Jan-19 12:00:00 pm,69
25-Jan-19 04:00:00 pm,46
25-Jan-19 08:00:00 pm,3
26-Jan-19 12:00:00 am,0
26-Jan-19 04:00:00 am,0
26-Jan-19 08:00:00 am,0
26-Jan-19 12:00:00 pm,3
26-Jan-19 04:00:00 pm,0
26-Jan-19 08:00:00 pm,0
27-Jan-19 12:00:00 am,0
27-Jan-19 04:00:00 am,1
27-Jan-19 08:00:00 am,1
27-Jan-19 12:00:00 pm,0
27-Jan-19 04:00:00 pm,0
27-Jan-19 08:00:00 pm,0
28-Jan-19 12:00:00 am,0
28-Jan-19 04:00:00 am,0
28-Jan-19 08:00:00 am,36
28-Jan-19 12:00:00 pm,84
28-Jan-19 04:00:00 pm,45
28-Jan-19 08:00:00 pm,3
29-Jan-19 12:00:00 am,0
29-Jan-19 04:00:00 am,1
29-Jan-19 08:00:00 am,45
29-Jan-19 12:00:00 pm,96
29-Jan-19 04:00:00 pm,51
29-Jan-19 08:00:00 pm,1
30-Jan-19 12:00:00 am,0
30-Jan-19 04:00:00 am,9
30-Jan-19 08:00:00 am,25
30-Jan-19 12:00:00 pm,55
30-Jan-19 04:00:00 pm,32
30-Jan-19 08:00:00 pm,3
31-Jan-19 12:00:00 am,0
31-Jan-19 04:00:00 am,24
31-Jan-19 08:00:00 am,55
31-Jan-19 12:00:00 pm,75
31-Jan-19 04:00:00 pm,43
31-Jan-19 08:00:00 pm,6
01-Feb-19 12:00:00 am,0
01-Feb-19 04:00:00 am,27
01-Feb-19 08:00:00 am,62
01-Feb-19 12:00:00 pm,82
01-Feb-19 04:00:00 pm,50
01-Feb-19 08:00:00 pm,0
02-Feb-19 12:00:00 am,0
02-Feb-19 04:00:00 am,0
02-Feb-19 08:00:00 am,0
02-Feb-19 12:00:00 pm,0
02-Feb-19 04:00:00 pm,0
02-Feb-19 08:00:00 pm,0
03-Feb-19 12:00:00 am,0
03-Feb-19 04:00:00 am,0
03-Feb-19 08:00:00 am,0
03-Feb-19 12:00:00 pm,0
03-Feb-19 04:00:00 pm,1
03-Feb-19 08:00:00 pm,0
04-Feb-19 12:00:00 am,0
04-Feb-19 04:00:00 am,9
04-Feb-19 08:00:00 am,20
04-Feb-19 12:00:00 pm,42
04-Feb-19 04:00:00 pm,40
04-Feb-19 08:00:00 pm,0
05-Feb-19 12:00:00 am,0
05-Feb-19 04:00:00 am,9
05-Feb-19 08:00:00 am,22
05-Feb-19 12:00:00 pm,50
05-Feb-19 04:00:00 pm,40
05-Feb-19 08:00:00 pm,1
06-Feb-19 12:00:00 am,0
06-Feb-19 04:00:00 am,9
06-Feb-19 08:00:00 am,42
06-Feb-19 12:00:00 pm,70
06-Feb-19 04:00:00 pm,41
06-Feb-19 08:00:00 pm,3
07-Feb-19 12:00:00 am,0
07-Feb-19 04:00:00 am,9
07-Feb-19 08:00:00 am,33
07-Feb-19 12:00:00 pm,52
07-Feb-19 04:00:00 pm,29
07-Feb-19 08:00:00 pm,1
08-Feb-19 12:00:00 am,2
08-Feb-19 04:00:00 am,13
08-Feb-19 08:00:00 am,46
08-Feb-19 12:00:00 pm,59
08-Feb-19 04:00:00 pm,40
08-Feb-19 08:00:00 pm,0
09-Feb-19 12:00:00 am,0
09-Feb-19 04:00:00 am,0
09-Feb-19 08:00:00 am,0
09-Feb-19 12:00:00 pm,0
09-Feb-19 04:00:00 pm,0
09-Feb-19 08:00:00 pm,0
10-Feb-19 12:00:00 am,0
10-Feb-19 04:00:00 am,0
10-Feb-19 08:00:00 am,0
10-Feb-19 12:00:00 pm,0
10-Feb-19 04:00:00 pm,0
10-Feb-19 08:00:00 pm,1
11-Feb-19 12:00:00 am,0
11-Feb-19 04:00:00 am,0
11-Feb-19 08:00:00 am,20
11-Feb-19 12:00:00 pm,52
11-Feb-19 04:00:00 pm,22
11-Feb-19 08:00:00 pm,3
12-Feb-19 12:00:00 am,0
12-Feb-19 04:00:00 am,11
12-Feb-19 08:00:00 am,67
12-Feb-19 12:00:00 pm,74
12-Feb-19 04:00:00 pm,43
12-Feb-19 08:00:00 pm,3
13-Feb-19 12:00:00 am,0
13-Feb-19 04:00:00 am,2
13-Feb-19 08:00:00 am,62
13-Feb-19 12:00:00 pm,43
13-Feb-19 04:00:00 pm,24
13-Feb-19 08:00:00 pm,0
14-Feb-19 12:00:00 am,0
14-Feb-19 04:00:00 am,13
14-Feb-19 08:00:00 am,46
14-Feb-19 12:00:00 pm,47
14-Feb-19 04:00:00 pm,22
14-Feb-19 08:00:00 pm,3
15-Feb-19 12:00:00 am,3
15-Feb-19 04:00:00 am,7
15-Feb-19 08:00:00 am,56
15-Feb-19 12:00:00 pm,58
15-Feb-19 04:00:00 pm,46
15-Feb-19 08:00:00 pm,0
16-Feb-19 12:00:00 am,0
16-Feb-19 04:00:00 am,0
16-Feb-19 08:00:00 am,0
16-Feb-19 12:00:00 pm,0
16-Feb-19 04:00:00 pm,0
16-Feb-19 08:00:00 pm,0
17-Feb-19 12:00:00 am,0
17-Feb-19 04:00:00 am,1
17-Feb-19 08:00:00 am,0
17-Feb-19 12:00:00 pm,0
17-Feb-19 04:00:00 pm,2
17-Feb-19 08:00:00 pm,0
18-Feb-19 12:00:00 am,0
18-Feb-19 04:00:00 am,0
18-Feb-19 08:00:00 am,15
18-Feb-19 12:00:00 pm,53
18-Feb-19 04:00:00 pm,32
18-Feb-19 08:00:00 pm,3
19-Feb-19 12:00:00 am,0
19-Feb-19 04:00:00 am,0
19-Feb-19 08:00:00 am,44
19-Feb-19 12:00:00 pm,50
19-Feb-19 04:00:00 pm,36
19-Feb-19 08:00:00 pm,3
20-Feb-19 12:00:00 am,0
20-Feb-19 04:00:00 am,13
20-Feb-19 08:00:00 am,48
20-Feb-19 12:00:00 pm,49
20-Feb-19 04:00:00 pm,39
20-Feb-19 08:00:00 pm,1
21-Feb-19 12:00:00 am,0
21-Feb-19 04:00:00 am,9
21-Feb-19 08:00:00 am,33
21-Feb-19 12:00:00 pm,81
21-Feb-19 04:00:00 pm,44
21-Feb-19 08:00:00 pm,1
22-Feb-19 12:00:00 am,0
22-Feb-19 04:00:00 am,19
22-Feb-19 08:00:00 am,74
22-Feb-19 12:00:00 pm,58
22-Feb-19 04:00:00 pm,32
22-Feb-19 08:00:00 pm,0
23-Feb-19 12:00:00 am,0
23-Feb-19 04:00:00 am,0
23-Feb-19 08:00:00 am,0
23-Feb-19 12:00:00 pm,0
23-Feb-19 04:00:00 pm,0
23-Feb-19 08:00:00 pm,0
24-Feb-19 12:00:00 am,0
24-Feb-19 04:00:00 am,0
24-Feb-19 08:00:00 am,0
24-Feb-19 12:00:00 pm,0
24-Feb-19 04:00:00 pm,0
24-Feb-19 08:00:00 pm,1
25-Feb-19 12:00:00 am,0
25-Feb-19 04:00:00 am,10
25-Feb-19 08:00:00 am,48
25-Feb-19 12:00:00 pm,73
25-Feb-19 04:00:00 pm,42
25-Feb-19 08:00:00 pm,1
26-Feb-19 12:00:00 am,0
26-Feb-19 04:00:00 am,4
26-Feb-19 08:00:00 am,26
26-Feb-19 12:00:00 pm,76
26-Feb-19 04:00:00 pm,42
26-Feb-19 08:00:00 pm,3
27-Feb-19 12:00:00 am,0
27-Feb-19 04:00:00 am,10
27-Feb-19 08:00:00 am,48
27-Feb-19 12:00:00 pm,61
27-Feb-19 04:00:00 pm,34
27-Feb-19 08:00:00 pm,1
28-Feb-19 12:00:00 am,0
28-Feb-19 04:00:00 am,9
28-Feb-19 08:00:00 am,44
28-Feb-19 12:00:00 pm,85
28-Feb-19 04:00:00 pm,47
28-Feb-19 08:00:00 pm,0
01-Mar-19 12:00:00 am,0
01-Mar-19 04:00:00 am,14
01-Mar-19 08:00:00 am,52
01-Mar-19 12:00:00 pm,90
01-Mar-19 04:00:00 pm,46
01-Mar-19 08:00:00 pm,0
02-Mar-19 12:00:00 am,0
02-Mar-19 04:00:00 am,0
02-Mar-19 08:00:00 am,0
02-Mar-19 12:00:00 pm,0
02-Mar-19 04:00:00 pm,0
02-Mar-19 08:00:00 pm,9
03-Mar-19 12:00:00 am,0
03-Mar-19 04:00:00 am,0
03-Mar-19 08:00:00 am,0
03-Mar-19 12:00:00 pm,0
03-Mar-19 04:00:00 pm,0
03-Mar-19 08:00:00 pm,0
04-Mar-19 12:00:00 am,0
04-Mar-19 04:00:00 am,28
04-Mar-19 08:00:00 am,67
04-Mar-19 12:00:00 pm,79
04-Mar-19 04:00:00 pm,38
04-Mar-19 08:00:00 pm,1
05-Mar-19 12:00:00 am,0
05-Mar-19 04:00:00 am,9
05-Mar-19 08:00:00 am,51
05-Mar-19 12:00:00 pm,85
05-Mar-19 04:00:00 pm,45
05-Mar-19 08:00:00 pm,1
06-Mar-19 12:00:00 am,0
06-Mar-19 04:00:00 am,11
06-Mar-19 08:00:00 am,33
06-Mar-19 12:00:00 pm,56
06-Mar-19 04:00:00 pm,17
06-Mar-19 08:00:00 pm,3
07-Mar-19 12:00:00 am,0
07-Mar-19 04:00:00 am,1
07-Mar-19 08:00:00 am,30
07-Mar-19 12:00:00 pm,71
07-Mar-19 04:00:00 pm,44
07-Mar-19 08:00:00 pm,1
08-Mar-19 12:00:00 am,0
08-Mar-19 04:00:00 am,9
08-Mar-19 08:00:00 am,25
08-Mar-19 12:00:00 pm,31
08-Mar-19 04:00:00 pm,29
08-Mar-19 08:00:00 pm,1
09-Mar-19 12:00:00 am,0
09-Mar-19 04:00:00 am,0
09-Mar-19 08:00:00 am,0
09-Mar-19 12:00:00 pm,6
09-Mar-19 04:00:00 pm,0
09-Mar-19 08:00:00 pm,0
10-Mar-19 12:00:00 am,0
10-Mar-19 05:00:00 am,0
10-Mar-19 09:00:00 am,0
10-Mar-19 01:00:00 pm,0
10-Mar-19 05:00:00 pm,0
10-Mar-19 09:00:00 pm,0
11-Mar-19 01:00:00 am,0
11-Mar-19 05:00:00 am,14
11-Mar-19 09:00:00 am,72
11-Mar-19 01:00:00 pm,80
11-Mar-19 05:00:00 pm,23
11-Mar-19 09:00:00 pm,3
12-Mar-19 01:00:00 am,0
12-Mar-19 05:00:00 am,44
12-Mar-19 09:00:00 am,49
12-Mar-19 01:00:00 pm,66
12-Mar-19 05:00:00 pm,31
12-Mar-19 09:00:00 pm,3
13-Mar-19 01:00:00 am,0
13-Mar-19 05:00:00 am,43
13-Mar-19 09:00:00 am,54
13-Mar-19 01:00:00 pm,91
13-Mar-19 05:00:00 pm,20
13-Mar-19 09:00:00 pm,1
14-Mar-19 01:00:00 am,0
14-Mar-19 05:00:00 am,37
14-Mar-19 09:00:00 am,78
14-Mar-19 01:00:00 pm,100
14-Mar-19 05:00:00 pm,31
14-Mar-19 09:00:00 pm,2
15-Mar-19 01:00:00 am,0
15-Mar-19 05:00:00 am,47
15-Mar-19 09:00:00 am,89
15-Mar-19 01:00:00 pm,100
15-Mar-19 05:00:00 pm,31
15-Mar-19 09:00:00 pm,0
16-Mar-19 01:00:00 am,0
16-Mar-19 05:00:00 am,0
16-Mar-19 09:00:00 am,3
16-Mar-19 01:00:00 pm,0
16-Mar-19 05:00:00 pm,6
16-Mar-19 09:00:00 pm,0
17-Mar-19 01:00:00 am,0
17-Mar-19 05:00:00 am,0
17-Mar-19 09:00:00 am,0
17-Mar-19 01:00:00 pm,0
17-Mar-19 05:00:00 pm,1
17-Mar-19 09:00:00 pm,0
18-Mar-19 01:00:00 am,3
18-Mar-19 05:00:00 am,43
18-Mar-19 09:00:00 am,81
18-Mar-19 01:00:00 pm,32
18-Mar-19 05:00:00 pm,10
18-Mar-19 09:00:00 pm,7
19-Mar-19 01:00:00 am,0
19-Mar-19 05:00:00 am,53
19-Mar-19 09:00:00 am,51
19-Mar-19 01:00:00 pm,39
19-Mar-19 05:00:00 pm,12
19-Mar-19 09:00:00 pm,6
20-Mar-19 01:00:00 am,0
20-Mar-19 05:00:00 am,47
20-Mar-19 09:00:00 am,71
20-Mar-19 01:00:00 pm,40
20-Mar-19 05:00:00 pm,14
20-Mar-19 09:00:00 pm,11
21-Mar-19 01:00:00 am,0
21-Mar-19 05:00:00 am,49
21-Mar-19 09:00:00 am,87
21-Mar-19 01:00:00 pm,100
21-Mar-19 05:00:00 pm,34
21-Mar-19 09:00:00 pm,0
22-Mar-19 01:00:00 am,0
22-Mar-19 05:00:00 am,47
22-Mar-19 09:00:00 am,84
22-Mar-19 01:00:00 pm,100
22-Mar-19 05:00:00 pm,31
22-Mar-19 09:00:00 pm,0
23-Mar-19 01:00:00 am,0
23-Mar-19 05:00:00 am,0
23-Mar-19 09:00:00 am,1
23-Mar-19 01:00:00 pm,0
23-Mar-19 05:00:00 pm,0
23-Mar-19 09:00:00 pm,0
24-Mar-19 01:00:00 am,0
24-Mar-19 05:00:00 am,0
24-Mar-19 09:00:00 am,0
24-Mar-19 01:00:00 pm,6
24-Mar-19 05:00:00 pm,2
24-Mar-19 09:00:00 pm,0
25-Mar-19 01:00:00 am,0
25-Mar-19 05:00:00 am,45
25-Mar-19 09:00:00 am,75
25-Mar-19 01:00:00 pm,93
25-Mar-19 05:00:00 pm,23
25-Mar-19 09:00:00 pm,8
26-Mar-19 01:00:00 am,0
26-Mar-19 05:00:00 am,46
26-Mar-19 09:00:00 am,71
26-Mar-19 01:00:00 pm,100
26-Mar-19 05:00:00 pm,31
26-Mar-19 09:00:00 pm,3
27-Mar-19 01:00:00 am,0
27-Mar-19 05:00:00 am,45
27-Mar-19 09:00:00 am,74
27-Mar-19 01:00:00 pm,87
27-Mar-19 05:00:00 pm,31
27-Mar-19 09:00:00 pm,1
28-Mar-19 01:00:00 am,0
28-Mar-19 05:00:00 am,49
28-Mar-19 09:00:00 am,77
28-Mar-19 01:00:00 pm,100
28-Mar-19 05:00:00 pm,39
28-Mar-19 09:00:00 pm,0
29-Mar-19 01:00:00 am,0
29-Mar-19 05:00:00 am,43
29-Mar-19 09:00:00 am,77
29-Mar-19 01:00:00 pm,100
29-Mar-19 05:00:00 pm,31
29-Mar-19 09:00:00 pm,0
30-Mar-19 01:00:00 am,0
30-Mar-19 05:00:00 am,0
30-Mar-19 09:00:00 am,0
30-Mar-19 01:00:00 pm,0
30-Mar-19 05:00:00 pm,0
30-Mar-19 09:00:00 pm,0
31-Mar-19 01:00:00 am,0
31-Mar-19 05:00:00 am,0
31-Mar-19 09:00:00 am,0
31-Mar-19 01:00:00 pm,0
31-Mar-19 05:00:00 pm,3
31-Mar-19 09:00:00 pm,0
01-Apr-19 01:00:00 am,0
01-Apr-19 05:00:00 am,38
01-Apr-19 09:00:00 am,83
01-Apr-19 01:00:00 pm,91
01-Apr-19 05:00:00 pm,29
01-Apr-19 09:00:00 pm,0
02-Apr-19 01:00:00 am,0
02-Apr-19 05:00:00 am,47
02-Apr-19 09:00:00 am,88
02-Apr-19 01:00:00 pm,72
02-Apr-19 05:00:00 pm,38
02-Apr-19 09:00:00 pm,0
03-Apr-19 01:00:00 am,0
03-Apr-19 05:00:00 am,52
03-Apr-19 09:00:00 am,87
03-Apr-19 01:00:00 pm,100
03-Apr-19 05:00:00 pm,35
03-Apr-19 09:00:00 pm,0
04-Apr-19 01:00:00 am,0
04-Apr-19 05:00:00 am,37
04-Apr-19 09:00:00 am,79
04-Apr-19 01:00:00 pm,100
04-Apr-19 05:00:00 pm,31
04-Apr-19 09:00:00 pm,0
05-Apr-19 01:00:00 am,0
05-Apr-19 05:00:00 am,47
05-Apr-19 09:00:00 am,49
05-Apr-19 01:00:00 pm,81
05-Apr-19 05:00:00 pm,29
05-Apr-19 09:00:00 pm,0
06-Apr-19 01:00:00 am,0
06-Apr-19 05:00:00 am,3
06-Apr-19 09:00:00 am,0
06-Apr-19 01:00:00 pm,0
06-Apr-19 05:00:00 pm,0
06-Apr-19 09:00:00 pm,0
07-Apr-19 01:00:00 am,0
07-Apr-19 05:00:00 am,0
07-Apr-19 09:00:00 am,7
07-Apr-19 01:00:00 pm,11
07-Apr-19 05:00:00 pm,0
07-Apr-19 09:00:00 pm,0
08-Apr-19 01:00:00 am,0
08-Apr-19 05:00:00 am,43
08-Apr-19 09:00:00 am,70
08-Apr-19 01:00:00 pm,32
08-Apr-19 05:00:00 pm,11
08-Apr-19 09:00:00 pm,0
09-Apr-19 01:00:00 am,0
09-Apr-19 05:00:00 am,46
09-Apr-19 09:00:00 am,78
09-Apr-19 01:00:00 pm,100
09-Apr-19 05:00:00 pm,31
09-Apr-19 09:00:00 pm,0
10-Apr-19 01:00:00 am,0
10-Apr-19 05:00:00 am,47
10-Apr-19 09:00:00 am,64
10-Apr-19 01:00:00 pm,72
10-Apr-19 05:00:00 pm,28
10-Apr-19 09:00:00 pm,0
11-Apr-19 01:00:00 am,0
11-Apr-19 05:00:00 am,41
11-Apr-19 09:00:00 am,64
11-Apr-19 01:00:00 pm,91
11-Apr-19 05:00:00 pm,33
11-Apr-19 09:00:00 pm,4
12-Apr-19 01:00:00 am,0
12-Apr-19 05:00:00 am,45
12-Apr-19 09:00:00 am,70
12-Apr-19 01:00:00 pm,98
12-Apr-19 05:00:00 pm,31
12-Apr-19 09:00:00 pm,0
13-Apr-19 01:00:00 am,0
13-Apr-19 05:00:00 am,0
13-Apr-19 09:00:00 am,3
13-Apr-19 01:00:00 pm,0
13-Apr-19 05:00:00 pm,0
13-Apr-19 09:00:00 pm,0
14-Apr-19 01:00:00 am,0
14-Apr-19 05:00:00 am,0
14-Apr-19 09:00:00 am,0
14-Apr-19 01:00:00 pm,0
14-Apr-19 05:00:00 pm,0
14-Apr-19 09:00:00 pm,0
15-Apr-19 01:00:00 am,0
15-Apr-19 05:00:00 am,35
15-Apr-19 09:00:00 am,72
15-Apr-19 01:00:00 pm,97
15-Apr-19 05:00:00 pm,33
15-Apr-19 09:00:00 pm,6
16-Apr-19 01:00:00 am,0
16-Apr-19 05:00:00 am,42
16-Apr-19 09:00:00 am,73
16-Apr-19 01:00:00 pm,90
16-Apr-19 05:00:00 pm,30
16-Apr-19 09:00:00 pm,4
17-Apr-19 01:00:00 am,0
17-Apr-19 05:00:00 am,50
17-Apr-19 09:00:00 am,76
17-Apr-19 01:00:00 pm,61
17-Apr-19 05:00:00 pm,34
17-Apr-19 09:00:00 pm,3
18-Apr-19 01:00:00 am,0
18-Apr-19 05:00:00 am,49
18-Apr-19 09:00:00 am,50
18-Apr-19 01:00:00 pm,20
18-Apr-19 05:00:00 pm,6
18-Apr-19 09:00:00 pm,3
19-Apr-19 01:00:00 am,0
19-Apr-19 05:00:00 am,14
19-Apr-19 09:00:00 am,20
19-Apr-19 01:00:00 pm,65
19-Apr-19 05:00:00 pm,31
19-Apr-19 09:00:00 pm,0
20-Apr-19 01:00:00 am,0
20-Apr-19 05:00:00 am,0
20-Apr-19 09:00:00 am,0
20-Apr-19 01:00:00 pm,0
20-Apr-19 05:00:00 pm,0
20-Apr-19 09:00:00 pm,0
21-Apr-19 01:00:00 am,0
21-Apr-19 05:00:00 am,0
21-Apr-19 09:00:00 am,0
21-Apr-19 01:00:00 pm,0
21-Apr-19 05:00:00 pm,0
21-Apr-19 09:00:00 pm,0
22-Apr-19 01:00:00 am,0
22-Apr-19 05:00:00 am,41
22-Apr-19 09:00:00 am,80
22-Apr-19 01:00:00 pm,91
22-Apr-19 05:00:00 pm,27
22-Apr-19 09:00:00 pm,3
23-Apr-19 01:00:00 am,0
23-Apr-19 05:00:00 am,49
23-Apr-19 09:00:00 am,51
23-Apr-19 01:00:00 pm,40
23-Apr-19 05:00:00 pm,31
23-Apr-19 09:00:00 pm,1
24-Apr-19 01:00:00 am,0
24-Apr-19 05:00:00 am,43
24-Apr-19 09:00:00 am,73
24-Apr-19 01:00:00 pm,98
24-Apr-19 05:00:00 pm,34
24-Apr-19 09:00:00 pm,7
25-Apr-19 01:00:00 am,0
25-Apr-19 05:00:00 am,40
25-Apr-19 09:00:00 am,80
25-Apr-19 01:00:00 pm,100
25-Apr-19 05:00:00 pm,31
25-Apr-19 09:00:00 pm,3
26-Apr-19 01:00:00 am,0
26-Apr-19 05:00:00 am,42
26-Apr-19 09:00:00 am,84
26-Apr-19 01:00:00 pm,100
26-Apr-19 05:00:00 pm,31
26-Apr-19 09:00:00 pm,0
27-Apr-19 01:00:00 am,0
27-Apr-19 05:00:00 am,0
27-Apr-19 09:00:00 am,0
27-Apr-19 01:00:00 pm,8
27-Apr-19 05:00:00 pm,0
27-Apr-19 09:00:00 pm,0
28-Apr-19 01:00:00 am,0
28-Apr-19 05:00:00 am,0
28-Apr-19 09:00:00 am,0
28-Apr-19 01:00:00 pm,0
28-Apr-19 05:00:00 pm,6
28-Apr-19 09:00:00 pm,0
29-Apr-19 01:00:00 am,0
29-Apr-19 05:00:00 am,38
29-Apr-19 09:00:00 am,89
29-Apr-19 01:00:00 pm,100
29-Apr-19 05:00:00 pm,31
29-Apr-19 09:00:00 pm,8
30-Apr-19 01:00:00 am,0
30-Apr-19 05:00:00 am,34
30-Apr-19 09:00:00 am,89
30-Apr-19 01:00:00 pm,100
30-Apr-19 05:00:00 pm,34
30-Apr-19 09:00:00 pm,8
01-May-19 01:00:00 am,0
01-May-19 05:00:00 am,44
01-May-19 09:00:00 am,85
01-May-19 01:00:00 pm,100
01-May-19 05:00:00 pm,31
01-May-19 09:00:00 pm,7
02-May-19 01:00:00 am,0
02-May-19 05:00:00 am,47
02-May-19 09:00:00 am,85
02-May-19 01:00:00 pm,100
02-May-19 05:00:00 pm,31
02-May-19 09:00:00 pm,8
03-May-19 01:00:00 am,0
03-May-19 05:00:00 am,47
03-May-19 09:00:00 am,83
03-May-19 01:00:00 pm,100
03-May-19 05:00:00 pm,31
03-May-19 09:00:00 pm,0
04-May-19 01:00:00 am,1
04-May-19 05:00:00 am,0
04-May-19 09:00:00 am,0
04-May-19 01:00:00 pm,0
04-May-19 05:00:00 pm,0
04-May-19 09:00:00 pm,0
05-May-19 01:00:00 am,0
05-May-19 05:00:00 am,0
05-May-19 09:00:00 am,0
05-May-19 01:00:00 pm,0
05-May-19 05:00:00 pm,4
05-May-19 09:00:00 pm,0
06-May-19 01:00:00 am,0
06-May-19 05:00:00 am,48
06-May-19 09:00:00 am,50
06-May-19 01:00:00 pm,34
06-May-19 05:00:00 pm,10
06-May-19 09:00:00 pm,3
07-May-19 01:00:00 am,1
07-May-19 05:00:00 am,58
07-May-19 09:00:00 am,46
07-May-19 01:00:00 pm,30
07-May-19 05:00:00 pm,10
07-May-19 09:00:00 pm,1
08-May-19 01:00:00 am,0
08-May-19 05:00:00 am,63
08-May-19 09:00:00 am,35
08-May-19 01:00:00 pm,36
08-May-19 05:00:00 pm,12
08-May-19 09:00:00 pm,3
09-May-19 01:00:00 am,0
09-May-19 05:00:00 am,55
09-May-19 09:00:00 am,22
09-May-19 01:00:00 pm,44
09-May-19 05:00:00 pm,16
09-May-19 09:00:00 pm,1
10-May-19 01:00:00 am,0
10-May-19 05:00:00 am,50
10-May-19 09:00:00 am,24
10-May-19 01:00:00 pm,54
10-May-19 05:00:00 pm,17
10-May-19 09:00:00 pm,0
11-May-19 01:00:00 am,0
11-May-19 05:00:00 am,0
11-May-19 09:00:00 am,0
11-May-19 01:00:00 pm,11
11-May-19 05:00:00 pm,11
11-May-19 09:00:00 pm,0
12-May-19 01:00:00 am,0
12-May-19 05:00:00 am,0
12-May-19 09:00:00 am,0
12-May-19 01:00:00 pm,0
12-May-19 05:00:00 pm,3
12-May-19 09:00:00 pm,0
13-May-19 01:00:00 am,0
13-May-19 05:00:00 am,61
13-May-19 09:00:00 am,100
13-May-19 01:00:00 pm,99
13-May-19 05:00:00 pm,22
13-May-19 09:00:00 pm,3
14-May-19 01:00:00 am,0
14-May-19 05:00:00 am,51
14-May-19 09:00:00 am,58
14-May-19 01:00:00 pm,20
14-May-19 05:00:00 pm,6
14-May-19 09:00:00 pm,3
15-May-19 01:00:00 am,0
15-May-19 05:00:00 am,50
15-May-19 09:00:00 am,21
15-May-19 01:00:00 pm,25
15-May-19 05:00:00 pm,6
15-May-19 09:00:00 pm,1
16-May-19 01:00:00 am,0
16-May-19 05:00:00 am,14
16-May-19 09:00:00 am,20
16-May-19 01:00:00 pm,20
16-May-19 05:00:00 pm,6
16-May-19 09:00:00 pm,1
17-May-19 01:00:00 am,0
17-May-19 05:00:00 am,42
17-May-19 09:00:00 am,87
17-May-19 01:00:00 pm,95
17-May-19 05:00:00 pm,31
17-May-19 09:00:00 pm,0
18-May-19 01:00:00 am,0
18-May-19 05:00:00 am,0
18-May-19 09:00:00 am,0
18-May-19 01:00:00 pm,0
18-May-19 05:00:00 pm,0
18-May-19 09:00:00 pm,0
19-May-19 01:00:00 am,0
19-May-19 05:00:00 am,0
19-May-19 09:00:00 am,3
19-May-19 01:00:00 pm,0
19-May-19 05:00:00 pm,3
19-May-19 09:00:00 pm,0
20-May-19 01:00:00 am,0
20-May-19 05:00:00 am,63
20-May-19 09:00:00 am,30
20-May-19 01:00:00 pm,60
20-May-19 05:00:00 pm,33
20-May-19 09:00:00 pm,3
21-May-19 01:00:00 am,0
21-May-19 05:00:00 am,48
21-May-19 09:00:00 am,84
21-May-19 01:00:00 pm,25
21-May-19 05:00:00 pm,6
21-May-19 09:00:00 pm,3
22-May-19 01:00:00 am,0
22-May-19 05:00:00 am,51
22-May-19 09:00:00 am,21
22-May-19 01:00:00 pm,35
22-May-19 05:00:00 pm,10
22-May-19 09:00:00 pm,3
23-May-19 01:00:00 am,0
23-May-19 05:00:00 am,14
23-May-19 09:00:00 am,23
23-May-19 01:00:00 pm,45
23-May-19 05:00:00 pm,14
23-May-19 09:00:00 pm,3
24-May-19 01:00:00 am,0
24-May-19 05:00:00 am,65
24-May-19 09:00:00 am,80
24-May-19 01:00:00 pm,20
24-May-19 05:00:00 pm,6
24-May-19 09:00:00 pm,0
25-May-19 01:00:00 am,0
25-May-19 05:00:00 am,0
25-May-19 09:00:00 am,0
25-May-19 01:00:00 pm,0
25-May-19 05:00:00 pm,0
25-May-19 09:00:00 pm,0
26-May-19 01:00:00 am,0
26-May-19 05:00:00 am,0
26-May-19 09:00:00 am,0
26-May-19 01:00:00 pm,0
26-May-19 05:00:00 pm,0
26-May-19 09:00:00 pm,0
27-May-19 01:00:00 am,0
27-May-19 05:00:00 am,14
27-May-19 09:00:00 am,20
27-May-19 01:00:00 pm,25
27-May-19 05:00:00 pm,9
27-May-19 09:00:00 pm,0
28-May-19 01:00:00 am,0
28-May-19 05:00:00 am,14
28-May-19 09:00:00 am,20
28-May-19 01:00:00 pm,21
28-May-19 05:00:00 pm,7
28-May-19 09:00:00 pm,3
29-May-19 01:00:00 am,0
29-May-19 05:00:00 am,14
29-May-19 09:00:00 am,20
29-May-19 01:00:00 pm,31
29-May-19 05:00:00 pm,10
29-May-19 09:00:00 pm,0
30-May-19 01:00:00 am,0
30-May-19 05:00:00 am,14
30-May-19 09:00:00 am,21
30-May-19 01:00:00 pm,33
30-May-19 05:00:00 pm,11
30-May-19 09:00:00 pm,0
31-May-19 01:00:00 am,0
31-May-19 05:00:00 am,14
31-May-19 09:00:00 am,20
31-May-19 01:00:00 pm,37
31-May-19 05:00:00 pm,14
31-May-19 09:00:00 pm,0
01-Jun-19 01:00:00 am,0
01-Jun-19 05:00:00 am,0
01-Jun-19 09:00:00 am,1
01-Jun-19 01:00:00 pm,0
01-Jun-19 05:00:00 pm,3
01-Jun-19 09:00:00 pm,1
02-Jun-19 01:00:00 am,0
02-Jun-19 05:00:00 am,0
02-Jun-19 09:00:00 am,0
02-Jun-19 01:00:00 pm,0
02-Jun-19 05:00:00 pm,6
02-Jun-19 09:00:00 pm,0
03-Jun-19 01:00:00 am,0
03-Jun-19 05:00:00 am,88
03-Jun-19 09:00:00 am,100
03-Jun-19 01:00:00 pm,35
03-Jun-19 05:00:00 pm,10
03-Jun-19 09:00:00 pm,0
04-Jun-19 01:00:00 am,0
04-Jun-19 05:00:00 am,59
04-Jun-19 09:00:00 am,76
04-Jun-19 01:00:00 pm,30
04-Jun-19 05:00:00 pm,10
04-Jun-19 09:00:00 pm,1
05-Jun-19 01:00:00 am,0
05-Jun-19 05:00:00 am,65
05-Jun-19 09:00:00 am,76
05-Jun-19 01:00:00 pm,21
05-Jun-19 05:00:00 pm,8
05-Jun-19 09:00:00 pm,3
06-Jun-19 01:00:00 am,0
06-Jun-19 05:00:00 am,56
06-Jun-19 09:00:00 am,100
06-Jun-19 01:00:00 pm,90
06-Jun-19 05:00:00 pm,31
06-Jun-19 09:00:00 pm,3
07-Jun-19 01:00:00 am,1
07-Jun-19 05:00:00 am,59
07-Jun-19 09:00:00 am,95
07-Jun-19 01:00:00 pm,100
07-Jun-19 05:00:00 pm,31
07-Jun-19 09:00:00 pm,0
08-Jun-19 01:00:00 am,0
08-Jun-19 05:00:00 am,0
08-Jun-19 09:00:00 am,0
08-Jun-19 01:00:00 pm,0
08-Jun-19 05:00:00 pm,0
08-Jun-19 09:00:00 pm,0
09-Jun-19 01:00:00 am,0
09-Jun-19 05:00:00 am,0
09-Jun-19 09:00:00 am,0
09-Jun-19 01:00:00 pm,0
09-Jun-19 05:00:00 pm,0
09-Jun-19 09:00:00 pm,3
10-Jun-19 01:00:00 am,0
10-Jun-19 05:00:00 am,55
10-Jun-19 09:00:00 am,22
10-Jun-19 01:00:00 pm,41
10-Jun-19 05:00:00 pm,14
10-Jun-19 09:00:00 pm,1
11-Jun-19 01:00:00 am,0
11-Jun-19 05:00:00 am,18
11-Jun-19 09:00:00 am,26
11-Jun-19 01:00:00 pm,59
11-Jun-19 05:00:00 pm,20
11-Jun-19 09:00:00 pm,3
12-Jun-19 01:00:00 am,6
12-Jun-19 05:00:00 am,21
12-Jun-19 09:00:00 am,38
12-Jun-19 01:00:00 pm,77
12-Jun-19 05:00:00 pm,24
12-Jun-19 09:00:00 pm,1
13-Jun-19 01:00:00 am,11
13-Jun-19 05:00:00 am,20
13-Jun-19 09:00:00 am,29
13-Jun-19 01:00:00 pm,54
13-Jun-19 05:00:00 pm,15
13-Jun-19 09:00:00 pm,3
14-Jun-19 01:00:00 am,0
14-Jun-19 05:00:00 am,16
14-Jun-19 09:00:00 am,21
14-Jun-19 01:00:00 pm,25
14-Jun-19 05:00:00 pm,7
14-Jun-19 09:00:00 pm,0
15-Jun-19 01:00:00 am,0
15-Jun-19 05:00:00 am,0
15-Jun-19 09:00:00 am,0
15-Jun-19 01:00:00 pm,0
15-Jun-19 05:00:00 pm,0
15-Jun-19 09:00:00 pm,0
16-Jun-19 01:00:00 am,0
16-Jun-19 05:00:00 am,0
16-Jun-19 09:00:00 am,0
16-Jun-19 01:00:00 pm,0
16-Jun-19 05:00:00 pm,8
16-Jun-19 09:00:00 pm,0
17-Jun-19 01:00:00 am,3
17-Jun-19 05:00:00 am,20
17-Jun-19 09:00:00 am,21
17-Jun-19 01:00:00 pm,37
17-Jun-19 05:00:00 pm,15
17-Jun-19 09:00:00 pm,3
18-Jun-19 01:00:00 am,0
18-Jun-19 05:00:00 am,21
18-Jun-19 09:00:00 am,20
18-Jun-19 01:00:00 pm,22
18-Jun-19 05:00:00 pm,6
18-Jun-19 09:00:00 pm,0
19-Jun-19 01:00:00 am,0
19-Jun-19 05:00:00 am,61
19-Jun-19 09:00:00 am,79
19-Jun-19 01:00:00 pm,24
19-Jun-19 05:00:00 pm,6
19-Jun-19 09:00:00 pm,1
20-Jun-19 01:00:00 am,0
20-Jun-19 05:00:00 am,59
20-Jun-19 09:00:00 am,54
20-Jun-19 01:00:00 pm,22
20-Jun-19 05:00:00 pm,8
20-Jun-19 09:00:00 pm,3
21-Jun-19 01:00:00 am,0
21-Jun-19 05:00:00 am,62
21-Jun-19 09:00:00 am,55
21-Jun-19 01:00:00 pm,24
21-Jun-19 05:00:00 pm,9
21-Jun-19 09:00:00 pm,0
22-Jun-19 01:00:00 am,0
22-Jun-19 05:00:00 am,0
22-Jun-19 09:00:00 am,0
22-Jun-19 01:00:00 pm,0
22-Jun-19 05:00:00 pm,0
22-Jun-19 09:00:00 pm,0
23-Jun-19 01:00:00 am,0
23-Jun-19 05:00:00 am,0
23-Jun-19 09:00:00 am,0
23-Jun-19 01:00:00 pm,0
23-Jun-19 05:00:00 pm,0
23-Jun-19 09:00:00 pm,0
24-Jun-19 01:00:00 am,0
24-Jun-19 05:00:00 am,14
24-Jun-19 09:00:00 am,20
24-Jun-19 01:00:00 pm,26
24-Jun-19 05:00:00 pm,10
24-Jun-19 09:00:00 pm,0
25-Jun-19 01:00:00 am,0
25-Jun-19 05:00:00 am,49
25-Jun-19 09:00:00 am,22
25-Jun-19 01:00:00 pm,30
25-Jun-19 05:00:00 pm,10
25-Jun-19 09:00:00 pm,3
26-Jun-19 01:00:00 am,0
26-Jun-19 05:00:00 am,14
26-Jun-19 09:00:00 am,22
26-Jun-19 01:00:00 pm,25
26-Jun-19 05:00:00 pm,6
26-Jun-19 09:00:00 pm,3
27-Jun-19 01:00:00 am,0
27-Jun-19 05:00:00 am,14
27-Jun-19 09:00:00 am,20
27-Jun-19 01:00:00 pm,25
27-Jun-19 05:00:00 pm,7
27-Jun-19 09:00:00 pm,1
28-Jun-19 01:00:00 am,0
28-Jun-19 05:00:00 am,14
28-Jun-19 09:00:00 am,22
28-Jun-19 01:00:00 pm,28
28-Jun-19 05:00:00 pm,10
28-Jun-19 09:00:00 pm,1
29-Jun-19 01:00:00 am,0
29-Jun-19 05:00:00 am,0
29-Jun-19 09:00:00 am,0
29-Jun-19 01:00:00 pm,1
29-Jun-19 05:00:00 pm,4
29-Jun-19 09:00:00 pm,0
30-Jun-19 01:00:00 am,0
30-Jun-19 05:00:00 am,0
30-Jun-19 09:00:00 am,0
30-Jun-19 01:00:00 pm,5
30-Jun-19 05:00:00 pm,9
30-Jun-19 09:00:00 pm,0
01-Jul-19 01:00:00 am,7
01-Jul-19 05:00:00 am,20
01-Jul-19 09:00:00 am,26
01-Jul-19 01:00:00 pm,52
01-Jul-19 05:00:00 pm,19
01-Jul-19 09:00:00 pm,3
02-Jul-19 01:00:00 am,0
02-Jul-19 05:00:00 am,19
02-Jul-19 09:00:00 am,20
02-Jul-19 01:00:00 pm,20
02-Jul-19 05:00:00 pm,6
02-Jul-19 09:00:00 pm,3
03-Jul-19 01:00:00 am,0
03-Jul-19 05:00:00 am,14
03-Jul-19 09:00:00 am,20
03-Jul-19 01:00:00 pm,22
03-Jul-19 05:00:00 pm,7
03-Jul-19 09:00:00 pm,1
04-Jul-19 01:00:00 am,0
04-Jul-19 05:00:00 am,14
04-Jul-19 09:00:00 am,20
04-Jul-19 01:00:00 pm,23
04-Jul-19 05:00:00 pm,8
04-Jul-19 09:00:00 pm,0
05-Jul-19 01:00:00 am,0
05-Jul-19 05:00:00 am,14
05-Jul-19 09:00:00 am,20
05-Jul-19 01:00:00 pm,20
05-Jul-19 05:00:00 pm,6
05-Jul-19 09:00:00 pm,0
06-Jul-19 01:00:00 am,0
06-Jul-19 05:00:00 am,0
06-Jul-19 09:00:00 am,0
06-Jul-19 01:00:00 pm,0
06-Jul-19 05:00:00 pm,0
06-Jul-19 09:00:00 pm,0
07-Jul-19 01:00:00 am,0
07-Jul-19 05:00:00 am,0
07-Jul-19 09:00:00 am,0
07-Jul-19 01:00:00 pm,0
07-Jul-19 05:00:00 pm,0
07-Jul-19 09:00:00 pm,0
08-Jul-19 01:00:00 am,0
08-Jul-19 05:00:00 am,14
08-Jul-19 09:00:00 am,21
08-Jul-19 01:00:00 pm,33
08-Jul-19 05:00:00 pm,11
08-Jul-19 09:00:00 pm,3
09-Jul-19 01:00:00 am,0
09-Jul-19 05:00:00 am,14
09-Jul-19 09:00:00 am,23
09-Jul-19 01:00:00 pm,26
09-Jul-19 05:00:00 pm,8
09-Jul-19 09:00:00 pm,1
10-Jul-19 01:00:00 am,0
10-Jul-19 05:00:00 am,16
10-Jul-19 09:00:00 am,22
10-Jul-19 01:00:00 pm,26
10-Jul-19 05:00:00 pm,5
10-Jul-19 09:00:00 pm,3
11-Jul-19 01:00:00 am,0
11-Jul-19 05:00:00 am,15
11-Jul-19 09:00:00 am,23
11-Jul-19 01:00:00 pm,28
11-Jul-19 05:00:00 pm,8
11-Jul-19 09:00:00 pm,3
12-Jul-19 01:00:00 am,0
12-Jul-19 05:00:00 am,14
12-Jul-19 09:00:00 am,23
12-Jul-19 01:00:00 pm,40
12-Jul-19 05:00:00 pm,15
12-Jul-19 09:00:00 pm,0
13-Jul-19 01:00:00 am,0
13-Jul-19 05:00:00 am,0
13-Jul-19 09:00:00 am,0
13-Jul-19 01:00:00 pm,6
13-Jul-19 05:00:00 pm,12
13-Jul-19 09:00:00 pm,0
14-Jul-19 01:00:00 am,0
14-Jul-19 05:00:00 am,0
14-Jul-19 09:00:00 am,0
14-Jul-19 01:00:00 pm,11
14-Jul-19 05:00:00 pm,14
14-Jul-19 09:00:00 pm,0
15-Jul-19 01:00:00 am,13
15-Jul-19 05:00:00 am,21
15-Jul-19 09:00:00 am,26
15-Jul-19 01:00:00 pm,28
15-Jul-19 05:00:00 pm,8
15-Jul-19 09:00:00 pm,1
16-Jul-19 01:00:00 am,0
16-Jul-19 05:00:00 am,18
16-Jul-19 09:00:00 am,21
16-Jul-19 01:00:00 pm,39
16-Jul-19 05:00:00 pm,16
16-Jul-19 09:00:00 pm,3
17-Jul-19 01:00:00 am,3
17-Jul-19 05:00:00 am,21
17-Jul-19 09:00:00 am,21
17-Jul-19 01:00:00 pm,24
17-Jul-19 05:00:00 pm,7
17-Jul-19 09:00:00 pm,0
18-Jul-19 01:00:00 am,0
18-Jul-19 05:00:00 am,14
18-Jul-19 09:00:00 am,22
18-Jul-19 01:00:00 pm,27
18-Jul-19 05:00:00 pm,8
18-Jul-19 09:00:00 pm,3
19-Jul-19 01:00:00 am,0
19-Jul-19 05:00:00 am,14
19-Jul-19 09:00:00 am,20
19-Jul-19 01:00:00 pm,25
19-Jul-19 05:00:00 pm,9
19-Jul-19 09:00:00 pm,0
20-Jul-19 01:00:00 am,0
20-Jul-19 05:00:00 am,0
20-Jul-19 09:00:00 am,0
20-Jul-19 01:00:00 pm,0
20-Jul-19 05:00:00 pm,5
20-Jul-19 09:00:00 pm,0
21-Jul-19 01:00:00 am,0
21-Jul-19 05:00:00 am,0
21-Jul-19 09:00:00 am,0
21-Jul-19 01:00:00 pm,6
21-Jul-19 05:00:00 pm,12
21-Jul-19 09:00:00 pm,0
22-Jul-19 01:00:00 am,11
22-Jul-19 05:00:00 am,21
22-Jul-19 09:00:00 am,24
22-Jul-19 01:00:00 pm,50
22-Jul-19 05:00:00 pm,18
22-Jul-19 09:00:00 pm,0
23-Jul-19 01:00:00 am,0
23-Jul-19 05:00:00 am,20
23-Jul-19 09:00:00 am,20
23-Jul-19 01:00:00 pm,21
23-Jul-19 05:00:00 pm,6
23-Jul-19 09:00:00 pm,0
24-Jul-19 01:00:00 am,0
24-Jul-19 05:00:00 am,15
24-Jul-19 09:00:00 am,22
24-Jul-19 01:00:00 pm,35
24-Jul-19 05:00:00 pm,11
24-Jul-19 09:00:00 pm,0
25-Jul-19 01:00:00 am,0
25-Jul-19 05:00:00 am,15
25-Jul-19 09:00:00 am,23
25-Jul-19 01:00:00 pm,50
25-Jul-19 05:00:00 pm,17
25-Jul-19 09:00:00 pm,0
26-Jul-19 01:00:00 am,1
26-Jul-19 05:00:00 am,20
26-Jul-19 09:00:00 am,25
26-Jul-19 01:00:00 pm,54
26-Jul-19 05:00:00 pm,18
26-Jul-19 09:00:00 pm,0
27-Jul-19 01:00:00 am,0
27-Jul-19 05:00:00 am,0
27-Jul-19 09:00:00 am,0
27-Jul-19 01:00:00 pm,0
27-Jul-19 05:00:00 pm,3
27-Jul-19 09:00:00 pm,0
28-Jul-19 01:00:00 am,0
28-Jul-19 05:00:00 am,0
28-Jul-19 09:00:00 am,0
28-Jul-19 01:00:00 pm,2
28-Jul-19 05:00:00 pm,13
28-Jul-19 09:00:00 pm,0
29-Jul-19 01:00:00 am,10
29-Jul-19 05:00:00 am,20
29-Jul-19 09:00:00 am,24
29-Jul-19 01:00:00 pm,53
29-Jul-19 05:00:00 pm,18
29-Jul-19 09:00:00 pm,0
30-Jul-19 01:00:00 am,5
30-Jul-19 05:00:00 am,20
30-Jul-19 09:00:00 am,20
30-Jul-19 01:00:00 pm,38
30-Jul-19 05:00:00 pm,13
30-Jul-19 09:00:00 pm,0
31-Jul-19 01:00:00 am,0
31-Jul-19 05:00:00 am,16
31-Jul-19 09:00:00 am,24
31-Jul-19 01:00:00 pm,51
31-Jul-19 05:00:00 pm,17
31-Jul-19 09:00:00 pm,0
01-Aug-19 01:00:00 am,8
01-Aug-19 05:00:00 am,20
01-Aug-19 09:00:00 am,25
01-Aug-19 01:00:00 pm,57
01-Aug-19 05:00:00 pm,19
01-Aug-19 09:00:00 pm,0
02-Aug-19 01:00:00 am,12
02-Aug-19 05:00:00 am,22
02-Aug-19 09:00:00 am,29
02-Aug-19 01:00:00 pm,48
02-Aug-19 05:00:00 pm,17
02-Aug-19 09:00:00 pm,0
03-Aug-19 01:00:00 am,0
03-Aug-19 05:00:00 am,0
03-Aug-19 09:00:00 am,0
03-Aug-19 01:00:00 pm,7
03-Aug-19 05:00:00 pm,11
03-Aug-19 09:00:00 pm,2
04-Aug-19 01:00:00 am,0
04-Aug-19 05:00:00 am,0
04-Aug-19 09:00:00 am,0
04-Aug-19 01:00:00 pm,16
04-Aug-19 05:00:00 pm,26
04-Aug-19 09:00:00 pm,3
05-Aug-19 01:00:00 am,13
05-Aug-19 05:00:00 am,21
05-Aug-19 09:00:00 am,35
05-Aug-19 01:00:00 pm,65
05-Aug-19 05:00:00 pm,21
05-Aug-19 09:00:00 pm,0
06-Aug-19 01:00:00 am,10
06-Aug-19 05:00:00 am,20
06-Aug-19 09:00:00 am,22
06-Aug-19 01:00:00 pm,52
06-Aug-19 05:00:00 pm,19
06-Aug-19 09:00:00 pm,0
07-Aug-19 01:00:00 am,9
07-Aug-19 05:00:00 am,20
07-Aug-19 09:00:00 am,22
07-Aug-19 01:00:00 pm,43
07-Aug-19 05:00:00 pm,16
07-Aug-19 09:00:00 pm,0
08-Aug-19 01:00:00 am,2
08-Aug-19 05:00:00 am,21
08-Aug-19 09:00:00 am,22
08-Aug-19 01:00:00 pm,26
08-Aug-19 05:00:00 pm,7
08-Aug-19 09:00:00 pm,0
09-Aug-19 01:00:00 am,0
09-Aug-19 05:00:00 am,16
09-Aug-19 09:00:00 am,21
09-Aug-19 01:00:00 pm,29
09-Aug-19 05:00:00 pm,10
09-Aug-19 09:00:00 pm,0
10-Aug-19 01:00:00 am,0
10-Aug-19 05:00:00 am,0
10-Aug-19 09:00:00 am,0
10-Aug-19 01:00:00 pm,0
10-Aug-19 05:00:00 pm,0
10-Aug-19 09:00:00 pm,0
11-Aug-19 01:00:00 am,0
11-Aug-19 05:00:00 am,0
11-Aug-19 09:00:00 am,0
11-Aug-19 01:00:00 pm,0
11-Aug-19 05:00:00 pm,0
11-Aug-19 09:00:00 pm,0
12-Aug-19 01:00:00 am,6
12-Aug-19 05:00:00 am,20
12-Aug-19 09:00:00 am,23
12-Aug-19 01:00:00 pm,50
12-Aug-19 05:00:00 pm,16
12-Aug-19 09:00:00 pm,3
13-Aug-19 01:00:00 am,0
13-Aug-19 05:00:00 am,20
13-Aug-19 09:00:00 am,25
13-Aug-19 01:00:00 pm,53
13-Aug-19 05:00:00 pm,17
13-Aug-19 09:00:00 pm,0
14-Aug-19 01:00:00 am,2
14-Aug-19 05:00:00 am,20
14-Aug-19 09:00:00 am,26
14-Aug-19 01:00:00 pm,57
14-Aug-19 05:00:00 pm,15
14-Aug-19 09:00:00 pm,0
15-Aug-19 01:00:00 am,3
15-Aug-19 05:00:00 am,20
15-Aug-19 09:00:00 am,24
15-Aug-19 01:00:00 pm,44
15-Aug-19 05:00:00 pm,16
15-Aug-19 09:00:00 pm,0
16-Aug-19 01:00:00 am,2
16-Aug-19 05:00:00 am,20
16-Aug-19 09:00:00 am,20
16-Aug-19 01:00:00 pm,20
16-Aug-19 05:00:00 pm,6
16-Aug-19 09:00:00 pm,0
17-Aug-19 01:00:00 am,0
17-Aug-19 05:00:00 am,0
17-Aug-19 09:00:00 am,0
17-Aug-19 01:00:00 pm,0
17-Aug-19 05:00:00 pm,0
17-Aug-19 09:00:00 pm,0
18-Aug-19 01:00:00 am,0
18-Aug-19 05:00:00 am,0
18-Aug-19 09:00:00 am,0
18-Aug-19 01:00:00 pm,3
18-Aug-19 05:00:00 pm,7
18-Aug-19 09:00:00 pm,0
19-Aug-19 01:00:00 am,11
19-Aug-19 05:00:00 am,20
19-Aug-19 09:00:00 am,24
19-Aug-19 01:00:00 pm,35
19-Aug-19 05:00:00 pm,14
19-Aug-19 09:00:00 pm,1
20-Aug-19 01:00:00 am,0
20-Aug-19 05:00:00 am,14
20-Aug-19 09:00:00 am,23
20-Aug-19 01:00:00 pm,43
20-Aug-19 05:00:00 pm,14
20-Aug-19 09:00:00 pm,3
21-Aug-19 01:00:00 am,0
21-Aug-19 05:00:00 am,20
21-Aug-19 09:00:00 am,22
21-Aug-19 01:00:00 pm,24
21-Aug-19 05:00:00 pm,7
21-Aug-19 09:00:00 pm,3
22-Aug-19 01:00:00 am,0
22-Aug-19 05:00:00 am,14
22-Aug-19 09:00:00 am,20
22-Aug-19 01:00:00 pm,29
22-Aug-19 05:00:00 pm,11
22-Aug-19 09:00:00 pm,3
23-Aug-19 01:00:00 am,0
23-Aug-19 05:00:00 am,14
23-Aug-19 09:00:00 am,21
23-Aug-19 01:00:00 pm,26
23-Aug-19 05:00:00 pm,7
23-Aug-19 09:00:00 pm,0
24-Aug-19 01:00:00 am,0
24-Aug-19 05:00:00 am,0
24-Aug-19 09:00:00 am,0
24-Aug-19 01:00:00 pm,0
24-Aug-19 05:00:00 pm,0
24-Aug-19 09:00:00 pm,0
25-Aug-19 01:00:00 am,0
25-Aug-19 05:00:00 am,0
25-Aug-19 09:00:00 am,0
25-Aug-19 01:00:00 pm,4
25-Aug-19 05:00:00 pm,6
25-Aug-19 09:00:00 pm,0
26-Aug-19 01:00:00 am,14
26-Aug-19 05:00:00 am,82
26-Aug-19 09:00:00 am,22
26-Aug-19 01:00:00 pm,46
26-Aug-19 05:00:00 pm,15
26-Aug-19 09:00:00 pm,3
27-Aug-19 01:00:00 am,0
27-Aug-19 05:00:00 am,15
27-Aug-19 09:00:00 am,23
27-Aug-19 01:00:00 pm,53
27-Aug-19 05:00:00 pm,18
27-Aug-19 09:00:00 pm,0
28-Aug-19 01:00:00 am,7
28-Aug-19 05:00:00 am,20
28-Aug-19 09:00:00 am,26
28-Aug-19 01:00:00 pm,64
28-Aug-19 05:00:00 pm,22
28-Aug-19 09:00:00 pm,3
29-Aug-19 01:00:00 am,12
29-Aug-19 05:00:00 am,20
29-Aug-19 09:00:00 am,23
29-Aug-19 01:00:00 pm,40
29-Aug-19 05:00:00 pm,9
29-Aug-19 09:00:00 pm,3
30-Aug-19 01:00:00 am,0
30-Aug-19 05:00:00 am,18
30-Aug-19 09:00:00 am,22
30-Aug-19 01:00:00 pm,38
30-Aug-19 05:00:00 pm,8
30-Aug-19 09:00:00 pm,1
31-Aug-19 01:00:00 am,0
31-Aug-19 05:00:00 am,0
31-Aug-19 09:00:00 am,0
31-Aug-19 01:00:00 pm,0
31-Aug-19 05:00:00 pm,0
31-Aug-19 09:00:00 pm,0
01-Sep-19 01:00:00 am,0
01-Sep-19 05:00:00 am,0
01-Sep-19 09:00:00 am,0
01-Sep-19 01:00:00 pm,11
01-Sep-19 05:00:00 pm,10
01-Sep-19 09:00:00 pm,1
02-Sep-19 01:00:00 am,12
02-Sep-19 05:00:00 am,20
02-Sep-19 09:00:00 am,21
02-Sep-19 01:00:00 pm,32
02-Sep-19 05:00:00 pm,10
02-Sep-19 09:00:00 pm,0
03-Sep-19 01:00:00 am,0
03-Sep-19 05:00:00 am,16
03-Sep-19 09:00:00 am,25
03-Sep-19 01:00:00 pm,52
03-Sep-19 05:00:00 pm,17
03-Sep-19 09:00:00 pm,3
04-Sep-19 01:00:00 am,0
04-Sep-19 05:00:00 am,20
04-Sep-19 09:00:00 am,23
04-Sep-19 01:00:00 pm,49
04-Sep-19 05:00:00 pm,17
04-Sep-19 09:00:00 pm,1
05-Sep-19 01:00:00 am,0
05-Sep-19 05:00:00 am,14
05-Sep-19 09:00:00 am,23
05-Sep-19 01:00:00 pm,36
05-Sep-19 05:00:00 pm,8
05-Sep-19 09:00:00 pm,3
06-Sep-19 01:00:00 am,1
06-Sep-19 05:00:00 am,20
06-Sep-19 09:00:00 am,25
06-Sep-19 01:00:00 pm,48
06-Sep-19 05:00:00 pm,15
06-Sep-19 09:00:00 pm,0
07-Sep-19 01:00:00 am,0
07-Sep-19 05:00:00 am,0
07-Sep-19 09:00:00 am,0
07-Sep-19 01:00:00 pm,0
07-Sep-19 05:00:00 pm,0
07-Sep-19 09:00:00 pm,0
08-Sep-19 01:00:00 am,0
08-Sep-19 05:00:00 am,0
08-Sep-19 09:00:00 am,0
08-Sep-19 01:00:00 pm,1
08-Sep-19 05:00:00 pm,0
08-Sep-19 09:00:00 pm,0
09-Sep-19 01:00:00 am,0
09-Sep-19 05:00:00 am,16
09-Sep-19 09:00:00 am,20
09-Sep-19 01:00:00 pm,20
09-Sep-19 05:00:00 pm,6
09-Sep-19 09:00:00 pm,1
10-Sep-19 01:00:00 am,0
10-Sep-19 05:00:00 am,14
10-Sep-19 09:00:00 am,20
10-Sep-19 01:00:00 pm,27
10-Sep-19 05:00:00 pm,10
10-Sep-19 09:00:00 pm,3
11-Sep-19 01:00:00 am,0
11-Sep-19 05:00:00 am,14
11-Sep-19 09:00:00 am,20
11-Sep-19 01:00:00 pm,30
11-Sep-19 05:00:00 pm,9
11-Sep-19 09:00:00 pm,0
12-Sep-19 01:00:00 am,0
12-Sep-19 05:00:00 am,14
12-Sep-19 09:00:00 am,22
12-Sep-19 01:00:00 pm,35
12-Sep-19 05:00:00 pm,8
12-Sep-19 09:00:00 pm,0
13-Sep-19 01:00:00 am,0
13-Sep-19 05:00:00 am,16
13-Sep-19 09:00:00 am,20
13-Sep-19 01:00:00 pm,23
13-Sep-19 05:00:00 pm,7
13-Sep-19 09:00:00 pm,0
14-Sep-19 01:00:00 am,0
14-Sep-19 05:00:00 am,0
14-Sep-19 09:00:00 am,0
14-Sep-19 01:00:00 pm,0
14-Sep-19 05:00:00 pm,0
14-Sep-19 09:00:00 pm,0
15-Sep-19 01:00:00 am,0
15-Sep-19 05:00:00 am,0
15-Sep-19 09:00:00 am,0
15-Sep-19 01:00:00 pm,0
15-Sep-19 05:00:00 pm,0
15-Sep-19 09:00:00 pm,0
16-Sep-19 01:00:00 am,0
16-Sep-19 05:00:00 am,14
16-Sep-19 09:00:00 am,20
16-Sep-19 01:00:00 pm,26
16-Sep-19 05:00:00 pm,8
16-Sep-19 09:00:00 pm,3
17-Sep-19 01:00:00 am,0
17-Sep-19 05:00:00 am,14
17-Sep-19 09:00:00 am,20
17-Sep-19 01:00:00 pm,20
17-Sep-19 05:00:00 pm,6
17-Sep-19 09:00:00 pm,3
18-Sep-19 01:00:00 am,0
18-Sep-19 05:00:00 am,14
18-Sep-19 09:00:00 am,20
18-Sep-19 01:00:00 pm,32
18-Sep-19 05:00:00 pm,9
18-Sep-19 09:00:00 pm,0
19-Sep-19 01:00:00 am,0
19-Sep-19 05:00:00 am,14
19-Sep-19 09:00:00 am,20
19-Sep-19 01:00:00 pm,26
19-Sep-19 05:00:00 pm,8
19-Sep-19 09:00:00 pm,0
20-Sep-19 01:00:00 am,3
20-Sep-19 05:00:00 am,14
20-Sep-19 09:00:00 am,20
20-Sep-19 01:00:00 pm,20
20-Sep-19 05:00:00 pm,6
20-Sep-19 09:00:00 pm,0
21-Sep-19 01:00:00 am,0
21-Sep-19 05:00:00 am,1
21-Sep-19 09:00:00 am,1
21-Sep-19 01:00:00 pm,0
21-Sep-19 05:00:00 pm,0
21-Sep-19 09:00:00 pm,0
22-Sep-19 01:00:00 am,0
22-Sep-19 05:00:00 am,0
22-Sep-19 09:00:00 am,0
22-Sep-19 01:00:00 pm,0
22-Sep-19 05:00:00 pm,3
22-Sep-19 09:00:00 pm,0
23-Sep-19 01:00:00 am,0
23-Sep-19 05:00:00 am,14
23-Sep-19 09:00:00 am,20
23-Sep-19 01:00:00 pm,20
23-Sep-19 05:00:00 pm,6
23-Sep-19 09:00:00 pm,1
24-Sep-19 01:00:00 am,0
24-Sep-19 05:00:00 am,14
24-Sep-19 09:00:00 am,20
24-Sep-19 01:00:00 pm,24
24-Sep-19 05:00:00 pm,8
24-Sep-19 09:00:00 pm,0
25-Sep-19 01:00:00 am,0
25-Sep-19 05:00:00 am,14
25-Sep-19 09:00:00 am,21
25-Sep-19 01:00:00 pm,30
25-Sep-19 05:00:00 pm,10
25-Sep-19 09:00:00 pm,0
26-Sep-19 01:00:00 am,0
26-Sep-19 05:00:00 am,14
26-Sep-19 09:00:00 am,22
26-Sep-19 01:00:00 pm,26
26-Sep-19 05:00:00 pm,8
26-Sep-19 09:00:00 pm,0
27-Sep-19 01:00:00 am,0
27-Sep-19 05:00:00 am,14
27-Sep-19 09:00:00 am,60
27-Sep-19 01:00:00 pm,70
27-Sep-19 05:00:00 pm,31
27-Sep-19 09:00:00 pm,0
28-Sep-19 01:00:00 am,0
28-Sep-19 05:00:00 am,0
28-Sep-19 09:00:00 am,0
28-Sep-19 01:00:00 pm,1
28-Sep-19 05:00:00 pm,0
28-Sep-19 09:00:00 pm,0
29-Sep-19 01:00:00 am,0
29-Sep-19 05:00:00 am,0
29-Sep-19 09:00:00 am,0
29-Sep-19 01:00:00 pm,0
29-Sep-19 05:00:00 pm,0
29-Sep-19 09:00:00 pm,0
30-Sep-19 01:00:00 am,0
30-Sep-19 05:00:00 am,26
30-Sep-19 09:00:00 am,93
30-Sep-19 01:00:00 pm,100
30-Sep-19 05:00:00 pm,31
30-Sep-19 09:00:00 pm,4
01-Oct-19 01:00:00 am,0
01-Oct-19 05:00:00 am,48
01-Oct-19 09:00:00 am,90
01-Oct-19 01:00:00 pm,100
01-Oct-19 05:00:00 pm,31
01-Oct-19 09:00:00 pm,4
02-Oct-19 01:00:00 am,0
02-Oct-19 05:00:00 am,34
02-Oct-19 09:00:00 am,75
02-Oct-19 01:00:00 pm,100
02-Oct-19 05:00:00 pm,31
02-Oct-19 09:00:00 pm,1
03-Oct-19 01:00:00 am,0
03-Oct-19 05:00:00 am,49
03-Oct-19 09:00:00 am,89
03-Oct-19 01:00:00 pm,100
03-Oct-19 05:00:00 pm,31
03-Oct-19 09:00:00 pm,1
04-Oct-19 01:00:00 am,3
04-Oct-19 05:00:00 am,49
04-Oct-19 09:00:00 am,80
04-Oct-19 01:00:00 pm,99
04-Oct-19 05:00:00 pm,31
04-Oct-19 09:00:00 pm,0
05-Oct-19 01:00:00 am,0
05-Oct-19 05:00:00 am,0
05-Oct-19 09:00:00 am,0
05-Oct-19 01:00:00 pm,0
05-Oct-19 05:00:00 pm,0
05-Oct-19 09:00:00 pm,0
06-Oct-19 01:00:00 am,0
06-Oct-19 05:00:00 am,1
06-Oct-19 09:00:00 am,0
06-Oct-19 01:00:00 pm,3
06-Oct-19 05:00:00 pm,0
06-Oct-19 09:00:00 pm,0
07-Oct-19 01:00:00 am,0
07-Oct-19 05:00:00 am,52
07-Oct-19 09:00:00 am,47
07-Oct-19 01:00:00 pm,21
07-Oct-19 05:00:00 pm,6
07-Oct-19 09:00:00 pm,3
08-Oct-19 01:00:00 am,0
08-Oct-19 05:00:00 am,46
08-Oct-19 09:00:00 am,66
08-Oct-19 01:00:00 pm,63
08-Oct-19 05:00:00 pm,27
08-Oct-19 09:00:00 pm,1
09-Oct-19 01:00:00 am,0
09-Oct-19 05:00:00 am,25
09-Oct-19 09:00:00 am,61
09-Oct-19 01:00:00 pm,98
09-Oct-19 05:00:00 pm,30
09-Oct-19 09:00:00 pm,0
10-Oct-19 01:00:00 am,0
10-Oct-19 05:00:00 am,18
10-Oct-19 09:00:00 am,63
10-Oct-19 01:00:00 pm,100
10-Oct-19 05:00:00 pm,34
10-Oct-19 09:00:00 pm,0
11-Oct-19 01:00:00 am,0
11-Oct-19 05:00:00 am,29
11-Oct-19 09:00:00 am,79
11-Oct-19 01:00:00 pm,100
11-Oct-19 05:00:00 pm,31
11-Oct-19 09:00:00 pm,0
12-Oct-19 01:00:00 am,0
12-Oct-19 05:00:00 am,0
12-Oct-19 09:00:00 am,1
12-Oct-19 01:00:00 pm,6
12-Oct-19 05:00:00 pm,0
12-Oct-19 09:00:00 pm,0
13-Oct-19 01:00:00 am,0
13-Oct-19 05:00:00 am,0
13-Oct-19 09:00:00 am,10
13-Oct-19 01:00:00 pm,0
13-Oct-19 05:00:00 pm,0
13-Oct-19 09:00:00 pm,0
14-Oct-19 01:00:00 am,0
14-Oct-19 05:00:00 am,39
14-Oct-19 09:00:00 am,76
14-Oct-19 01:00:00 pm,100
14-Oct-19 05:00:00 pm,34
14-Oct-19 09:00:00 pm,0
15-Oct-19 01:00:00 am,0
15-Oct-19 05:00:00 am,43
15-Oct-19 09:00:00 am,93
15-Oct-19 01:00:00 pm,98
15-Oct-19 05:00:00 pm,34
15-Oct-19 09:00:00 pm,0
16-Oct-19 01:00:00 am,0
16-Oct-19 05:00:00 am,45
16-Oct-19 09:00:00 am,66
16-Oct-19 01:00:00 pm,20
16-Oct-19 05:00:00 pm,8
16-Oct-19 09:00:00 pm,1
17-Oct-19 01:00:00 am,0
17-Oct-19 05:00:00 am,48
17-Oct-19 09:00:00 am,85
17-Oct-19 01:00:00 pm,74
17-Oct-19 05:00:00 pm,30
17-Oct-19 09:00:00 pm,3
18-Oct-19 01:00:00 am,0
18-Oct-19 05:00:00 am,47
18-Oct-19 09:00:00 am,70
18-Oct-19 01:00:00 pm,72
18-Oct-19 05:00:00 pm,22
18-Oct-19 09:00:00 pm,0
19-Oct-19 01:00:00 am,0
19-Oct-19 05:00:00 am,0
19-Oct-19 09:00:00 am,0
19-Oct-19 01:00:00 pm,0
19-Oct-19 05:00:00 pm,0
19-Oct-19 09:00:00 pm,0
20-Oct-19 01:00:00 am,0
20-Oct-19 05:00:00 am,0
20-Oct-19 09:00:00 am,0
20-Oct-19 01:00:00 pm,0
20-Oct-19 05:00:00 pm,1
20-Oct-19 09:00:00 pm,0
21-Oct-19 01:00:00 am,0
21-Oct-19 05:00:00 am,47
21-Oct-19 09:00:00 am,71
21-Oct-19 01:00:00 pm,64
21-Oct-19 05:00:00 pm,6
21-Oct-19 09:00:00 pm,1
22-Oct-19 01:00:00 am,0
22-Oct-19 05:00:00 am,14
22-Oct-19 09:00:00 am,20
22-Oct-19 01:00:00 pm,34
22-Oct-19 05:00:00 pm,6
22-Oct-19 09:00:00 pm,3
23-Oct-19 01:00:00 am,0
23-Oct-19 05:00:00 am,41
23-Oct-19 09:00:00 am,73
23-Oct-19 01:00:00 pm,99
23-Oct-19 05:00:00 pm,31
23-Oct-19 09:00:00 pm,3
24-Oct-19 01:00:00 am,0
24-Oct-19 05:00:00 am,39
24-Oct-19 09:00:00 am,75
24-Oct-19 01:00:00 pm,99
24-Oct-19 05:00:00 pm,23
24-Oct-19 09:00:00 pm,3
25-Oct-19 01:00:00 am,0
25-Oct-19 05:00:00 am,49
25-Oct-19 09:00:00 am,34
25-Oct-19 01:00:00 pm,70
25-Oct-19 05:00:00 pm,29
25-Oct-19 09:00:00 pm,0
26-Oct-19 01:00:00 am,0
26-Oct-19 05:00:00 am,0
26-Oct-19 09:00:00 am,0
26-Oct-19 01:00:00 pm,0
26-Oct-19 05:00:00 pm,0
26-Oct-19 09:00:00 pm,0
27-Oct-19 01:00:00 am,0
27-Oct-19 05:00:00 am,0
27-Oct-19 09:00:00 am,0
27-Oct-19 01:00:00 pm,0
27-Oct-19 05:00:00 pm,0
27-Oct-19 09:00:00 pm,0
28-Oct-19 01:00:00 am,0
28-Oct-19 05:00:00 am,15
28-Oct-19 09:00:00 am,51
28-Oct-19 01:00:00 pm,98
28-Oct-19 05:00:00 pm,29
28-Oct-19 09:00:00 pm,1
29-Oct-19 01:00:00 am,0
29-Oct-19 05:00:00 am,14
29-Oct-19 09:00:00 am,46
29-Oct-19 01:00:00 pm,88
29-Oct-19 05:00:00 pm,25
29-Oct-19 09:00:00 pm,3
30-Oct-19 01:00:00 am,0
30-Oct-19 05:00:00 am,14
30-Oct-19 09:00:00 am,49
30-Oct-19 01:00:00 pm,98
30-Oct-19 05:00:00 pm,27
30-Oct-19 09:00:00 pm,3
31-Oct-19 01:00:00 am,0
31-Oct-19 05:00:00 am,20
31-Oct-19 09:00:00 am,54
31-Oct-19 01:00:00 pm,95
31-Oct-19 05:00:00 pm,29
31-Oct-19 09:00:00 pm,0
01-Nov-19 01:00:00 am,0
01-Nov-19 05:00:00 am,23
01-Nov-19 09:00:00 am,58
01-Nov-19 01:00:00 pm,100
01-Nov-19 05:00:00 pm,29
01-Nov-19 09:00:00 pm,0
02-Nov-19 01:00:00 am,0
02-Nov-19 05:00:00 am,0
02-Nov-19 09:00:00 am,0
02-Nov-19 01:00:00 pm,0
02-Nov-19 05:00:00 pm,0
02-Nov-19 09:00:00 pm,0
03-Nov-19 01:00:00 am,0
03-Nov-19 04:00:00 am,0
03-Nov-19 08:00:00 am,0
03-Nov-19 12:00:00 pm,0
03-Nov-19 04:00:00 pm,0
03-Nov-19 08:00:00 pm,0
04-Nov-19 12:00:00 am,0
04-Nov-19 04:00:00 am,19
04-Nov-19 08:00:00 am,62
04-Nov-19 12:00:00 pm,80
04-Nov-19 04:00:00 pm,51
04-Nov-19 08:00:00 pm,3
05-Nov-19 12:00:00 am,0
05-Nov-19 04:00:00 am,17
05-Nov-19 08:00:00 am,54
05-Nov-19 12:00:00 pm,92
05-Nov-19 04:00:00 pm,52
05-Nov-19 08:00:00 pm,3
06-Nov-19 12:00:00 am,0
06-Nov-19 04:00:00 am,26
06-Nov-19 08:00:00 am,63
06-Nov-19 12:00:00 pm,95
06-Nov-19 04:00:00 pm,49
06-Nov-19 08:00:00 pm,3
07-Nov-19 12:00:00 am,0
07-Nov-19 04:00:00 am,14
07-Nov-19 08:00:00 am,49
07-Nov-19 12:00:00 pm,86
07-Nov-19 04:00:00 pm,51
07-Nov-19 08:00:00 pm,0
08-Nov-19 12:00:00 am,0
08-Nov-19 04:00:00 am,15
08-Nov-19 08:00:00 am,56
08-Nov-19 12:00:00 pm,96
08-Nov-19 04:00:00 pm,56
08-Nov-19 08:00:00 pm,0
09-Nov-19 12:00:00 am,0
09-Nov-19 04:00:00 am,0
09-Nov-19 08:00:00 am,0
09-Nov-19 12:00:00 pm,0
09-Nov-19 04:00:00 pm,0
09-Nov-19 08:00:00 pm,0
10-Nov-19 12:00:00 am,0
10-Nov-19 04:00:00 am,0
10-Nov-19 08:00:00 am,0
10-Nov-19 12:00:00 pm,0
10-Nov-19 04:00:00 pm,3
10-Nov-19 08:00:00 pm,0
11-Nov-19 12:00:00 am,0
11-Nov-19 04:00:00 am,23
11-Nov-19 08:00:00 am,61
11-Nov-19 12:00:00 pm,94
11-Nov-19 04:00:00 pm,54
11-Nov-19 08:00:00 pm,3
12-Nov-19 12:00:00 am,0
12-Nov-19 04:00:00 am,27
12-Nov-19 08:00:00 am,64
12-Nov-19 12:00:00 pm,73
12-Nov-19 04:00:00 pm,50
12-Nov-19 08:00:00 pm,1
13-Nov-19 12:00:00 am,0
13-Nov-19 04:00:00 am,30
13-Nov-19 08:00:00 am,73
13-Nov-19 12:00:00 pm,93
13-Nov-19 04:00:00 pm,52
13-Nov-19 08:00:00 pm,3
14-Nov-19 12:00:00 am,0
14-Nov-19 04:00:00 am,26
14-Nov-19 08:00:00 am,66
14-Nov-19 12:00:00 pm,75
14-Nov-19 04:00:00 pm,50
14-Nov-19 08:00:00 pm,1
15-Nov-19 12:00:00 am,0
15-Nov-19 04:00:00 am,27
15-Nov-19 08:00:00 am,61
15-Nov-19 12:00:00 pm,20
15-Nov-19 04:00:00 pm,11
15-Nov-19 08:00:00 pm,0
16-Nov-19 12:00:00 am,0
16-Nov-19 04:00:00 am,0
16-Nov-19 08:00:00 am,0
16-Nov-19 12:00:00 pm,0
16-Nov-19 04:00:00 pm,0
16-Nov-19 08:00:00 pm,3
17-Nov-19 12:00:00 am,0
17-Nov-19 04:00:00 am,0
17-Nov-19 08:00:00 am,0
17-Nov-19 12:00:00 pm,0
17-Nov-19 04:00:00 pm,0
17-Nov-19 08:00:00 pm,0
18-Nov-19 12:00:00 am,0
18-Nov-19 04:00:00 am,27
18-Nov-19 08:00:00 am,66
18-Nov-19 12:00:00 pm,68
18-Nov-19 04:00:00 pm,37
18-Nov-19 08:00:00 pm,0
19-Nov-19 12:00:00 am,0
19-Nov-19 04:00:00 am,29
19-Nov-19 08:00:00 am,67
19-Nov-19 12:00:00 pm,64
19-Nov-19 04:00:00 pm,39
19-Nov-19 08:00:00 pm,0
20-Nov-19 12:00:00 am,0
20-Nov-19 04:00:00 am,15
20-Nov-19 08:00:00 am,47
20-Nov-19 12:00:00 pm,82
20-Nov-19 04:00:00 pm,43
20-Nov-19 08:00:00 pm,3
21-Nov-19 12:00:00 am,0
21-Nov-19 04:00:00 am,10
21-Nov-19 08:00:00 am,34
21-Nov-19 12:00:00 pm,86
21-Nov-19 04:00:00 pm,43
21-Nov-19 08:00:00 pm,0
22-Nov-19 12:00:00 am,3
22-Nov-19 04:00:00 am,12
22-Nov-19 08:00:00 am,35
22-Nov-19 12:00:00 pm,61
22-Nov-19 04:00:00 pm,29
22-Nov-19 08:00:00 pm,0
23-Nov-19 12:00:00 am,0
23-Nov-19 04:00:00 am,0
23-Nov-19 08:00:00 am,0
23-Nov-19 12:00:00 pm,0
23-Nov-19 04:00:00 pm,0
23-Nov-19 08:00:00 pm,0
24-Nov-19 12:00:00 am,0
24-Nov-19 04:00:00 am,0
24-Nov-19 08:00:00 am,0
24-Nov-19 12:00:00 pm,3
24-Nov-19 04:00:00 pm,0
24-Nov-19 08:00:00 pm,0
25-Nov-19 12:00:00 am,0
25-Nov-19 04:00:00 am,18
25-Nov-19 08:00:00 am,47
25-Nov-19 12:00:00 pm,79
25-Nov-19 04:00:00 pm,28
25-Nov-19 08:00:00 pm,0
26-Nov-19 12:00:00 am,0
26-Nov-19 04:00:00 am,9
26-Nov-19 08:00:00 am,55
26-Nov-19 12:00:00 pm,62
26-Nov-19 04:00:00 pm,22
26-Nov-19 08:00:00 pm,0
27-Nov-19 12:00:00 am,0
27-Nov-19 04:00:00 am,10
27-Nov-19 08:00:00 am,44
27-Nov-19 12:00:00 pm,82
27-Nov-19 04:00:00 pm,42
27-Nov-19 08:00:00 pm,0
28-Nov-19 12:00:00 am,0
28-Nov-19 04:00:00 am,9
28-Nov-19 08:00:00 am,37
28-Nov-19 12:00:00 pm,76
28-Nov-19 04:00:00 pm,31
28-Nov-19 08:00:00 pm,0
29-Nov-19 12:00:00 am,0
29-Nov-19 04:00:00 am,9
29-Nov-19 08:00:00 am,37
29-Nov-19 12:00:00 pm,74
29-Nov-19 04:00:00 pm,37
29-Nov-19 08:00:00 pm,0
30-Nov-19 12:00:00 am,0
30-Nov-19 04:00:00 am,0
30-Nov-19 08:00:00 am,0
30-Nov-19 12:00:00 pm,0
30-Nov-19 04:00:00 pm,0
30-Nov-19 08:00:00 pm,0
01-Dec-19 12:00:00 am,0
01-Dec-19 04:00:00 am,0
01-Dec-19 08:00:00 am,0
01-Dec-19 12:00:00 pm,0
01-Dec-19 04:00:00 pm,0
01-Dec-19 08:00:00 pm,0
02-Dec-19 12:00:00 am,0
02-Dec-19 04:00:00 am,14
02-Dec-19 08:00:00 am,50
02-Dec-19 12:00:00 pm,75
02-Dec-19 04:00:00 pm,45
02-Dec-19 08:00:00 pm,0
03-Dec-19 12:00:00 am,0
03-Dec-19 04:00:00 am,26
03-Dec-19 08:00:00 am,68
03-Dec-19 12:00:00 pm,72
03-Dec-19 04:00:00 pm,55
03-Dec-19 08:00:00 pm,2
04-Dec-19 12:00:00 am,0
04-Dec-19 04:00:00 am,29
04-Dec-19 08:00:00 am,70
04-Dec-19 12:00:00 pm,68
04-Dec-19 04:00:00 pm,35
04-Dec-19 08:00:00 pm,8
05-Dec-19 12:00:00 am,0
05-Dec-19 04:00:00 am,25
05-Dec-19 08:00:00 am,61
05-Dec-19 12:00:00 pm,70
05-Dec-19 04:00:00 pm,34
05-Dec-19 08:00:00 pm,3
06-Dec-19 12:00:00 am,0
06-Dec-19 04:00:00 am,21
06-Dec-19 08:00:00 am,74
06-Dec-19 12:00:00 pm,71
06-Dec-19 04:00:00 pm,37
06-Dec-19 08:00:00 pm,0
07-Dec-19 12:00:00 am,6
07-Dec-19 04:00:00 am,0
07-Dec-19 08:00:00 am,0
07-Dec-19 12:00:00 pm,0
07-Dec-19 04:00:00 pm,1
07-Dec-19 08:00:00 pm,0
08-Dec-19 12:00:00 am,0
08-Dec-19 04:00:00 am,0
08-Dec-19 08:00:00 am,3
08-Dec-19 12:00:00 pm,0
08-Dec-19 04:00:00 pm,0
08-Dec-19 08:00:00 pm,0
09-Dec-19 12:00:00 am,0
09-Dec-19 04:00:00 am,18
09-Dec-19 08:00:00 am,48
09-Dec-19 12:00:00 pm,52
09-Dec-19 04:00:00 pm,32
09-Dec-19 08:00:00 pm,3
10-Dec-19 12:00:00 am,0
10-Dec-19 04:00:00 am,18
10-Dec-19 08:00:00 am,47
10-Dec-19 12:00:00 pm,57
10-Dec-19 04:00:00 pm,29
10-Dec-19 08:00:00 pm,7
11-Dec-19 12:00:00 am,0
11-Dec-19 04:00:00 am,24
11-Dec-19 08:00:00 am,57
11-Dec-19 12:00:00 pm,61
11-Dec-19 04:00:00 pm,37
11-Dec-19 08:00:00 pm,0
12-Dec-19 12:00:00 am,0
12-Dec-19 04:00:00 am,26
12-Dec-19 08:00:00 am,62
12-Dec-19 12:00:00 pm,83
12-Dec-19 04:00:00 pm,42
12-Dec-19 08:00:00 pm,1
13-Dec-19 12:00:00 am,0
13-Dec-19 04:00:00 am,23
13-Dec-19 08:00:00 am,59
13-Dec-19 12:00:00 pm,65
13-Dec-19 04:00:00 pm,37
13-Dec-19 08:00:00 pm,0
14-Dec-19 12:00:00 am,0
14-Dec-19 04:00:00 am,0
14-Dec-19 08:00:00 am,0
14-Dec-19 12:00:00 pm,0
14-Dec-19 04:00:00 pm,3
14-Dec-19 08:00:00 pm,0
15-Dec-19 12:00:00 am,0
15-Dec-19 04:00:00 am,0
15-Dec-19 08:00:00 am,0
15-Dec-19 12:00:00 pm,0
15-Dec-19 04:00:00 pm,3
15-Dec-19 08:00:00 pm,0
16-Dec-19 12:00:00 am,0
16-Dec-19 04:00:00 am,15
16-Dec-19 08:00:00 am,52
16-Dec-19 12:00:00 pm,71
16-Dec-19 04:00:00 pm,32
16-Dec-19 08:00:00 pm,3
17-Dec-19 12:00:00 am,0
17-Dec-19 04:00:00 am,11
17-Dec-19 08:00:00 am,39
17-Dec-19 12:00:00 pm,58
17-Dec-19 04:00:00 pm,33
17-Dec-19 08:00:00 pm,1
18-Dec-19 12:00:00 am,0
18-Dec-19 04:00:00 am,14
18-Dec-19 08:00:00 am,40
18-Dec-19 12:00:00 pm,58
18-Dec-19 04:00:00 pm,31
18-Dec-19 08:00:00 pm,1
19-Dec-19 12:00:00 am,0
19-Dec-19 04:00:00 am,17
19-Dec-19 08:00:00 am,55
19-Dec-19 12:00:00 pm,63
19-Dec-19 04:00:00 pm,27
19-Dec-19 08:00:00 pm,3
20-Dec-19 12:00:00 am,0
20-Dec-19 04:00:00 am,29
20-Dec-19 08:00:00 am,66
20-Dec-19 12:00:00 pm,61
20-Dec-19 04:00:00 pm,28
20-Dec-19 08:00:00 pm,0
21-Dec-19 12:00:00 am,0
21-Dec-19 04:00:00 am,0
21-Dec-19 08:00:00 am,0
21-Dec-19 12:00:00 pm,0
21-Dec-19 04:00:00 pm,0
21-Dec-19 08:00:00 pm,0
22-Dec-19 12:00:00 am,0
22-Dec-19 04:00:00 am,0
22-Dec-19 08:00:00 am,0
22-Dec-19 12:00:00 pm,3
22-Dec-19 04:00:00 pm,0
22-Dec-19 08:00:00 pm,0
23-Dec-19 12:00:00 am,0
23-Dec-19 04:00:00 am,16
23-Dec-19 08:00:00 am,45
23-Dec-19 12:00:00 pm,53
23-Dec-19 04:00:00 pm,30
23-Dec-19 08:00:00 pm,3
24-Dec-19 12:00:00 am,0
24-Dec-19 04:00:00 am,11
24-Dec-19 08:00:00 am,30
24-Dec-19 12:00:00 pm,44
24-Dec-19 04:00:00 pm,25
24-Dec-19 08:00:00 pm,0
25-Dec-19 12:00:00 am,0
25-Dec-19 04:00:00 am,16
25-Dec-19 08:00:00 am,52
25-Dec-19 12:00:00 pm,62
25-Dec-19 04:00:00 pm,32
25-Dec-19 08:00:00 pm,0
26-Dec-19 12:00:00 am,0
26-Dec-19 04:00:00 am,10
26-Dec-19 08:00:00 am,31
26-Dec-19 12:00:00 pm,44
26-Dec-19 04:00:00 pm,25
26-Dec-19 08:00:00 pm,1
27-Dec-19 12:00:00 am,0
27-Dec-19 04:00:00 am,15
27-Dec-19 08:00:00 am,45
27-Dec-19 12:00:00 pm,50
27-Dec-19 04:00:00 pm,30
27-Dec-19 08:00:00 pm,0
28-Dec-19 12:00:00 am,0
28-Dec-19 04:00:00 am,0
28-Dec-19 08:00:00 am,0
28-Dec-19 12:00:00 pm,0
28-Dec-19 04:00:00 pm,3
28-Dec-19 08:00:00 pm,0
29-Dec-19 12:00:00 am,0
29-Dec-19 04:00:00 am,0
29-Dec-19 08:00:00 am,0
29-Dec-19 12:00:00 pm,0
29-Dec-19 04:00:00 pm,0
29-Dec-19 08:00:00 pm,0
30-Dec-19 12:00:00 am,0
30-Dec-19 04:00:00 am,20
30-Dec-19 08:00:00 am,51
30-Dec-19 12:00:00 pm,60
30-Dec-19 04:00:00 pm,36
30-Dec-19 08:00:00 pm,7
31-Dec-19 12:00:00 am,0
31-Dec-19 04:00:00 am,25
31-Dec-19 08:00:00 am,62
31-Dec-19 12:00:00 pm,72
31-Dec-19 04:00:00 pm,48
31-Dec-19 08:00:00 pm,0