Timestamp,RTU_1 BldgStatPress(in/wc)
01-Jan-19 12:00:00 am,0.01
01-Jan-19 04:00:00 am,0.01
01-Jan-19 08:00:00 am,0.01
01-Jan-19 12:00:00 pm,0.01
01-Jan-19 04:00:00 pm,0.01
01-Jan-19 08:00:00 pm,0.01
02-Jan-19 12:00:00 am,0.01
02-Jan-19 04:00:00 am,0.01
02-Jan-19 08:00:00 am,0.01
02-Jan-19 12:00:00 pm,0.01
02-Jan-19 04:00:00 pm,0.01
02-Jan-19 08:00:00 pm,0.00
03-Jan-19 12:00:00 am,0.01
03-Jan-19 04:00:00 am,0.01
03-Jan-19 08:00:00 am,0.01
03-Jan-19 12:00:00 pm,0.01
03-Jan-19 04:00:00 pm,0.00
03-Jan-19 08:00:00 pm,0.00
04-Jan-19 12:00:00 am,0.01
04-Jan-19 04:00:00 am,0.01
04-Jan-19 08:00:00 am,0.01
04-Jan-19 12:00:00 pm,0.02
04-Jan-19 04:00:00 pm,0.01
04-Jan-19 08:00:00 pm,0.00
05-Jan-19 12:00:00 am,0.00
05-Jan-19 04:00:00 am,0.00
05-Jan-19 08:00:00 am,0.00
05-Jan-19 12:00:00 pm,0.00
05-Jan-19 04:00:00 pm,0.00
05-Jan-19 08:00:00 pm,0.00
06-Jan-19 12:00:00 am,0.02
06-Jan-19 04:00:00 am,0.01
06-Jan-19 08:00:00 am,0.01
06-Jan-19 12:00:00 pm,0.01
06-Jan-19 04:00:00 pm,0.00
06-Jan-19 08:00:00 pm,0.01
07-Jan-19 12:00:00 am,0.01
07-Jan-19 04:00:00 am,0.01
07-Jan-19 08:00:00 am,0.01
07-Jan-19 12:00:00 pm,0.01
07-Jan-19 04:00:00 pm,0.01
07-Jan-19 08:00:00 pm,0.00
08-Jan-19 12:00:00 am,0.01
08-Jan-19 04:00:00 am,0.01
08-Jan-19 08:00:00 am,0.01
08-Jan-19 12:00:00 pm,0.01
08-Jan-19 04:00:00 pm,0.01
08-Jan-19 08:00:00 pm,0.00
09-Jan-19 12:00:00 am,0.01
09-Jan-19 04:00:00 am,0.01
09-Jan-19 08:00:00 am,0.01
09-Jan-19 12:00:00 pm,0.01
09-Jan-19 04:00:00 pm,0.01
09-Jan-19 08:00:00 pm,-0.00
10-Jan-19 12:00:00 am,0.00
10-Jan-19 04:00:00 am,0.01
10-Jan-19 08:00:00 am,0.01
10-Jan-19 12:00:00 pm,0.01
10-Jan-19 04:00:00 pm,0.00
10-Jan-19 08:00:00 pm,0.00
11-Jan-19 12:00:00 am,0.01
11-Jan-19 04:00:00 am,0.01
11-Jan-19 08:00:00 am,0.01
11-Jan-19 12:00:00 pm,0.01
11-Jan-19 04:00:00 pm,0.00
11-Jan-19 08:00:00 pm,0.00
12-Jan-19 12:00:00 am,0.00
12-Jan-19 04:00:00 am,0.00
12-Jan-19 08:00:00 am,0.00
12-Jan-19 12:00:00 pm,0.00
12-Jan-19 04:00:00 pm,0.00
12-Jan-19 08:00:00 pm,0.00
13-Jan-19 12:00:00 am,0.00
13-Jan-19 04:00:00 am,0.01
13-Jan-19 08:00:00 am,0.01
13-Jan-19 12:00:00 pm,0.00
13-Jan-19 04:00:00 pm,0.00
13-Jan-19 08:00:00 pm,0.01
14-Jan-19 12:00:00 am,0.01
14-Jan-19 04:00:00 am,0.01
14-Jan-19 08:00:00 am,0.01
14-Jan-19 12:00:00 pm,0.01
14-Jan-19 04:00:00 pm,0.01
14-Jan-19 08:00:00 pm,0.00
15-Jan-19 12:00:00 am,0.01
15-Jan-19 04:00:00 am,0.01
15-Jan-19 08:00:00 am,0.01
15-Jan-19 12:00:00 pm,0.01
15-Jan-19 04:00:00 pm,0.01
15-Jan-19 08:00:00 pm,0.00
16-Jan-19 12:00:00 am,0.01
16-Jan-19 04:00:00 am,0.01
16-Jan-19 08:00:00 am,0.01
16-Jan-19 12:00:00 pm,0.01
16-Jan-19 04:00:00 pm,0.00
16-Jan-19 08:00:00 pm,-0.00
17-Jan-19 12:00:00 am,0.00
17-Jan-19 04:00:00 am,0.01
17-Jan-19 08:00:00 am,0.01
17-Jan-19 12:00:00 pm,0.01
17-Jan-19 04:00:00 pm,0.01
17-Jan-19 08:00:00 pm,0.01
18-Jan-19 12:00:00 am,0.01
18-Jan-19 04:00:00 am,0.01
18-Jan-19 08:00:00 am,0.01
18-Jan-19 12:00:00 pm,0.01
18-Jan-19 04:00:00 pm,0.00
18-Jan-19 08:00:00 pm,0.00
19-Jan-19 12:00:00 am,0.01
19-Jan-19 04:00:00 am,0.01
19-Jan-19 08:00:00 am,0.00
19-Jan-19 12:00:00 pm,0.00
19-Jan-19 04:00:00 pm,0.01
19-Jan-19 08:00:00 pm,0.01
20-Jan-19 12:00:00 am,0.01
20-Jan-19 04:00:00 am,0.01
20-Jan-19 08:00:00 am,0.01
20-Jan-19 12:00:00 pm,0.01
20-Jan-19 04:00:00 pm,0.00
20-Jan-19 08:00:00 pm,0.01
21-Jan-19 12:00:00 am,0.01
21-Jan-19 04:00:00 am,0.01
21-Jan-19 08:00:00 am,0.01
21-Jan-19 12:00:00 pm,0.01
21-Jan-19 04:00:00 pm,0.01
21-Jan-19 08:00:00 pm,0.01
22-Jan-19 12:00:00 am,0.01
22-Jan-19 04:00:00 am,0.01
22-Jan-19 08:00:00 am,0.01
22-Jan-19 12:00:00 pm,0.01
22-Jan-19 04:00:00 pm,0.01
22-Jan-19 08:00:00 pm,0.00
23-Jan-19 12:00:00 am,0.01
23-Jan-19 04:00:00 am,0.01
23-Jan-19 08:00:00 am,0.01
23-Jan-19 12:00:00 pm,0.01
23-Jan-19 04:00:00 pm,0.01
23-Jan-19 08:00:00 pm,0.00
24-Jan-19 12:00:00 am,0.01
24-Jan-19 04:00:00 am,0.01
24-Jan-19 08:00:00 am,0.01
24-Jan-19 12:00:00 pm,0.01
24-Jan-19 04:00:00 pm,0.01
24-Jan-19 08:00:00 pm,0.00
25-Jan-19 12:00:00 am,0.01
25-Jan-19 04:00:00 am,0.01
25-Jan-19 08:00:00 am,0.01
25-Jan-19 12:00:00 pm,0.01
25-Jan-19 04:00:00 pm,0.01
25-Jan-19 08:00:00 pm,0.00
26-Jan-19 12:00:00 am,0.01
26-Jan-19 04:00:00 am,0.01
26-Jan-19 08:00:00 am,0.00
26-Jan-19 12:00:00 pm,0.00
26-Jan-19 04:00:00 pm,0.00
26-Jan-19 08:00:00 pm,0.00
27-Jan-19 12:00:00 am,0.00
27-Jan-19 04:00:00 am,0.01
27-Jan-19 08:00:00 am,0.00
27-Jan-19 12:00:00 pm,0.00
27-Jan-19 04:00:00 pm,0.00
27-Jan-19 08:00:00 pm,0.00
28-Jan-19 12:00:00 am,0.01
28-Jan-19 04:00:00 am,0.02
28-Jan-19 08:00:00 am,0.01
28-Jan-19 12:00:00 pm,0.01
28-Jan-19 04:00:00 pm,0.01
28-Jan-19 08:00:00 pm,0.00
29-Jan-19 12:00:00 am,0.01
29-Jan-19 04:00:00 am,0.01
29-Jan-19 08:00:00 am,0.01
29-Jan-19 12:00:00 pm,0.01
29-Jan-19 04:00:00 pm,0.00
29-Jan-19 08:00:00 pm,0.00
30-Jan-19 12:00:00 am,0.01
30-Jan-19 04:00:00 am,0.01
30-Jan-19 08:00:00 am,0.01
30-Jan-19 12:00:00 pm,0.01
30-Jan-19 04:00:00 pm,0.01
30-Jan-19 08:00:00 pm,0.00
31-Jan-19 12:00:00 am,0.01
31-Jan-19 04:00:00 am,0.01
31-Jan-19 08:00:00 am,0.01
31-Jan-19 12:00:00 pm,0.01
31-Jan-19 04:00:00 pm,0.00
31-Jan-19 08:00:00 pm,-0.00
01-Feb-19 12:00:00 am,0.00
01-Feb-19 04:00:00 am,0.01
01-Feb-19 08:00:00 am,0.01
01-Feb-19 12:00:00 pm,0.01
01-Feb-19 04:00:00 pm,0.00
01-Feb-19 08:00:00 pm,0.00
02-Feb-19 12:00:00 am,0.00
02-Feb-19 04:00:00 am,0.00
02-Feb-19 08:00:00 am,0.00
02-Feb-19 12:00:00 pm,0.00
02-Feb-19 04:00:00 pm,0.00
02-Feb-19 08:00:00 pm,0.00
03-Feb-19 12:00:00 am,0.00
03-Feb-19 04:00:00 am,0.00
03-Feb-19 08:00:00 am,0.01
03-Feb-19 12:00:00 pm,0.01
03-Feb-19 04:00:00 pm,0.01
03-Feb-19 08:00:00 pm,0.01
04-Feb-19 12:00:00 am,0.01
04-Feb-19 04:00:00 am,0.02
04-Feb-19 08:00:00 am,0.02
04-Feb-19 12:00:00 pm,0.02
04-Feb-19 04:00:00 pm,0.02
04-Feb-19 08:00:00 pm,0.02
05-Feb-19 12:00:00 am,0.02
05-Feb-19 04:00:00 am,0.02
05-Feb-19 08:00:00 am,0.02
05-Feb-19 12:00:00 pm,0.02
05-Feb-19 04:00:00 pm,0.01
05-Feb-19 08:00:00 pm,0.01
06-Feb-19 12:00:00 am,0.02
06-Feb-19 04:00:00 am,0.02
06-Feb-19 08:00:00 am,0.02
06-Feb-19 12:00:00 pm,0.02
06-Feb-19 04:00:00 pm,0.01
06-Feb-19 08:00:00 pm,0.01
07-Feb-19 12:00:00 am,0.02
07-Feb-19 04:00:00 am,0.02
07-Feb-19 08:00:00 am,0.02
07-Feb-19 12:00:00 pm,0.01
07-Feb-19 04:00:00 pm,0.01
07-Feb-19 08:00:00 pm,0.01
08-Feb-19 12:00:00 am,0.01
08-Feb-19 04:00:00 am,0.01
08-Feb-19 08:00:00 am,0.01
08-Feb-19 12:00:00 pm,0.01
08-Feb-19 04:00:00 pm,0.01
08-Feb-19 08:00:00 pm,0.01
09-Feb-19 12:00:00 am,0.01
09-Feb-19 04:00:00 am,0.01
09-Feb-19 08:00:00 am,0.01
09-Feb-19 12:00:00 pm,0.01
09-Feb-19 04:00:00 pm,0.01
09-Feb-19 08:00:00 pm,0.02
10-Feb-19 12:00:00 am,0.02
10-Feb-19 04:00:00 am,0.02
10-Feb-19 08:00:00 am,0.02
10-Feb-19 12:00:00 pm,0.01
10-Feb-19 04:00:00 pm,0.01
10-Feb-19 08:00:00 pm,0.01
11-Feb-19 12:00:00 am,0.01
11-Feb-19 04:00:00 am,0.01
11-Feb-19 08:00:00 am,0.01
11-Feb-19 12:00:00 pm,0.01
11-Feb-19 04:00:00 pm,0.01
11-Feb-19 08:00:00 pm,0.01
12-Feb-19 12:00:00 am,0.01
12-Feb-19 04:00:00 am,0.01
12-Feb-19 08:00:00 am,0.01
12-Feb-19 12:00:00 pm,0.01
12-Feb-19 04:00:00 pm,0.01
12-Feb-19 08:00:00 pm,0.01
13-Feb-19 12:00:00 am,0.01
13-Feb-19 04:00:00 am,0.01
13-Feb-19 08:00:00 am,0.01
13-Feb-19 12:00:00 pm,0.01
13-Feb-19 04:00:00 pm,0.01
13-Feb-19 08:00:00 pm,0.01
14-Feb-19 12:00:00 am,0.01
14-Feb-19 04:00:00 am,0.01
14-Feb-19 08:00:00 am,0.01
14-Feb-19 12:00:00 pm,0.01
14-Feb-19 04:00:00 pm,0.01
14-Feb-19 08:00:00 pm,0.00
15-Feb-19 12:00:00 am,0.01
15-Feb-19 04:00:00 am,0.01
15-Feb-19 08:00:00 am,0.01
15-Feb-19 12:00:00 pm,0.02
15-Feb-19 04:00:00 pm,0.01
15-Feb-19 08:00:00 pm,0.01
16-Feb-19 12:00:00 am,0.01
16-Feb-19 04:00:00 am,0.01
16-Feb-19 08:00:00 am,0.00
16-Feb-19 12:00:00 pm,0.00
16-Feb-19 04:00:00 pm,0.00
16-Feb-19 08:00:00 pm,0.00
17-Feb-19 12:00:00 am,0.00
17-Feb-19 04:00:00 am,0.01
17-Feb-19 08:00:00 am,0.01
17-Feb-19 12:00:00 pm,0.00
17-Feb-19 04:00:00 pm,0.00
17-Feb-19 08:00:00 pm,0.01
18-Feb-19 12:00:00 am,0.01
18-Feb-19 04:00:00 am,0.01
18-Feb-19 08:00:00 am,0.01
18-Feb-19 12:00:00 pm,0.01
18-Feb-19 04:00:00 pm,0.01
18-Feb-19 08:00:00 pm,0.00
19-Feb-19 12:00:00 am,0.01
19-Feb-19 04:00:00 am,0.01
19-Feb-19 08:00:00 am,0.01
19-Feb-19 12:00:00 pm,0.01
19-Feb-19 04:00:00 pm,0.01
19-Feb-19 08:00:00 pm,0.00
20-Feb-19 12:00:00 am,0.01
20-Feb-19 04:00:00 am,0.01
20-Feb-19 08:00:00 am,0.01
20-Feb-19 12:00:00 pm,0.01
20-Feb-19 04:00:00 pm,0.01
20-Feb-19 08:00:00 pm,0.00
21-Feb-19 12:00:00 am,0.01
21-Feb-19 04:00:00 am,0.02
21-Feb-19 08:00:00 am,0.01
21-Feb-19 12:00:00 pm,0.01
21-Feb-19 04:00:00 pm,0.01
21-Feb-19 08:00:00 pm,0.01
22-Feb-19 12:00:00 am,0.01
22-Feb-19 04:00:00 am,0.01
22-Feb-19 08:00:00 am,0.02
22-Feb-19 12:00:00 pm,0.01
22-Feb-19 04:00:00 pm,0.01
22-Feb-19 08:00:00 pm,0.01
23-Feb-19 12:00:00 am,0.01
23-Feb-19 04:00:00 am,0.01
23-Feb-19 08:00:00 am,0.01
23-Feb-19 12:00:00 pm,0.00
23-Feb-19 04:00:00 pm,0.00
23-Feb-19 08:00:00 pm,0.00
24-Feb-19 12:00:00 am,0.00
24-Feb-19 04:00:00 am,0.01
24-Feb-19 08:00:00 am,0.01
24-Feb-19 12:00:00 pm,0.00
24-Feb-19 04:00:00 pm,0.00
24-Feb-19 08:00:00 pm,0.01
25-Feb-19 12:00:00 am,0.01
25-Feb-19 04:00:00 am,0.01
25-Feb-19 08:00:00 am,0.01
25-Feb-19 12:00:00 pm,0.02
25-Feb-19 04:00:00 pm,0.01
25-Feb-19 08:00:00 pm,0.00
26-Feb-19 12:00:00 am,0.01
26-Feb-19 04:00:00 am,0.02
26-Feb-19 08:00:00 am,0.01
26-Feb-19 12:00:00 pm,0.01
26-Feb-19 04:00:00 pm,0.01
26-Feb-19 08:00:00 pm,0.01
27-Feb-19 12:00:00 am,0.01
27-Feb-19 04:00:00 am,0.01
27-Feb-19 08:00:00 am,0.01
27-Feb-19 12:00:00 pm,0.01
27-Feb-19 04:00:00 pm,0.01
27-Feb-19 08:00:00 pm,0.00
28-Feb-19 12:00:00 am,0.01
28-Feb-19 04:00:00 am,0.01
28-Feb-19 08:00:00 am,0.01
28-Feb-19 12:00:00 pm,0.01
28-Feb-19 04:00:00 pm,0.00
28-Feb-19 08:00:00 pm,0.01
01-Mar-19 12:00:00 am,0.01
01-Mar-19 04:00:00 am,0.01
01-Mar-19 08:00:00 am,0.01
01-Mar-19 12:00:00 pm,0.01
01-Mar-19 04:00:00 pm,0.01
01-Mar-19 08:00:00 pm,0.00
02-Mar-19 12:00:00 am,0.01
02-Mar-19 04:00:00 am,0.01
02-Mar-19 08:00:00 am,0.01
02-Mar-19 12:00:00 pm,0.01
02-Mar-19 04:00:00 pm,0.01
02-Mar-19 08:00:00 pm,0.00
03-Mar-19 12:00:00 am,0.01
03-Mar-19 04:00:00 am,0.01
03-Mar-19 08:00:00 am,0.01
03-Mar-19 12:00:00 pm,0.01
03-Mar-19 04:00:00 pm,0.01
03-Mar-19 08:00:00 pm,0.01
04-Mar-19 12:00:00 am,0.01
04-Mar-19 04:00:00 am,0.01
04-Mar-19 08:00:00 am,0.01
04-Mar-19 12:00:00 pm,0.01
04-Mar-19 04:00:00 pm,0.00
04-Mar-19 08:00:00 pm,0.01
05-Mar-19 12:00:00 am,0.01
05-Mar-19 04:00:00 am,0.01
05-Mar-19 08:00:00 am,0.01
05-Mar-19 12:00:00 pm,0.01
05-Mar-19 04:00:00 pm,0.01
05-Mar-19 08:00:00 pm,0.01
06-Mar-19 12:00:00 am,0.01
06-Mar-19 04:00:00 am,0.01
06-Mar-19 08:00:00 am,0.01
06-Mar-19 12:00:00 pm,0.01
06-Mar-19 04:00:00 pm,0.01
06-Mar-19 08:00:00 pm,0.01
07-Mar-19 12:00:00 am,0.01
07-Mar-19 04:00:00 am,0.01
07-Mar-19 08:00:00 am,0.01
07-Mar-19 12:00:00 pm,0.01
07-Mar-19 04:00:00 pm,0.01
07-Mar-19 08:00:00 pm,0.01
08-Mar-19 12:00:00 am,0.01
08-Mar-19 04:00:00 am,0.01
08-Mar-19 08:00:00 am,0.01
08-Mar-19 12:00:00 pm,0.01
08-Mar-19 04:00:00 pm,0.01
08-Mar-19 08:00:00 pm,0.01
09-Mar-19 12:00:00 am,0.01
09-Mar-19 04:00:00 am,0.01
09-Mar-19 08:00:00 am,0.01
09-Mar-19 12:00:00 pm,0.01
09-Mar-19 04:00:00 pm,0.01
09-Mar-19 08:00:00 pm,0.01
10-Mar-19 12:00:00 am,0.01
10-Mar-19 05:00:00 am,0.01
10-Mar-19 09:00:00 am,0.01
10-Mar-19 01:00:00 pm,0.01
10-Mar-19 05:00:00 pm,0.00
10-Mar-19 09:00:00 pm,0.01
11-Mar-19 01:00:00 am,0.01
11-Mar-19 05:00:00 am,0.01
11-Mar-19 09:00:00 am,0.00
11-Mar-19 01:00:00 pm,0.00
11-Mar-19 05:00:00 pm,0.01
11-Mar-19 09:00:00 pm,0.00
12-Mar-19 01:00:00 am,0.01
12-Mar-19 05:00:00 am,0.01
12-Mar-19 09:00:00 am,0.01
12-Mar-19 01:00:00 pm,0.01
12-Mar-19 05:00:00 pm,0.00
12-Mar-19 09:00:00 pm,0.01
13-Mar-19 01:00:00 am,0.01
13-Mar-19 05:00:00 am,0.01
13-Mar-19 09:00:00 am,0.01
13-Mar-19 01:00:00 pm,0.01
13-Mar-19 05:00:00 pm,0.00
13-Mar-19 09:00:00 pm,0.00
14-Mar-19 01:00:00 am,0.01
14-Mar-19 05:00:00 am,0.01
14-Mar-19 09:00:00 am,0.01
14-Mar-19 01:00:00 pm,0.01
14-Mar-19 05:00:00 pm,0.00
14-Mar-19 09:00:00 pm,0.00
15-Mar-19 01:00:00 am,0.01
15-Mar-19 05:00:00 am,0.00
15-Mar-19 09:00:00 am,0.00
15-Mar-19 01:00:00 pm,0.00
15-Mar-19 05:00:00 pm,0.00
15-Mar-19 09:00:00 pm,0.00
16-Mar-19 01:00:00 am,0.00
16-Mar-19 05:00:00 am,0.00
16-Mar-19 09:00:00 am,0.00
16-Mar-19 01:00:00 pm,0.00
16-Mar-19 05:00:00 pm,0.00
16-Mar-19 09:00:00 pm,0.00
17-Mar-19 01:00:00 am,0.00
17-Mar-19 05:00:00 am,0.00
17-Mar-19 09:00:00 am,0.00
17-Mar-19 01:00:00 pm,0.01
17-Mar-19 05:00:00 pm,-0.00
17-Mar-19 09:00:00 pm,0.00
18-Mar-19 01:00:00 am,0.00
18-Mar-19 05:00:00 am,0.01
18-Mar-19 09:00:00 am,0.00
18-Mar-19 01:00:00 pm,0.00
18-Mar-19 05:00:00 pm,-0.00
18-Mar-19 09:00:00 pm,-0.00
19-Mar-19 01:00:00 am,0.00
19-Mar-19 05:00:00 am,0.00
19-Mar-19 09:00:00 am,-0.00
19-Mar-19 01:00:00 pm,0.02
19-Mar-19 05:00:00 pm,-0.00
19-Mar-19 09:00:00 pm,-0.00
20-Mar-19 01:00:00 am,0.00
20-Mar-19 05:00:00 am,0.00
20-Mar-19 09:00:00 am,0.00
20-Mar-19 01:00:00 pm,0.00
20-Mar-19 05:00:00 pm,0.00
20-Mar-19 09:00:00 pm,-0.00
21-Mar-19 01:00:00 am,0.00
21-Mar-19 05:00:00 am,0.01
21-Mar-19 09:00:00 am,0.01
21-Mar-19 01:00:00 pm,0.01
21-Mar-19 05:00:00 pm,0.00
21-Mar-19 09:00:00 pm,0.00
22-Mar-19 01:00:00 am,0.00
22-Mar-19 05:00:00 am,0.01
22-Mar-19 09:00:00 am,0.00
22-Mar-19 01:00:00 pm,0.01
22-Mar-19 05:00:00 pm,0.00
22-Mar-19 09:00:00 pm,0.00
23-Mar-19 01:00:00 am,0.00
23-Mar-19 05:00:00 am,0.00
23-Mar-19 09:00:00 am,0.00
23-Mar-19 01:00:00 pm,0.01
23-Mar-19 05:00:00 pm,0.01
23-Mar-19 09:00:00 pm,0.00
24-Mar-19 01:00:00 am,0.00
24-Mar-19 05:00:00 am,0.00
24-Mar-19 09:00:00 am,0.00
24-Mar-19 01:00:00 pm,-0.00
24-Mar-19 05:00:00 pm,0.00
24-Mar-19 09:00:00 pm,0.00
25-Mar-19 01:00:00 am,0.01
25-Mar-19 05:00:00 am,0.01
25-Mar-19 09:00:00 am,0.00
25-Mar-19 01:00:00 pm,0.00
25-Mar-19 05:00:00 pm,0.01
25-Mar-19 09:00:00 pm,0.00
26-Mar-19 01:00:00 am,0.01
26-Mar-19 05:00:00 am,0.01
26-Mar-19 09:00:00 am,0.01
26-Mar-19 01:00:00 pm,0.01
26-Mar-19 05:00:00 pm,0.00
26-Mar-19 09:00:00 pm,0.00
27-Mar-19 01:00:00 am,0.01
27-Mar-19 05:00:00 am,0.01
27-Mar-19 09:00:00 am,0.01
27-Mar-19 01:00:00 pm,0.00
27-Mar-19 05:00:00 pm,-0.00
27-Mar-19 09:00:00 pm,0.00
28-Mar-19 01:00:00 am,0.01
28-Mar-19 05:00:00 am,0.01
28-Mar-19 09:00:00 am,0.00
28-Mar-19 01:00:00 pm,0.01
28-Mar-19 05:00:00 pm,-0.00
28-Mar-19 09:00:00 pm,0.00
29-Mar-19 01:00:00 am,0.00
29-Mar-19 05:00:00 am,0.01
29-Mar-19 09:00:00 am,0.00
29-Mar-19 01:00:00 pm,0.00
29-Mar-19 05:00:00 pm,-0.00
29-Mar-19 09:00:00 pm,-0.00
30-Mar-19 01:00:00 am,0.00
30-Mar-19 05:00:00 am,0.00
30-Mar-19 09:00:00 am,0.00
30-Mar-19 01:00:00 pm,0.01
30-Mar-19 05:00:00 pm,0.01
30-Mar-19 09:00:00 pm,0.00
31-Mar-19 01:00:00 am,0.00
31-Mar-19 05:00:00 am,0.00
31-Mar-19 09:00:00 am,0.00
31-Mar-19 01:00:00 pm,0.00
31-Mar-19 05:00:00 pm,-0.00
31-Mar-19 09:00:00 pm,0.00
01-Apr-19 01:00:00 am,0.00
01-Apr-19 05:00:00 am,0.01
01-Apr-19 09:00:00 am,0.00
01-Apr-19 01:00:00 pm,0.01
01-Apr-19 05:00:00 pm,-0.00
01-Apr-19 09:00:00 pm,-0.00
02-Apr-19 01:00:00 am,0.00
02-Apr-19 05:00:00 am,0.01
02-Apr-19 09:00:00 am,0.00
02-Apr-19 01:00:00 pm,0.00
02-Apr-19 05:00:00 pm,-0.00
02-Apr-19 09:00:00 pm,-0.00
03-Apr-19 01:00:00 am,0.00
03-Apr-19 05:00:00 am,0.00
03-Apr-19 09:00:00 am,0.01
03-Apr-19 01:00:00 pm,0.02
03-Apr-19 05:00:00 pm,0.01
03-Apr-19 09:00:00 pm,0.01
04-Apr-19 01:00:00 am,0.00
04-Apr-19 05:00:00 am,0.01
04-Apr-19 09:00:00 am,0.01
04-Apr-19 01:00:00 pm,0.01
04-Apr-19 05:00:00 pm,0.00
04-Apr-19 09:00:00 pm,0.00
05-Apr-19 01:00:00 am,0.00
05-Apr-19 05:00:00 am,0.00
05-Apr-19 09:00:00 am,0.00
05-Apr-19 01:00:00 pm,0.01
05-Apr-19 05:00:00 pm,0.01
05-Apr-19 09:00:00 pm,0.00
06-Apr-19 01:00:00 am,0.00
06-Apr-19 05:00:00 am,0.00
06-Apr-19 09:00:00 am,0.01
06-Apr-19 01:00:00 pm,0.01
06-Apr-19 05:00:00 pm,0.00
06-Apr-19 09:00:00 pm,0.00
07-Apr-19 01:00:00 am,0.00
07-Apr-19 05:00:00 am,0.00
07-Apr-19 09:00:00 am,0.00
07-Apr-19 01:00:00 pm,0.00
07-Apr-19 05:00:00 pm,0.00
07-Apr-19 09:00:00 pm,0.00
08-Apr-19 01:00:00 am,0.01
08-Apr-19 05:00:00 am,0.01
08-Apr-19 09:00:00 am,0.01
08-Apr-19 01:00:00 pm,0.00
08-Apr-19 05:00:00 pm,0.00
08-Apr-19 09:00:00 pm,0.00
09-Apr-19 01:00:00 am,0.00
09-Apr-19 05:00:00 am,0.01
09-Apr-19 09:00:00 am,0.01
09-Apr-19 01:00:00 pm,0.00
09-Apr-19 05:00:00 pm,0.00
09-Apr-19 09:00:00 pm,0.00
10-Apr-19 01:00:00 am,0.01
10-Apr-19 05:00:00 am,0.01
10-Apr-19 09:00:00 am,0.01
10-Apr-19 01:00:00 pm,0.02
10-Apr-19 05:00:00 pm,0.00
10-Apr-19 09:00:00 pm,0.00
11-Apr-19 01:00:00 am,0.01
11-Apr-19 05:00:00 am,0.01
11-Apr-19 09:00:00 am,0.01
11-Apr-19 01:00:00 pm,0.01
11-Apr-19 05:00:00 pm,0.00
11-Apr-19 09:00:00 pm,0.00
12-Apr-19 01:00:00 am,0.00
12-Apr-19 05:00:00 am,0.01
12-Apr-19 09:00:00 am,0.01
12-Apr-19 01:00:00 pm,0.01
12-Apr-19 05:00:00 pm,-0.00
12-Apr-19 09:00:00 pm,0.00
13-Apr-19 01:00:00 am,0.01
13-Apr-19 05:00:00 am,0.01
13-Apr-19 09:00:00 am,0.01
13-Apr-19 01:00:00 pm,0.01
13-Apr-19 05:00:00 pm,0.01
13-Apr-19 09:00:00 pm,0.01
14-Apr-19 01:00:00 am,0.01
14-Apr-19 05:00:00 am,0.01
14-Apr-19 09:00:00 am,0.01
14-Apr-19 01:00:00 pm,0.01
14-Apr-19 05:00:00 pm,0.01
14-Apr-19 09:00:00 pm,0.01
15-Apr-19 01:00:00 am,0.01
15-Apr-19 05:00:00 am,0.01
15-Apr-19 09:00:00 am,0.01
15-Apr-19 01:00:00 pm,0.01
15-Apr-19 05:00:00 pm,0.00
15-Apr-19 09:00:00 pm,0.00
16-Apr-19 01:00:00 am,0.01
16-Apr-19 05:00:00 am,0.01
16-Apr-19 09:00:00 am,0.01
16-Apr-19 01:00:00 pm,0.01
16-Apr-19 05:00:00 pm,0.00
16-Apr-19 09:00:00 pm,0.00
17-Apr-19 01:00:00 am,0.01
17-Apr-19 05:00:00 am,0.00
17-Apr-19 09:00:00 am,0.01
17-Apr-19 01:00:00 pm,0.01
17-Apr-19 05:00:00 pm,0.00
17-Apr-19 09:00:00 pm,-0.00
18-Apr-19 01:00:00 am,0.00
18-Apr-19 05:00:00 am,0.00
18-Apr-19 09:00:00 am,0.00
18-Apr-19 01:00:00 pm,0.01
18-Apr-19 05:00:00 pm,0.00
18-Apr-19 09:00:00 pm,-0.00
19-Apr-19 01:00:00 am,0.00
19-Apr-19 05:00:00 am,0.01
19-Apr-19 09:00:00 am,0.00
19-Apr-19 01:00:00 pm,0.00
19-Apr-19 05:00:00 pm,0.00
19-Apr-19 09:00:00 pm,0.00
20-Apr-19 01:00:00 am,0.00
20-Apr-19 05:00:00 am,0.00
20-Apr-19 09:00:00 am,0.00
20-Apr-19 01:00:00 pm,0.00
20-Apr-19 05:00:00 pm,0.01
20-Apr-19 09:00:00 pm,0.00
21-Apr-19 01:00:00 am,0.00
21-Apr-19 05:00:00 am,0.00
21-Apr-19 09:00:00 am,0.01
21-Apr-19 01:00:00 pm,0.01
21-Apr-19 05:00:00 pm,0.01
21-Apr-19 09:00:00 pm,0.00
22-Apr-19 01:00:00 am,0.01
22-Apr-19 05:00:00 am,0.01
22-Apr-19 09:00:00 am,0.01
22-Apr-19 01:00:00 pm,0.01
22-Apr-19 05:00:00 pm,0.00
22-Apr-19 09:00:00 pm,-0.00
23-Apr-19 01:00:00 am,0.01
23-Apr-19 05:00:00 am,0.01
23-Apr-19 09:00:00 am,0.00
23-Apr-19 01:00:00 pm,0.00
23-Apr-19 05:00:00 pm,0.00
23-Apr-19 09:00:00 pm,0.00
24-Apr-19 01:00:00 am,0.00
24-Apr-19 05:00:00 am,0.01
24-Apr-19 09:00:00 am,0.01
24-Apr-19 01:00:00 pm,0.01
24-Apr-19 05:00:00 pm,0.00
24-Apr-19 09:00:00 pm,-0.00
25-Apr-19 01:00:00 am,0.01
25-Apr-19 05:00:00 am,0.01
25-Apr-19 09:00:00 am,0.01
25-Apr-19 01:00:00 pm,0.01
25-Apr-19 05:00:00 pm,0.00
25-Apr-19 09:00:00 pm,-0.00
26-Apr-19 01:00:00 am,0.00
26-Apr-19 05:00:00 am,0.01
26-Apr-19 09:00:00 am,0.01
26-Apr-19 01:00:00 pm,0.01
26-Apr-19 05:00:00 pm,0.00
26-Apr-19 09:00:00 pm,0.00
27-Apr-19 01:00:00 am,0.00
27-Apr-19 05:00:00 am,0.00
27-Apr-19 09:00:00 am,0.01
27-Apr-19 01:00:00 pm,0.00
27-Apr-19 05:00:00 pm,0.00
27-Apr-19 09:00:00 pm,0.00
28-Apr-19 01:00:00 am,0.00
28-Apr-19 05:00:00 am,0.01
28-Apr-19 09:00:00 am,0.00
28-Apr-19 01:00:00 pm,0.01
28-Apr-19 05:00:00 pm,0.00
28-Apr-19 09:00:00 pm,0.00
29-Apr-19 01:00:00 am,0.01
29-Apr-19 05:00:00 am,0.01
29-Apr-19 09:00:00 am,0.00
29-Apr-19 01:00:00 pm,0.01
29-Apr-19 05:00:00 pm,0.00
29-Apr-19 09:00:00 pm,-0.00
30-Apr-19 01:00:00 am,0.01
30-Apr-19 05:00:00 am,0.01
30-Apr-19 09:00:00 am,0.00
30-Apr-19 01:00:00 pm,0.01
30-Apr-19 05:00:00 pm,-0.00
30-Apr-19 09:00:00 pm,-0.00
01-May-19 01:00:00 am,0.00
01-May-19 05:00:00 am,0.01
01-May-19 09:00:00 am,0.01
01-May-19 01:00:00 pm,0.02
01-May-19 05:00:00 pm,0.01
01-May-19 09:00:00 pm,0.00
02-May-19 01:00:00 am,0.01
02-May-19 05:00:00 am,0.01
02-May-19 09:00:00 am,0.01
02-May-19 01:00:00 pm,0.01
02-May-19 05:00:00 pm,0.00
02-May-19 09:00:00 pm,-0.00
03-May-19 01:00:00 am,0.00
03-May-19 05:00:00 am,0.00
03-May-19 09:00:00 am,0.00
03-May-19 01:00:00 pm,0.01
03-May-19 05:00:00 pm,0.00
03-May-19 09:00:00 pm,-0.00
04-May-19 01:00:00 am,0.00
04-May-19 05:00:00 am,0.00
04-May-19 09:00:00 am,0.00
04-May-19 01:00:00 pm,0.01
04-May-19 05:00:00 pm,0.01
04-May-19 09:00:00 pm,0.00
05-May-19 01:00:00 am,0.00
05-May-19 05:00:00 am,0.00
05-May-19 09:00:00 am,0.00
05-May-19 01:00:00 pm,0.01
05-May-19 05:00:00 pm,-0.00
05-May-19 09:00:00 pm,0.00
06-May-19 01:00:00 am,0.00
06-May-19 05:00:00 am,0.00
06-May-19 09:00:00 am,-0.00
06-May-19 01:00:00 pm,0.01
06-May-19 05:00:00 pm,-0.00
06-May-19 09:00:00 pm,-0.00
07-May-19 01:00:00 am,0.00
07-May-19 05:00:00 am,0.00
07-May-19 09:00:00 am,0.00
07-May-19 01:00:00 pm,0.00
07-May-19 05:00:00 pm,-0.00
07-May-19 09:00:00 pm,-0.00
08-May-19 01:00:00 am,0.00
08-May-19 05:00:00 am,0.00
08-May-19 09:00:00 am,0.00
08-May-19 01:00:00 pm,0.01
08-May-19 05:00:00 pm,-0.00
08-May-19 09:00:00 pm,-0.00
09-May-19 01:00:00 am,0.00
09-May-19 05:00:00 am,0.00
09-May-19 09:00:00 am,0.00
09-May-19 01:00:00 pm,0.01
09-May-19 05:00:00 pm,-0.00
09-May-19 09:00:00 pm,-0.00
10-May-19 01:00:00 am,0.00
10-May-19 05:00:00 am,0.00
10-May-19 09:00:00 am,0.00
10-May-19 01:00:00 pm,0.01
10-May-19 05:00:00 pm,-0.00
10-May-19 09:00:00 pm,-0.00
11-May-19 01:00:00 am,-0.00
11-May-19 05:00:00 am,-0.00
11-May-19 09:00:00 am,0.00
11-May-19 01:00:00 pm,0.00
11-May-19 05:00:00 pm,0.01
11-May-19 09:00:00 pm,0.00
12-May-19 01:00:00 am,0.01
12-May-19 05:00:00 am,0.00
12-May-19 09:00:00 am,0.00
12-May-19 01:00:00 pm,0.00
12-May-19 05:00:00 pm,0.00
12-May-19 09:00:00 pm,0.00
13-May-19 01:00:00 am,0.00
13-May-19 05:00:00 am,0.01
13-May-19 09:00:00 am,0.01
13-May-19 01:00:00 pm,0.01
13-May-19 05:00:00 pm,-0.00
13-May-19 09:00:00 pm,-0.00
14-May-19 01:00:00 am,0.00
14-May-19 05:00:00 am,0.01
14-May-19 09:00:00 am,0.01
14-May-19 01:00:00 pm,0.01
14-May-19 05:00:00 pm,0.00
14-May-19 09:00:00 pm,-0.00
15-May-19 01:00:00 am,0.00
15-May-19 05:00:00 am,0.01
15-May-19 09:00:00 am,0.00
15-May-19 01:00:00 pm,0.00
15-May-19 05:00:00 pm,-0.00
15-May-19 09:00:00 pm,-0.00
16-May-19 01:00:00 am,0.00
16-May-19 05:00:00 am,0.00
16-May-19 09:00:00 am,0.01
16-May-19 01:00:00 pm,0.00
16-May-19 05:00:00 pm,-0.00
16-May-19 09:00:00 pm,0.00
17-May-19 01:00:00 am,0.00
17-May-19 05:00:00 am,0.01
17-May-19 09:00:00 am,0.01
17-May-19 01:00:00 pm,0.02
17-May-19 05:00:00 pm,0.01
17-May-19 09:00:00 pm,-0.00
18-May-19 01:00:00 am,-0.00
18-May-19 05:00:00 am,-0.00
18-May-19 09:00:00 am,0.00
18-May-19 01:00:00 pm,0.01
18-May-19 05:00:00 pm,0.00
18-May-19 09:00:00 pm,-0.00
19-May-19 01:00:00 am,-0.00
19-May-19 05:00:00 am,-0.00
19-May-19 09:00:00 am,-0.00
19-May-19 01:00:00 pm,0.00
19-May-19 05:00:00 pm,0.00
19-May-19 09:00:00 pm,0.00
20-May-19 01:00:00 am,0.00
20-May-19 05:00:00 am,0.01
20-May-19 09:00:00 am,0.01
20-May-19 01:00:00 pm,0.01
20-May-19 05:00:00 pm,0.00
20-May-19 09:00:00 pm,-0.00
21-May-19 01:00:00 am,0.00
21-May-19 05:00:00 am,0.01
21-May-19 09:00:00 am,0.01
21-May-19 01:00:00 pm,0.01
21-May-19 05:00:00 pm,-0.00
21-May-19 09:00:00 pm,-0.00
22-May-19 01:00:00 am,0.00
22-May-19 05:00:00 am,0.00
22-May-19 09:00:00 am,0.00
22-May-19 01:00:00 pm,0.01
22-May-19 05:00:00 pm,-0.00
22-May-19 09:00:00 pm,-0.01
23-May-19 01:00:00 am,-0.00
23-May-19 05:00:00 am,0.00
23-May-19 09:00:00 am,0.01
23-May-19 01:00:00 pm,0.01
23-May-19 05:00:00 pm,-0.00
23-May-19 09:00:00 pm,-0.00
24-May-19 01:00:00 am,0.01
24-May-19 05:00:00 am,0.01
24-May-19 09:00:00 am,0.01
24-May-19 01:00:00 pm,0.01
24-May-19 05:00:00 pm,0.00
24-May-19 09:00:00 pm,0.00
25-May-19 01:00:00 am,0.00
25-May-19 05:00:00 am,0.00
25-May-19 09:00:00 am,0.00
25-May-19 01:00:00 pm,0.00
25-May-19 05:00:00 pm,0.00
25-May-19 09:00:00 pm,-0.00
26-May-19 01:00:00 am,0.00
26-May-19 05:00:00 am,0.00
26-May-19 09:00:00 am,-0.00
26-May-19 01:00:00 pm,0.00
26-May-19 05:00:00 pm,0.01
26-May-19 09:00:00 pm,-0.00
27-May-19 01:00:00 am,-0.00
27-May-19 05:00:00 am,0.00
27-May-19 09:00:00 am,0.00
27-May-19 01:00:00 pm,0.00
27-May-19 05:00:00 pm,0.00
27-May-19 09:00:00 pm,0.00
28-May-19 01:00:00 am,0.01
28-May-19 05:00:00 am,0.01
28-May-19 09:00:00 am,0.01
28-May-19 01:00:00 pm,0.01
28-May-19 05:00:00 pm,0.00
28-May-19 09:00:00 pm,-0.00
29-May-19 01:00:00 am,0.00
29-May-19 05:00:00 am,0.01
29-May-19 09:00:00 am,0.01
29-May-19 01:00:00 pm,0.01
29-May-19 05:00:00 pm,-0.00
29-May-19 09:00:00 pm,-0.00
30-May-19 01:00:00 am,0.00
30-May-19 05:00:00 am,0.00
30-May-19 09:00:00 am,0.00
30-May-19 01:00:00 pm,0.01
30-May-19 05:00:00 pm,-0.00
30-May-19 09:00:00 pm,-0.00
31-May-19 01:00:00 am,0.00
31-May-19 05:00:00 am,0.01
31-May-19 09:00:00 am,0.01
31-May-19 01:00:00 pm,0.01
31-May-19 05:00:00 pm,-0.00
31-May-19 09:00:00 pm,-0.00
01-Jun-19 01:00:00 am,-0.00
01-Jun-19 05:00:00 am,-0.00
01-Jun-19 09:00:00 am,-0.00
01-Jun-19 01:00:00 pm,0.00
01-Jun-19 05:00:00 pm,0.00
01-Jun-19 09:00:00 pm,-0.00
02-Jun-19 01:00:00 am,-0.00
02-Jun-19 05:00:00 am,-0.00
02-Jun-19 09:00:00 am,0.00
02-Jun-19 01:00:00 pm,0.01
02-Jun-19 05:00:00 pm,-0.00
02-Jun-19 09:00:00 pm,-0.00
03-Jun-19 01:00:00 am,0.00
03-Jun-19 05:00:00 am,0.01
03-Jun-19 09:00:00 am,0.01
03-Jun-19 01:00:00 pm,0.01
03-Jun-19 05:00:00 pm,0.00
03-Jun-19 09:00:00 pm,-0.00
04-Jun-19 01:00:00 am,0.00
04-Jun-19 05:00:00 am,0.01
04-Jun-19 09:00:00 am,0.01
04-Jun-19 01:00:00 pm,0.01
04-Jun-19 05:00:00 pm,-0.00
04-Jun-19 09:00:00 pm,-0.00
05-Jun-19 01:00:00 am,0.00
05-Jun-19 05:00:00 am,0.01
05-Jun-19 09:00:00 am,0.02
05-Jun-19 01:00:00 pm,0.01
05-Jun-19 05:00:00 pm,0.01
05-Jun-19 09:00:00 pm,-0.00
06-Jun-19 01:00:00 am,0.00
06-Jun-19 05:00:00 am,0.01
06-Jun-19 09:00:00 am,0.01
06-Jun-19 01:00:00 pm,0.01
06-Jun-19 05:00:00 pm,0.01
06-Jun-19 09:00:00 pm,0.00
07-Jun-19 01:00:00 am,0.01
07-Jun-19 05:00:00 am,0.01
07-Jun-19 09:00:00 am,0.01
07-Jun-19 01:00:00 pm,0.01
07-Jun-19 05:00:00 pm,0.01
07-Jun-19 09:00:00 pm,0.00
08-Jun-19 01:00:00 am,0.00
08-Jun-19 05:00:00 am,0.00
08-Jun-19 09:00:00 am,0.00
08-Jun-19 01:00:00 pm,0.00
08-Jun-19 05:00:00 pm,0.01
08-Jun-19 09:00:00 pm,0.00
09-Jun-19 01:00:00 am,0.00
09-Jun-19 05:00:00 am,0.00
09-Jun-19 09:00:00 am,-0.00
09-Jun-19 01:00:00 pm,0.00
09-Jun-19 05:00:00 pm,0.01
09-Jun-19 09:00:00 pm,-0.00
10-Jun-19 01:00:00 am,0.00
10-Jun-19 05:00:00 am,0.00
10-Jun-19 09:00:00 am,0.00
10-Jun-19 01:00:00 pm,0.01
10-Jun-19 05:00:00 pm,-0.00
10-Jun-19 09:00:00 pm,-0.00
11-Jun-19 01:00:00 am,0.00
11-Jun-19 05:00:00 am,0.00
11-Jun-19 09:00:00 am,0.00
11-Jun-19 01:00:00 pm,0.01
11-Jun-19 05:00:00 pm,-0.00
11-Jun-19 09:00:00 pm,-0.01
12-Jun-19 01:00:00 am,0.00
12-Jun-19 05:00:00 am,0.00
12-Jun-19 09:00:00 am,0.00
12-Jun-19 01:00:00 pm,0.02
12-Jun-19 05:00:00 pm,-0.01
12-Jun-19 09:00:00 pm,-0.01
13-Jun-19 01:00:00 am,0.01
13-Jun-19 05:00:00 am,0.01
13-Jun-19 09:00:00 am,0.01
13-Jun-19 01:00:00 pm,0.02
13-Jun-19 05:00:00 pm,-0.00
13-Jun-19 09:00:00 pm,-0.00
14-Jun-19 01:00:00 am,0.00
14-Jun-19 05:00:00 am,0.01
14-Jun-19 09:00:00 am,0.01
14-Jun-19 01:00:00 pm,0.01
14-Jun-19 05:00:00 pm,0.00
14-Jun-19 09:00:00 pm,-0.00
15-Jun-19 01:00:00 am,-0.00
15-Jun-19 05:00:00 am,-0.00
15-Jun-19 09:00:00 am,0.00
15-Jun-19 01:00:00 pm,0.01
15-Jun-19 05:00:00 pm,0.01
15-Jun-19 09:00:00 pm,0.00
16-Jun-19 01:00:00 am,-0.00
16-Jun-19 05:00:00 am,-0.00
16-Jun-19 09:00:00 am,0.00
16-Jun-19 01:00:00 pm,0.01
16-Jun-19 05:00:00 pm,-0.00
16-Jun-19 09:00:00 pm,-0.00
17-Jun-19 01:00:00 am,0.00
17-Jun-19 05:00:00 am,0.00
17-Jun-19 09:00:00 am,0.01
17-Jun-19 01:00:00 pm,0.01
17-Jun-19 05:00:00 pm,-0.00
17-Jun-19 09:00:00 pm,-0.01
18-Jun-19 01:00:00 am,-0.00
18-Jun-19 05:00:00 am,0.00
18-Jun-19 09:00:00 am,0.01
18-Jun-19 01:00:00 pm,0.00
18-Jun-19 05:00:00 pm,-0.00
18-Jun-19 09:00:00 pm,-0.00
19-Jun-19 01:00:00 am,0.00
19-Jun-19 05:00:00 am,0.01
19-Jun-19 09:00:00 am,0.01
19-Jun-19 01:00:00 pm,0.01
19-Jun-19 05:00:00 pm,-0.00
19-Jun-19 09:00:00 pm,-0.00
20-Jun-19 01:00:00 am,0.00
20-Jun-19 05:00:00 am,0.01
20-Jun-19 09:00:00 am,0.01
20-Jun-19 01:00:00 pm,0.01
20-Jun-19 05:00:00 pm,0.01
20-Jun-19 09:00:00 pm,0.00
21-Jun-19 01:00:00 am,0.00
21-Jun-19 05:00:00 am,0.01
21-Jun-19 09:00:00 am,0.01
21-Jun-19 01:00:00 pm,0.01
21-Jun-19 05:00:00 pm,0.00
21-Jun-19 09:00:00 pm,-0.00
22-Jun-19 01:00:00 am,-0.00
22-Jun-19 05:00:00 am,0.00
22-Jun-19 09:00:00 am,0.00
22-Jun-19 01:00:00 pm,0.00
22-Jun-19 05:00:00 pm,-0.00
22-Jun-19 09:00:00 pm,-0.00
23-Jun-19 01:00:00 am,-0.00
23-Jun-19 05:00:00 am,0.00
23-Jun-19 09:00:00 am,0.00
23-Jun-19 01:00:00 pm,-0.00
23-Jun-19 05:00:00 pm,0.00
23-Jun-19 09:00:00 pm,0.00
24-Jun-19 01:00:00 am,0.00
24-Jun-19 05:00:00 am,0.01
24-Jun-19 09:00:00 am,0.01
24-Jun-19 01:00:00 pm,0.01
24-Jun-19 05:00:00 pm,-0.00
24-Jun-19 09:00:00 pm,-0.00
25-Jun-19 01:00:00 am,0.00
25-Jun-19 05:00:00 am,0.00
25-Jun-19 09:00:00 am,0.00
25-Jun-19 01:00:00 pm,0.01
25-Jun-19 05:00:00 pm,0.00
25-Jun-19 09:00:00 pm,-0.01
26-Jun-19 01:00:00 am,0.00
26-Jun-19 05:00:00 am,0.00
26-Jun-19 09:00:00 am,0.00
26-Jun-19 01:00:00 pm,0.00
26-Jun-19 05:00:00 pm,-0.00
26-Jun-19 09:00:00 pm,-0.01
27-Jun-19 01:00:00 am,0.00
27-Jun-19 05:00:00 am,0.01
27-Jun-19 09:00:00 am,0.01
27-Jun-19 01:00:00 pm,0.01
27-Jun-19 05:00:00 pm,0.00
27-Jun-19 09:00:00 pm,-0.00
28-Jun-19 01:00:00 am,0.00
28-Jun-19 05:00:00 am,0.00
28-Jun-19 09:00:00 am,0.01
28-Jun-19 01:00:00 pm,0.01
28-Jun-19 05:00:00 pm,-0.00
28-Jun-19 09:00:00 pm,-0.00
29-Jun-19 01:00:00 am,-0.00
29-Jun-19 05:00:00 am,-0.00
29-Jun-19 09:00:00 am,-0.00
29-Jun-19 01:00:00 pm,0.00
29-Jun-19 05:00:00 pm,0.00
29-Jun-19 09:00:00 pm,-0.00
30-Jun-19 01:00:00 am,-0.00
30-Jun-19 05:00:00 am,-0.00
30-Jun-19 09:00:00 am,0.00
30-Jun-19 01:00:00 pm,0.00
30-Jun-19 05:00:00 pm,-0.00
30-Jun-19 09:00:00 pm,-0.00
01-Jul-19 01:00:00 am,0.00
01-Jul-19 05:00:00 am,0.00
01-Jul-19 09:00:00 am,0.00
01-Jul-19 01:00:00 pm,0.01
01-Jul-19 05:00:00 pm,0.00
01-Jul-19 09:00:00 pm,-0.00
02-Jul-19 01:00:00 am,0.00
02-Jul-19 05:00:00 am,0.01
02-Jul-19 09:00:00 am,0.01
02-Jul-19 01:00:00 pm,0.01
02-Jul-19 05:00:00 pm,-0.00
02-Jul-19 09:00:00 pm,-0.00
03-Jul-19 01:00:00 am,-0.00
03-Jul-19 05:00:00 am,0.00
03-Jul-19 09:00:00 am,0.00
03-Jul-19 01:00:00 pm,0.00
03-Jul-19 05:00:00 pm,-0.00
03-Jul-19 09:00:00 pm,-0.01
04-Jul-19 01:00:00 am,-0.00
04-Jul-19 05:00:00 am,0.00
04-Jul-19 09:00:00 am,0.01
04-Jul-19 01:00:00 pm,0.01
04-Jul-19 05:00:00 pm,-0.00
04-Jul-19 09:00:00 pm,-0.00
05-Jul-19 01:00:00 am,-0.00
05-Jul-19 05:00:00 am,0.00
05-Jul-19 09:00:00 am,0.00
05-Jul-19 01:00:00 pm,0.01
05-Jul-19 05:00:00 pm,-0.00
05-Jul-19 09:00:00 pm,-0.00
06-Jul-19 01:00:00 am,-0.00
06-Jul-19 05:00:00 am,-0.00
06-Jul-19 09:00:00 am,0.00
06-Jul-19 01:00:00 pm,0.00
06-Jul-19 05:00:00 pm,0.00
06-Jul-19 09:00:00 pm,-0.00
07-Jul-19 01:00:00 am,-0.00
07-Jul-19 05:00:00 am,-0.00
07-Jul-19 09:00:00 am,0.00
07-Jul-19 01:00:00 pm,0.00
07-Jul-19 05:00:00 pm,0.00
07-Jul-19 09:00:00 pm,0.00
08-Jul-19 01:00:00 am,0.00
08-Jul-19 05:00:00 am,0.00
08-Jul-19 09:00:00 am,0.00
08-Jul-19 01:00:00 pm,0.01
08-Jul-19 05:00:00 pm,-0.00
08-Jul-19 09:00:00 pm,-0.01
09-Jul-19 01:00:00 am,-0.00
09-Jul-19 05:00:00 am,0.00
09-Jul-19 09:00:00 am,0.00
09-Jul-19 01:00:00 pm,0.00
09-Jul-19 05:00:00 pm,-0.00
09-Jul-19 09:00:00 pm,-0.01
10-Jul-19 01:00:00 am,-0.00
10-Jul-19 05:00:00 am,0.00
10-Jul-19 09:00:00 am,0.00
10-Jul-19 01:00:00 pm,0.01
10-Jul-19 05:00:00 pm,-0.00
10-Jul-19 09:00:00 pm,-0.01
11-Jul-19 01:00:00 am,-0.00
11-Jul-19 05:00:00 am,0.00
11-Jul-19 09:00:00 am,0.01
11-Jul-19 01:00:00 pm,0.01
11-Jul-19 05:00:00 pm,-0.00
11-Jul-19 09:00:00 pm,-0.01
12-Jul-19 01:00:00 am,-0.00
12-Jul-19 05:00:00 am,0.00
12-Jul-19 09:00:00 am,0.00
12-Jul-19 01:00:00 pm,0.01
12-Jul-19 05:00:00 pm,-0.00
12-Jul-19 09:00:00 pm,-0.00
13-Jul-19 01:00:00 am,-0.00
13-Jul-19 05:00:00 am,-0.00
13-Jul-19 09:00:00 am,-0.00
13-Jul-19 01:00:00 pm,0.01
13-Jul-19 05:00:00 pm,-0.00
13-Jul-19 09:00:00 pm,-0.01
14-Jul-19 01:00:00 am,-0.00
14-Jul-19 05:00:00 am,-0.00
14-Jul-19 09:00:00 am,0.00
14-Jul-19 01:00:00 pm,0.01
14-Jul-19 05:00:00 pm,0.00
14-Jul-19 09:00:00 pm,-0.00
15-Jul-19 01:00:00 am,0.01
15-Jul-19 05:00:00 am,0.00
15-Jul-19 09:00:00 am,0.00
15-Jul-19 01:00:00 pm,0.01
15-Jul-19 05:00:00 pm,-0.00
15-Jul-19 09:00:00 pm,-0.01
16-Jul-19 01:00:00 am,-0.00
16-Jul-19 05:00:00 am,0.00
16-Jul-19 09:00:00 am,0.00
16-Jul-19 01:00:00 pm,0.01
16-Jul-19 05:00:00 pm,-0.00
16-Jul-19 09:00:00 pm,-0.00
17-Jul-19 01:00:00 am,0.01
17-Jul-19 05:00:00 am,0.01
17-Jul-19 09:00:00 am,0.01
17-Jul-19 01:00:00 pm,0.01
17-Jul-19 05:00:00 pm,0.01
17-Jul-19 09:00:00 pm,-0.00
18-Jul-19 01:00:00 am,0.00
18-Jul-19 05:00:00 am,0.00
18-Jul-19 09:00:00 am,0.01
18-Jul-19 01:00:00 pm,0.01
18-Jul-19 05:00:00 pm,-0.00
18-Jul-19 09:00:00 pm,-0.00
19-Jul-19 01:00:00 am,0.00
19-Jul-19 05:00:00 am,0.00
19-Jul-19 09:00:00 am,0.01
19-Jul-19 01:00:00 pm,0.01
19-Jul-19 05:00:00 pm,0.00
19-Jul-19 09:00:00 pm,-0.00
20-Jul-19 01:00:00 am,-0.00
20-Jul-19 05:00:00 am,-0.00
20-Jul-19 09:00:00 am,-0.00
20-Jul-19 01:00:00 pm,0.01
20-Jul-19 05:00:00 pm,-0.00
20-Jul-19 09:00:00 pm,-0.01
21-Jul-19 01:00:00 am,-0.00
21-Jul-19 05:00:00 am,-0.00
21-Jul-19 09:00:00 am,-0.00
21-Jul-19 01:00:00 pm,-0.00
21-Jul-19 05:00:00 pm,-0.00
21-Jul-19 09:00:00 pm,-0.00
22-Jul-19 01:00:00 am,0.00
22-Jul-19 05:00:00 am,0.00
22-Jul-19 09:00:00 am,0.01
22-Jul-19 01:00:00 pm,0.01
22-Jul-19 05:00:00 pm,-0.00
22-Jul-19 09:00:00 pm,-0.00
23-Jul-19 01:00:00 am,-0.00
23-Jul-19 05:00:00 am,0.00
23-Jul-19 09:00:00 am,0.00
23-Jul-19 01:00:00 pm,0.01
23-Jul-19 05:00:00 pm,-0.00
23-Jul-19 09:00:00 pm,-0.00
24-Jul-19 01:00:00 am,0.00
24-Jul-19 05:00:00 am,0.00
24-Jul-19 09:00:00 am,0.01
24-Jul-19 01:00:00 pm,0.01
24-Jul-19 05:00:00 pm,-0.00
24-Jul-19 09:00:00 pm,-0.00
25-Jul-19 01:00:00 am,-0.00
25-Jul-19 05:00:00 am,0.00
25-Jul-19 09:00:00 am,0.00
25-Jul-19 01:00:00 pm,0.01
25-Jul-19 05:00:00 pm,-0.00
25-Jul-19 09:00:00 pm,-0.00
26-Jul-19 01:00:00 am,-0.00
26-Jul-19 05:00:00 am,0.00
26-Jul-19 09:00:00 am,0.00
26-Jul-19 01:00:00 pm,0.02
26-Jul-19 05:00:00 pm,0.00
26-Jul-19 09:00:00 pm,-0.00
27-Jul-19 01:00:00 am,0.01
27-Jul-19 05:00:00 am,0.00
27-Jul-19 09:00:00 am,-0.00
27-Jul-19 01:00:00 pm,-0.00
27-Jul-19 05:00:00 pm,-0.00
27-Jul-19 09:00:00 pm,-0.00
28-Jul-19 01:00:00 am,-0.00
28-Jul-19 05:00:00 am,-0.00
28-Jul-19 09:00:00 am,0.00
28-Jul-19 01:00:00 pm,0.00
28-Jul-19 05:00:00 pm,-0.00
28-Jul-19 09:00:00 pm,-0.00
29-Jul-19 01:00:00 am,0.00
29-Jul-19 05:00:00 am,0.00
29-Jul-19 09:00:00 am,0.00
29-Jul-19 01:00:00 pm,0.01
29-Jul-19 05:00:00 pm,-0.00
29-Jul-19 09:00:00 pm,-0.00
30-Jul-19 01:00:00 am,0.00
30-Jul-19 05:00:00 am,0.00
30-Jul-19 09:00:00 am,0.01
30-Jul-19 01:00:00 pm,0.01
30-Jul-19 05:00:00 pm,-0.00
30-Jul-19 09:00:00 pm,-0.00
31-Jul-19 01:00:00 am,-0.00
31-Jul-19 05:00:00 am,0.00
31-Jul-19 09:00:00 am,0.00
31-Jul-19 01:00:00 pm,0.01
31-Jul-19 05:00:00 pm,-0.00
31-Jul-19 09:00:00 pm,-0.00
01-Aug-19 01:00:00 am,0.00
01-Aug-19 05:00:00 am,0.00
01-Aug-19 09:00:00 am,0.01
01-Aug-19 01:00:00 pm,0.02
01-Aug-19 05:00:00 pm,-0.00
01-Aug-19 09:00:00 pm,0.00
02-Aug-19 01:00:00 am,0.01
02-Aug-19 05:00:00 am,0.01
02-Aug-19 09:00:00 am,0.01
02-Aug-19 01:00:00 pm,0.01
02-Aug-19 05:00:00 pm,-0.00
02-Aug-19 09:00:00 pm,-0.01
03-Aug-19 01:00:00 am,-0.00
03-Aug-19 05:00:00 am,-0.00
03-Aug-19 09:00:00 am,-0.00
03-Aug-19 01:00:00 pm,0.00
03-Aug-19 05:00:00 pm,-0.00
03-Aug-19 09:00:00 pm,-0.01
04-Aug-19 01:00:00 am,-0.00
04-Aug-19 05:00:00 am,-0.00
04-Aug-19 09:00:00 am,-0.00
04-Aug-19 01:00:00 pm,0.00
04-Aug-19 05:00:00 pm,0.00
04-Aug-19 09:00:00 pm,-0.00
05-Aug-19 01:00:00 am,0.01
05-Aug-19 05:00:00 am,0.00
05-Aug-19 09:00:00 am,0.01
05-Aug-19 01:00:00 pm,0.02
05-Aug-19 05:00:00 pm,-0.00
05-Aug-19 09:00:00 pm,-0.00
06-Aug-19 01:00:00 am,0.00
06-Aug-19 05:00:00 am,0.00
06-Aug-19 09:00:00 am,0.01
06-Aug-19 01:00:00 pm,0.01
06-Aug-19 05:00:00 pm,-0.00
06-Aug-19 09:00:00 pm,-0.00
07-Aug-19 01:00:00 am,0.00
07-Aug-19 05:00:00 am,0.00
07-Aug-19 09:00:00 am,0.01
07-Aug-19 01:00:00 pm,0.01
07-Aug-19 05:00:00 pm,-0.00
07-Aug-19 09:00:00 pm,-0.00
08-Aug-19 01:00:00 am,0.00
08-Aug-19 05:00:00 am,0.00
08-Aug-19 09:00:00 am,0.01
08-Aug-19 01:00:00 pm,0.01
08-Aug-19 05:00:00 pm,-0.00
08-Aug-19 09:00:00 pm,-0.00
09-Aug-19 01:00:00 am,-0.00
09-Aug-19 05:00:00 am,0.00
09-Aug-19 09:00:00 am,0.00
09-Aug-19 01:00:00 pm,0.01
09-Aug-19 05:00:00 pm,-0.00
09-Aug-19 09:00:00 pm,-0.01
10-Aug-19 01:00:00 am,-0.00
10-Aug-19 05:00:00 am,-0.00
10-Aug-19 09:00:00 am,-0.00
10-Aug-19 01:00:00 pm,0.00
10-Aug-19 05:00:00 pm,0.00
10-Aug-19 09:00:00 pm,-0.00
11-Aug-19 01:00:00 am,-0.00
11-Aug-19 05:00:00 am,-0.00
11-Aug-19 09:00:00 am,0.00
11-Aug-19 01:00:00 pm,0.00
11-Aug-19 05:00:00 pm,-0.00
11-Aug-19 09:00:00 pm,0.00
12-Aug-19 01:00:00 am,0.00
12-Aug-19 05:00:00 am,0.00
12-Aug-19 09:00:00 am,0.00
12-Aug-19 01:00:00 pm,0.02
12-Aug-19 05:00:00 pm,-0.00
12-Aug-19 09:00:00 pm,-0.01
13-Aug-19 01:00:00 am,-0.00
13-Aug-19 05:00:00 am,0.00
13-Aug-19 09:00:00 am,0.00
13-Aug-19 01:00:00 pm,0.01
13-Aug-19 05:00:00 pm,-0.00
13-Aug-19 09:00:00 pm,-0.01
14-Aug-19 01:00:00 am,-0.00
14-Aug-19 05:00:00 am,0.00
14-Aug-19 09:00:00 am,0.00
14-Aug-19 01:00:00 pm,0.01
14-Aug-19 05:00:00 pm,-0.00
14-Aug-19 09:00:00 pm,-0.00
15-Aug-19 01:00:00 am,0.00
15-Aug-19 05:00:00 am,0.00
15-Aug-19 09:00:00 am,0.01
15-Aug-19 01:00:00 pm,0.01
15-Aug-19 05:00:00 pm,-0.00
15-Aug-19 09:00:00 pm,-0.00
16-Aug-19 01:00:00 am,0.00
16-Aug-19 05:00:00 am,0.00
16-Aug-19 09:00:00 am,0.01
16-Aug-19 01:00:00 pm,0.01
16-Aug-19 05:00:00 pm,0.00
16-Aug-19 09:00:00 pm,-0.00
17-Aug-19 01:00:00 am,-0.00
17-Aug-19 05:00:00 am,-0.00
17-Aug-19 09:00:00 am,0.00
17-Aug-19 01:00:00 pm,0.00
17-Aug-19 05:00:00 pm,0.00
17-Aug-19 09:00:00 pm,-0.00
18-Aug-19 01:00:00 am,-0.00
18-Aug-19 05:00:00 am,-0.00
18-Aug-19 09:00:00 am,0.00
18-Aug-19 01:00:00 pm,0.01
18-Aug-19 05:00:00 pm,-0.00
18-Aug-19 09:00:00 pm,-0.00
19-Aug-19 01:00:00 am,0.00
19-Aug-19 05:00:00 am,0.00
19-Aug-19 09:00:00 am,0.00
19-Aug-19 01:00:00 pm,0.01
19-Aug-19 05:00:00 pm,-0.00
19-Aug-19 09:00:00 pm,-0.01
20-Aug-19 01:00:00 am,-0.00
20-Aug-19 05:00:00 am,0.00
20-Aug-19 09:00:00 am,0.01
20-Aug-19 01:00:00 pm,0.01
20-Aug-19 05:00:00 pm,-0.01
20-Aug-19 09:00:00 pm,-0.00
21-Aug-19 01:00:00 am,-0.00
21-Aug-19 05:00:00 am,0.00
21-Aug-19 09:00:00 am,0.00
21-Aug-19 01:00:00 pm,0.00
21-Aug-19 05:00:00 pm,-0.00
21-Aug-19 09:00:00 pm,-0.00
22-Aug-19 01:00:00 am,-0.00
22-Aug-19 05:00:00 am,0.00
22-Aug-19 09:00:00 am,0.01
22-Aug-19 01:00:00 pm,0.01
22-Aug-19 05:00:00 pm,-0.00
22-Aug-19 09:00:00 pm,-0.01
23-Aug-19 01:00:00 am,-0.00
23-Aug-19 05:00:00 am,0.00
23-Aug-19 09:00:00 am,0.00
23-Aug-19 01:00:00 pm,0.00
23-Aug-19 05:00:00 pm,-0.00
23-Aug-19 09:00:00 pm,-0.00
24-Aug-19 01:00:00 am,-0.00
24-Aug-19 05:00:00 am,-0.00
24-Aug-19 09:00:00 am,0.00
24-Aug-19 01:00:00 pm,0.01
24-Aug-19 05:00:00 pm,0.00
24-Aug-19 09:00:00 pm,-0.00
25-Aug-19 01:00:00 am,-0.00
25-Aug-19 05:00:00 am,-0.00
25-Aug-19 09:00:00 am,0.00
25-Aug-19 01:00:00 pm,0.00
25-Aug-19 05:00:00 pm,-0.01
25-Aug-19 09:00:00 pm,-0.00
26-Aug-19 01:00:00 am,0.00
26-Aug-19 05:00:00 am,0.00
26-Aug-19 09:00:00 am,0.00
26-Aug-19 01:00:00 pm,0.01
26-Aug-19 05:00:00 pm,-0.00
26-Aug-19 09:00:00 pm,-0.01
27-Aug-19 01:00:00 am,-0.00
27-Aug-19 05:00:00 am,0.00
27-Aug-19 09:00:00 am,0.00
27-Aug-19 01:00:00 pm,0.01
27-Aug-19 05:00:00 pm,-0.00
27-Aug-19 09:00:00 pm,-0.01
28-Aug-19 01:00:00 am,0.00
28-Aug-19 05:00:00 am,-0.00
28-Aug-19 09:00:00 am,0.00
28-Aug-19 01:00:00 pm,0.01
28-Aug-19 05:00:00 pm,-0.00
28-Aug-19 09:00:00 pm,-0.01
29-Aug-19 01:00:00 am,0.00
29-Aug-19 05:00:00 am,0.00
29-Aug-19 09:00:00 am,0.01
29-Aug-19 01:00:00 pm,0.02
29-Aug-19 05:00:00 pm,-0.00
29-Aug-19 09:00:00 pm,-0.01
30-Aug-19 01:00:00 am,-0.00
30-Aug-19 05:00:00 am,0.00
30-Aug-19 09:00:00 am,0.01
30-Aug-19 01:00:00 pm,0.01
30-Aug-19 05:00:00 pm,-0.00
30-Aug-19 09:00:00 pm,-0.01
31-Aug-19 01:00:00 am,-0.00
31-Aug-19 05:00:00 am,-0.00
31-Aug-19 09:00:00 am,-0.00
31-Aug-19 01:00:00 pm,0.01
31-Aug-19 05:00:00 pm,0.00
31-Aug-19 09:00:00 pm,-0.00
01-Sep-19 01:00:00 am,-0.00
01-Sep-19 05:00:00 am,-0.00
01-Sep-19 09:00:00 am,0.00
01-Sep-19 01:00:00 pm,0.01
01-Sep-19 05:00:00 pm,-0.00
01-Sep-19 09:00:00 pm,-0.01
02-Sep-19 01:00:00 am,0.00
02-Sep-19 05:00:00 am,0.00
02-Sep-19 09:00:00 am,0.00
02-Sep-19 01:00:00 pm,0.01
02-Sep-19 05:00:00 pm,-0.00
02-Sep-19 09:00:00 pm,-0.00
03-Sep-19 01:00:00 am,-0.00
03-Sep-19 05:00:00 am,0.00
03-Sep-19 09:00:00 am,0.00
03-Sep-19 01:00:00 pm,0.01
03-Sep-19 05:00:00 pm,-0.00
03-Sep-19 09:00:00 pm,-0.01
04-Sep-19 01:00:00 am,-0.00
04-Sep-19 05:00:00 am,0.00
04-Sep-19 09:00:00 am,0.00
04-Sep-19 01:00:00 pm,0.01
04-Sep-19 05:00:00 pm,-0.00
04-Sep-19 09:00:00 pm,-0.01
05-Sep-19 01:00:00 am,-0.00
05-Sep-19 05:00:00 am,0.00
05-Sep-19 09:00:00 am,0.00
05-Sep-19 01:00:00 pm,0.01
05-Sep-19 05:00:00 pm,-0.01
05-Sep-19 09:00:00 pm,-0.01
06-Sep-19 01:00:00 am,-0.00
06-Sep-19 05:00:00 am,-0.00
06-Sep-19 09:00:00 am,0.01
06-Sep-19 01:00:00 pm,0.02
06-Sep-19 05:00:00 pm,0.00
06-Sep-19 09:00:00 pm,-0.00
07-Sep-19 01:00:00 am,-0.00
07-Sep-19 05:00:00 am,-0.00
07-Sep-19 09:00:00 am,-0.00
07-Sep-19 01:00:00 pm,0.00
07-Sep-19 05:00:00 pm,-0.00
07-Sep-19 09:00:00 pm,-0.00
08-Sep-19 01:00:00 am,-0.00
08-Sep-19 05:00:00 am,-0.00
08-Sep-19 09:00:00 am,-0.00
08-Sep-19 01:00:00 pm,-0.00
08-Sep-19 05:00:00 pm,0.00
08-Sep-19 09:00:00 pm,-0.00
09-Sep-19 01:00:00 am,0.00
09-Sep-19 05:00:00 am,0.00
09-Sep-19 09:00:00 am,0.00
09-Sep-19 01:00:00 pm,0.01
09-Sep-19 05:00:00 pm,-0.00
09-Sep-19 09:00:00 pm,-0.00
10-Sep-19 01:00:00 am,-0.00
10-Sep-19 05:00:00 am,0.00
10-Sep-19 09:00:00 am,0.00
10-Sep-19 01:00:00 pm,0.01
10-Sep-19 05:00:00 pm,-0.00
10-Sep-19 09:00:00 pm,-0.01
11-Sep-19 01:00:00 am,-0.00
11-Sep-19 05:00:00 am,0.00
11-Sep-19 09:00:00 am,0.00
11-Sep-19 01:00:00 pm,0.01
11-Sep-19 05:00:00 pm,-0.00
11-Sep-19 09:00:00 pm,-0.00
12-Sep-19 01:00:00 am,-0.00
12-Sep-19 05:00:00 am,0.00
12-Sep-19 09:00:00 am,0.01
12-Sep-19 01:00:00 pm,0.02
12-Sep-19 05:00:00 pm,-0.00
12-Sep-19 09:00:00 pm,-0.00
13-Sep-19 01:00:00 am,0.00
13-Sep-19 05:00:00 am,0.00
13-Sep-19 09:00:00 am,0.01
13-Sep-19 01:00:00 pm,0.01
13-Sep-19 05:00:00 pm,0.00
13-Sep-19 09:00:00 pm,-0.00
14-Sep-19 01:00:00 am,-0.00
14-Sep-19 05:00:00 am,-0.00
14-Sep-19 09:00:00 am,0.00
14-Sep-19 01:00:00 pm,-0.00
14-Sep-19 05:00:00 pm,-0.00
14-Sep-19 09:00:00 pm,-0.00
15-Sep-19 01:00:00 am,-0.00
15-Sep-19 05:00:00 am,-0.00
15-Sep-19 09:00:00 am,0.00
15-Sep-19 01:00:00 pm,-0.00
15-Sep-19 05:00:00 pm,0.00
15-Sep-19 09:00:00 pm,0.00
16-Sep-19 01:00:00 am,0.00
16-Sep-19 05:00:00 am,0.00
16-Sep-19 09:00:00 am,0.01
16-Sep-19 01:00:00 pm,0.01
16-Sep-19 05:00:00 pm,0.00
16-Sep-19 09:00:00 pm,-0.00
17-Sep-19 01:00:00 am,0.00
17-Sep-19 05:00:00 am,0.00
17-Sep-19 09:00:00 am,0.00
17-Sep-19 01:00:00 pm,0.00
17-Sep-19 05:00:00 pm,-0.00
17-Sep-19 09:00:00 pm,-0.00
18-Sep-19 01:00:00 am,-0.00
18-Sep-19 05:00:00 am,0.00
18-Sep-19 09:00:00 am,0.01
18-Sep-19 01:00:00 pm,0.01
18-Sep-19 05:00:00 pm,-0.00
18-Sep-19 09:00:00 pm,-0.00
19-Sep-19 01:00:00 am,-0.00
19-Sep-19 05:00:00 am,0.00
19-Sep-19 09:00:00 am,0.00
19-Sep-19 01:00:00 pm,0.01
19-Sep-19 05:00:00 pm,-0.00
19-Sep-19 09:00:00 pm,-0.00
20-Sep-19 01:00:00 am,-0.00
20-Sep-19 05:00:00 am,0.00
20-Sep-19 09:00:00 am,0.00
20-Sep-19 01:00:00 pm,0.00
20-Sep-19 05:00:00 pm,-0.00
20-Sep-19 09:00:00 pm,-0.00
21-Sep-19 01:00:00 am,-0.00
21-Sep-19 05:00:00 am,-0.00
21-Sep-19 09:00:00 am,0.00
21-Sep-19 01:00:00 pm,0.00
21-Sep-19 05:00:00 pm,-0.00
21-Sep-19 09:00:00 pm,-0.00
22-Sep-19 01:00:00 am,-0.00
22-Sep-19 05:00:00 am,-0.00
22-Sep-19 09:00:00 am,-0.00
22-Sep-19 01:00:00 pm,-0.00
22-Sep-19 05:00:00 pm,-0.00
22-Sep-19 09:00:00 pm,0.00
23-Sep-19 01:00:00 am,0.00
23-Sep-19 05:00:00 am,0.01
23-Sep-19 09:00:00 am,0.01
23-Sep-19 01:00:00 pm,0.01
23-Sep-19 05:00:00 pm,0.00
23-Sep-19 09:00:00 pm,0.00
24-Sep-19 01:00:00 am,0.00
24-Sep-19 05:00:00 am,0.00
24-Sep-19 09:00:00 am,0.00
24-Sep-19 01:00:00 pm,0.01
24-Sep-19 05:00:00 pm,-0.00
24-Sep-19 09:00:00 pm,-0.00
25-Sep-19 01:00:00 am,-0.00
25-Sep-19 05:00:00 am,0.00
25-Sep-19 09:00:00 am,0.00
25-Sep-19 01:00:00 pm,0.01
25-Sep-19 05:00:00 pm,-0.01
25-Sep-19 09:00:00 pm,-0.00
26-Sep-19 01:00:00 am,0.01
26-Sep-19 05:00:00 am,0.00
26-Sep-19 09:00:00 am,0.00
26-Sep-19 01:00:00 pm,0.01
26-Sep-19 05:00:00 pm,-0.00
26-Sep-19 09:00:00 pm,-0.00
27-Sep-19 01:00:00 am,0.00
27-Sep-19 05:00:00 am,0.01
27-Sep-19 09:00:00 am,0.01
27-Sep-19 01:00:00 pm,0.01
27-Sep-19 05:00:00 pm,0.00
27-Sep-19 09:00:00 pm,0.00
28-Sep-19 01:00:00 am,0.00
28-Sep-19 05:00:00 am,0.00
28-Sep-19 09:00:00 am,0.00
28-Sep-19 01:00:00 pm,0.00
28-Sep-19 05:00:00 pm,0.00
28-Sep-19 09:00:00 pm,0.00
29-Sep-19 01:00:00 am,0.00
29-Sep-19 05:00:00 am,0.00
29-Sep-19 09:00:00 am,0.00
29-Sep-19 01:00:00 pm,0.00
29-Sep-19 05:00:00 pm,0.00
29-Sep-19 09:00:00 pm,0.00
30-Sep-19 01:00:00 am,0.00
30-Sep-19 05:00:00 am,0.01
30-Sep-19 09:00:00 am,0.01
30-Sep-19 01:00:00 pm,0.01
30-Sep-19 05:00:00 pm,-0.00
30-Sep-19 09:00:00 pm,-0.00
01-Oct-19 01:00:00 am,0.01
01-Oct-19 05:00:00 am,0.01
01-Oct-19 09:00:00 am,0.01
01-Oct-19 01:00:00 pm,0.01
01-Oct-19 05:00:00 pm,-0.00
01-Oct-19 09:00:00 pm,0.01
02-Oct-19 01:00:00 am,0.01
02-Oct-19 05:00:00 am,0.01
02-Oct-19 09:00:00 am,0.01
02-Oct-19 01:00:00 pm,0.01
02-Oct-19 05:00:00 pm,-0.00
02-Oct-19 09:00:00 pm,0.00
03-Oct-19 01:00:00 am,0.00
03-Oct-19 05:00:00 am,0.01
03-Oct-19 09:00:00 am,0.01
03-Oct-19 01:00:00 pm,0.01
03-Oct-19 05:00:00 pm,0.00
03-Oct-19 09:00:00 pm,0.00
04-Oct-19 01:00:00 am,0.00
04-Oct-19 05:00:00 am,0.01
04-Oct-19 09:00:00 am,0.01
04-Oct-19 01:00:00 pm,0.02
04-Oct-19 05:00:00 pm,0.01
04-Oct-19 09:00:00 pm,0.00
05-Oct-19 01:00:00 am,-0.00
05-Oct-19 05:00:00 am,-0.00
05-Oct-19 09:00:00 am,0.01
05-Oct-19 01:00:00 pm,0.01
05-Oct-19 05:00:00 pm,0.00
05-Oct-19 09:00:00 pm,-0.00
06-Oct-19 01:00:00 am,0.00
06-Oct-19 05:00:00 am,0.00
06-Oct-19 09:00:00 am,0.00
06-Oct-19 01:00:00 pm,0.00
06-Oct-19 05:00:00 pm,-0.00
06-Oct-19 09:00:00 pm,0.00
07-Oct-19 01:00:00 am,0.00
07-Oct-19 05:00:00 am,0.01
07-Oct-19 09:00:00 am,0.02
07-Oct-19 01:00:00 pm,0.02
07-Oct-19 05:00:00 pm,0.01
07-Oct-19 09:00:00 pm,-0.00
08-Oct-19 01:00:00 am,0.00
08-Oct-19 05:00:00 am,0.01
08-Oct-19 09:00:00 am,0.01
08-Oct-19 01:00:00 pm,0.01
08-Oct-19 05:00:00 pm,0.00
08-Oct-19 09:00:00 pm,0.00
09-Oct-19 01:00:00 am,0.01
09-Oct-19 05:00:00 am,0.01
09-Oct-19 09:00:00 am,0.01
09-Oct-19 01:00:00 pm,0.01
09-Oct-19 05:00:00 pm,0.00
09-Oct-19 09:00:00 pm,0.01
10-Oct-19 01:00:00 am,0.01
10-Oct-19 05:00:00 am,0.01
10-Oct-19 09:00:00 am,0.01
10-Oct-19 01:00:00 pm,0.01
10-Oct-19 05:00:00 pm,-0.00
10-Oct-19 09:00:00 pm,0.00
11-Oct-19 01:00:00 am,0.01
11-Oct-19 05:00:00 am,0.01
11-Oct-19 09:00:00 am,0.01
11-Oct-19 01:00:00 pm,0.01
11-Oct-19 05:00:00 pm,-0.00
11-Oct-19 09:00:00 pm,-0.00
12-Oct-19 01:00:00 am,0.00
12-Oct-19 05:00:00 am,0.00
12-Oct-19 09:00:00 am,-0.00
12-Oct-19 01:00:00 pm,0.00
12-Oct-19 05:00:00 pm,0.00
12-Oct-19 09:00:00 pm,0.00
13-Oct-19 01:00:00 am,0.00
13-Oct-19 05:00:00 am,0.00
13-Oct-19 09:00:00 am,0.00
13-Oct-19 01:00:00 pm,0.00
13-Oct-19 05:00:00 pm,0.00
13-Oct-19 09:00:00 pm,0.00
14-Oct-19 01:00:00 am,0.00
14-Oct-19 05:00:00 am,0.01
14-Oct-19 09:00:00 am,0.01
14-Oct-19 01:00:00 pm,0.01
14-Oct-19 05:00:00 pm,-0.00
14-Oct-19 09:00:00 pm,0.00
15-Oct-19 01:00:00 am,0.00
15-Oct-19 05:00:00 am,0.01
15-Oct-19 09:00:00 am,0.01
15-Oct-19 01:00:00 pm,0.01
15-Oct-19 05:00:00 pm,-0.00
15-Oct-19 09:00:00 pm,-0.00
16-Oct-19 01:00:00 am,0.00
16-Oct-19 05:00:00 am,0.01
16-Oct-19 09:00:00 am,0.01
16-Oct-19 01:00:00 pm,0.00
16-Oct-19 05:00:00 pm,0.00
16-Oct-19 09:00:00 pm,0.00
17-Oct-19 01:00:00 am,0.00
17-Oct-19 05:00:00 am,0.01
17-Oct-19 09:00:00 am,0.02
17-Oct-19 01:00:00 pm,0.02
17-Oct-19 05:00:00 pm,0.01
17-Oct-19 09:00:00 pm,0.00
18-Oct-19 01:00:00 am,0.01
18-Oct-19 05:00:00 am,0.01
18-Oct-19 09:00:00 am,0.02
18-Oct-19 01:00:00 pm,0.01
18-Oct-19 05:00:00 pm,0.00
18-Oct-19 09:00:00 pm,0.00
19-Oct-19 01:00:00 am,0.00
19-Oct-19 05:00:00 am,0.00
19-Oct-19 09:00:00 am,0.00
19-Oct-19 01:00:00 pm,0.00
19-Oct-19 05:00:00 pm,0.00
19-Oct-19 09:00:00 pm,0.00
20-Oct-19 01:00:00 am,0.00
20-Oct-19 05:00:00 am,0.00
20-Oct-19 09:00:00 am,0.00
20-Oct-19 01:00:00 pm,0.00
20-Oct-19 05:00:00 pm,-0.00
20-Oct-19 09:00:00 pm,0.00
21-Oct-19 01:00:00 am,0.00
21-Oct-19 05:00:00 am,0.01
21-Oct-19 09:00:00 am,0.01
21-Oct-19 01:00:00 pm,0.01
21-Oct-19 05:00:00 pm,0.00
21-Oct-19 09:00:00 pm,0.00
22-Oct-19 01:00:00 am,0.00
22-Oct-19 05:00:00 am,0.00
22-Oct-19 09:00:00 am,0.01
22-Oct-19 01:00:00 pm,0.01
22-Oct-19 05:00:00 pm,0.00
22-Oct-19 09:00:00 pm,-0.00
23-Oct-19 01:00:00 am,0.00
23-Oct-19 05:00:00 am,0.01
23-Oct-19 09:00:00 am,0.01
23-Oct-19 01:00:00 pm,0.01
23-Oct-19 05:00:00 pm,0.00
23-Oct-19 09:00:00 pm,-0.00
24-Oct-19 01:00:00 am,0.01
24-Oct-19 05:00:00 am,0.01
24-Oct-19 09:00:00 am,0.01
24-Oct-19 01:00:00 pm,0.01
24-Oct-19 05:00:00 pm,-0.00
24-Oct-19 09:00:00 pm,-0.00
25-Oct-19 01:00:00 am,0.00
25-Oct-19 05:00:00 am,0.01
25-Oct-19 09:00:00 am,0.01
25-Oct-19 01:00:00 pm,0.01
25-Oct-19 05:00:00 pm,0.00
25-Oct-19 09:00:00 pm,-0.00
26-Oct-19 01:00:00 am,0.00
26-Oct-19 05:00:00 am,0.00
26-Oct-19 09:00:00 am,0.00
26-Oct-19 01:00:00 pm,0.00
26-Oct-19 05:00:00 pm,0.00
26-Oct-19 09:00:00 pm,0.00
27-Oct-19 01:00:00 am,0.00
27-Oct-19 05:00:00 am,0.01
27-Oct-19 09:00:00 am,0.00
27-Oct-19 01:00:00 pm,0.00
27-Oct-19 05:00:00 pm,0.00
27-Oct-19 09:00:00 pm,0.01
28-Oct-19 01:00:00 am,0.01
28-Oct-19 05:00:00 am,0.01
28-Oct-19 09:00:00 am,0.01
28-Oct-19 01:00:00 pm,0.01
28-Oct-19 05:00:00 pm,0.00
28-Oct-19 09:00:00 pm,0.00
29-Oct-19 01:00:00 am,0.01
29-Oct-19 05:00:00 am,0.01
29-Oct-19 09:00:00 am,0.01
29-Oct-19 01:00:00 pm,0.01
29-Oct-19 05:00:00 pm,0.00
29-Oct-19 09:00:00 pm,0.00
30-Oct-19 01:00:00 am,0.01
30-Oct-19 05:00:00 am,0.02
30-Oct-19 09:00:00 am,0.01
30-Oct-19 01:00:00 pm,0.01
30-Oct-19 05:00:00 pm,0.00
30-Oct-19 09:00:00 pm,0.00
31-Oct-19 01:00:00 am,0.01
31-Oct-19 05:00:00 am,0.01
31-Oct-19 09:00:00 am,0.01
31-Oct-19 01:00:00 pm,0.01
31-Oct-19 05:00:00 pm,0.00
31-Oct-19 09:00:00 pm,0.00
01-Nov-19 01:00:00 am,0.01
01-Nov-19 05:00:00 am,0.01
01-Nov-19 09:00:00 am,0.01
01-Nov-19 01:00:00 pm,0.01
01-Nov-19 05:00:00 pm,0.00
01-Nov-19 09:00:00 pm,0.00
02-Nov-19 01:00:00 am,0.00
02-Nov-19 05:00:00 am,0.00
02-Nov-19 09:00:00 am,0.00
02-Nov-19 01:00:00 pm,0.00
02-Nov-19 05:00:00 pm,0.00
02-Nov-19 09:00:00 pm,0.00
03-Nov-19 01:00:00 am,0.00
03-Nov-19 04:00:00 am,0.00
03-Nov-19 08:00:00 am,0.00
03-Nov-19 12:00:00 pm,0.00
03-Nov-19 04:00:00 pm,0.00
03-Nov-19 08:00:00 pm,0.00
04-Nov-19 12:00:00 am,0.01
04-Nov-19 04:00:00 am,0.01
04-Nov-19 08:00:00 am,0.01
04-Nov-19 12:00:00 pm,0.01
04-Nov-19 04:00:00 pm,0.00
04-Nov-19 08:00:00 pm,0.00
05-Nov-19 12:00:00 am,0.01
05-Nov-19 04:00:00 am,0.01
05-Nov-19 08:00:00 am,0.01
05-Nov-19 12:00:00 pm,0.01
05-Nov-19 04:00:00 pm,0.00
05-Nov-19 08:00:00 pm,0.00
06-Nov-19 12:00:00 am,0.00
06-Nov-19 04:00:00 am,0.01
06-Nov-19 08:00:00 am,0.01
06-Nov-19 12:00:00 pm,0.01
06-Nov-19 04:00:00 pm,0.00
06-Nov-19 08:00:00 pm,0.00
07-Nov-19 12:00:00 am,0.01
07-Nov-19 04:00:00 am,0.01
07-Nov-19 08:00:00 am,0.01
07-Nov-19 12:00:00 pm,0.01
07-Nov-19 04:00:00 pm,0.00
07-Nov-19 08:00:00 pm,0.00
08-Nov-19 12:00:00 am,0.01
08-Nov-19 04:00:00 am,0.01
08-Nov-19 08:00:00 am,0.01
08-Nov-19 12:00:00 pm,0.01
08-Nov-19 04:00:00 pm,0.00
08-Nov-19 08:00:00 pm,0.00
09-Nov-19 12:00:00 am,-0.00
09-Nov-19 04:00:00 am,0.00
09-Nov-19 08:00:00 am,0.00
09-Nov-19 12:00:00 pm,0.00
09-Nov-19 04:00:00 pm,0.00
09-Nov-19 08:00:00 pm,-0.00
10-Nov-19 12:00:00 am,-0.00
10-Nov-19 04:00:00 am,-0.00
10-Nov-19 08:00:00 am,-0.00
10-Nov-19 12:00:00 pm,-0.00
10-Nov-19 04:00:00 pm,-0.00
10-Nov-19 08:00:00 pm,0.00
11-Nov-19 12:00:00 am,0.00
11-Nov-19 04:00:00 am,0.01
11-Nov-19 08:00:00 am,0.01
11-Nov-19 12:00:00 pm,0.01
11-Nov-19 04:00:00 pm,0.00
11-Nov-19 08:00:00 pm,-0.00
12-Nov-19 12:00:00 am,0.00
12-Nov-19 04:00:00 am,0.01
12-Nov-19 08:00:00 am,0.01
12-Nov-19 12:00:00 pm,0.01
12-Nov-19 04:00:00 pm,0.00
12-Nov-19 08:00:00 pm,-0.00
13-Nov-19 12:00:00 am,0.00
13-Nov-19 04:00:00 am,0.01
13-Nov-19 08:00:00 am,0.01
13-Nov-19 12:00:00 pm,0.01
13-Nov-19 04:00:00 pm,0.00
13-Nov-19 08:00:00 pm,-0.00
14-Nov-19 12:00:00 am,0.00
14-Nov-19 04:00:00 am,0.01
14-Nov-19 08:00:00 am,0.01
14-Nov-19 12:00:00 pm,0.01
14-Nov-19 04:00:00 pm,0.00
14-Nov-19 08:00:00 pm,-0.00
15-Nov-19 12:00:00 am,0.00
15-Nov-19 04:00:00 am,0.00
15-Nov-19 08:00:00 am,0.01
15-Nov-19 12:00:00 pm,0.01
15-Nov-19 04:00:00 pm,0.00
15-Nov-19 08:00:00 pm,-0.00
16-Nov-19 12:00:00 am,-0.00
16-Nov-19 04:00:00 am,-0.00
16-Nov-19 08:00:00 am,-0.00
16-Nov-19 12:00:00 pm,-0.00
16-Nov-19 04:00:00 pm,-0.00
16-Nov-19 08:00:00 pm,-0.00
17-Nov-19 12:00:00 am,-0.00
17-Nov-19 04:00:00 am,0.00
17-Nov-19 08:00:00 am,0.00
17-Nov-19 12:00:00 pm,0.00
17-Nov-19 04:00:00 pm,-0.00
17-Nov-19 08:00:00 pm,0.00
18-Nov-19 12:00:00 am,0.00
18-Nov-19 04:00:00 am,0.00
18-Nov-19 08:00:00 am,0.01
18-Nov-19 12:00:00 pm,0.01
18-Nov-19 04:00:00 pm,0.00
18-Nov-19 08:00:00 pm,0.00
19-Nov-19 12:00:00 am,0.00
19-Nov-19 04:00:00 am,0.01
19-Nov-19 08:00:00 am,0.01
19-Nov-19 12:00:00 pm,0.01
19-Nov-19 04:00:00 pm,0.01
19-Nov-19 08:00:00 pm,0.00
20-Nov-19 12:00:00 am,0.01
20-Nov-19 04:00:00 am,0.01
20-Nov-19 08:00:00 am,0.01
20-Nov-19 12:00:00 pm,0.01
20-Nov-19 04:00:00 pm,0.01
20-Nov-19 08:00:00 pm,0.00
21-Nov-19 12:00:00 am,0.01
21-Nov-19 04:00:00 am,0.01
21-Nov-19 08:00:00 am,0.01
21-Nov-19 12:00:00 pm,0.01
21-Nov-19 04:00:00 pm,0.01
21-Nov-19 08:00:00 pm,0.00
22-Nov-19 12:00:00 am,0.01
22-Nov-19 04:00:00 am,0.01
22-Nov-19 08:00:00 am,0.01
22-Nov-19 12:00:00 pm,0.01
22-Nov-19 04:00:00 pm,0.01
22-Nov-19 08:00:00 pm,0.00
23-Nov-19 12:00:00 am,0.00
23-Nov-19 04:00:00 am,0.01
23-Nov-19 08:00:00 am,0.00
23-Nov-19 12:00:00 pm,0.00
23-Nov-19 04:00:00 pm,0.00
23-Nov-19 08:00:00 pm,0.01
24-Nov-19 12:00:00 am,0.01
24-Nov-19 04:00:00 am,0.00
24-Nov-19 08:00:00 am,0.00
24-Nov-19 12:00:00 pm,0.00
24-Nov-19 04:00:00 pm,0.00
24-Nov-19 08:00:00 pm,0.00
25-Nov-19 12:00:00 am,0.00
25-Nov-19 04:00:00 am,0.01
25-Nov-19 08:00:00 am,0.01
25-Nov-19 12:00:00 pm,0.01
25-Nov-19 04:00:00 pm,0.01
25-Nov-19 08:00:00 pm,0.00
26-Nov-19 12:00:00 am,0.01
26-Nov-19 04:00:00 am,0.01
26-Nov-19 08:00:00 am,0.01
26-Nov-19 12:00:00 pm,0.01
26-Nov-19 04:00:00 pm,0.01
26-Nov-19 08:00:00 pm,0.00
27-Nov-19 12:00:00 am,0.01
27-Nov-19 04:00:00 am,0.01
27-Nov-19 08:00:00 am,0.01
27-Nov-19 12:00:00 pm,0.01
27-Nov-19 04:00:00 pm,0.01
27-Nov-19 08:00:00 pm,0.01
28-Nov-19 12:00:00 am,0.01
28-Nov-19 04:00:00 am,0.01
28-Nov-19 08:00:00 am,0.01
28-Nov-19 12:00:00 pm,0.01
28-Nov-19 04:00:00 pm,0.01
28-Nov-19 08:00:00 pm,0.01
29-Nov-19 12:00:00 am,0.01
29-Nov-19 04:00:00 am,0.02
29-Nov-19 08:00:00 am,0.02
29-Nov-19 12:00:00 pm,0.02
29-Nov-19 04:00:00 pm,0.01
29-Nov-19 08:00:00 pm,0.01
30-Nov-19 12:00:00 am,0.01
30-Nov-19 04:00:00 am,0.01
30-Nov-19 08:00:00 am,0.01
30-Nov-19 12:00:00 pm,0.01
30-Nov-19 04:00:00 pm,0.01
30-Nov-19 08:00:00 pm,0.01
01-Dec-19 12:00:00 am,0.01
01-Dec-19 04:00:00 am,0.01
01-Dec-19 08:00:00 am,0.01
01-Dec-19 12:00:00 pm,0.00
01-Dec-19 04:00:00 pm,0.00
01-Dec-19 08:00:00 pm,0.01
02-Dec-19 12:00:00 am,0.01
02-Dec-19 04:00:00 am,0.01
02-Dec-19 08:00:00 am,0.01
02-Dec-19 12:00:00 pm,0.01
02-Dec-19 04:00:00 pm,0.00
02-Dec-19 08:00:00 pm,0.00
03-Dec-19 12:00:00 am,0.00
03-Dec-19 04:00:00 am,0.01
03-Dec-19 08:00:00 am,0.01
03-Dec-19 12:00:00 pm,0.01
03-Dec-19 04:00:00 pm,0.00
03-Dec-19 08:00:00 pm,-0.00
04-Dec-19 12:00:00 am,0.01
04-Dec-19 04:00:00 am,0.01
04-Dec-19 08:00:00 am,0.01
04-Dec-19 12:00:00 pm,0.01
04-Dec-19 04:00:00 pm,0.00
04-Dec-19 08:00:00 pm,0.00
05-Dec-19 12:00:00 am,0.00
05-Dec-19 04:00:00 am,0.01
05-Dec-19 08:00:00 am,0.01
05-Dec-19 12:00:00 pm,0.01
05-Dec-19 04:00:00 pm,0.00
05-Dec-19 08:00:00 pm,0.00
06-Dec-19 12:00:00 am,0.00
06-Dec-19 04:00:00 am,0.01
06-Dec-19 08:00:00 am,0.01
06-Dec-19 12:00:00 pm,0.01
06-Dec-19 04:00:00 pm,0.00
06-Dec-19 08:00:00 pm,0.00
07-Dec-19 12:00:00 am,-0.00
07-Dec-19 04:00:00 am,0.00
07-Dec-19 08:00:00 am,0.00
07-Dec-19 12:00:00 pm,0.00
07-Dec-19 04:00:00 pm,-0.00
07-Dec-19 08:00:00 pm,0.00
08-Dec-19 12:00:00 am,0.00
08-Dec-19 04:00:00 am,0.00
08-Dec-19 08:00:00 am,0.00
08-Dec-19 12:00:00 pm,0.00
08-Dec-19 04:00:00 pm,0.00
08-Dec-19 08:00:00 pm,0.00
09-Dec-19 12:00:00 am,0.01
09-Dec-19 04:00:00 am,0.01
09-Dec-19 08:00:00 am,0.01
09-Dec-19 12:00:00 pm,0.01
09-Dec-19 04:00:00 pm,0.01
09-Dec-19 08:00:00 pm,0.00
10-Dec-19 12:00:00 am,0.01
10-Dec-19 04:00:00 am,0.01
10-Dec-19 08:00:00 am,0.01
10-Dec-19 12:00:00 pm,0.01
10-Dec-19 04:00:00 pm,0.01
10-Dec-19 08:00:00 pm,0.00
11-Dec-19 12:00:00 am,0.00
11-Dec-19 04:00:00 am,0.01
11-Dec-19 08:00:00 am,0.01
11-Dec-19 12:00:00 pm,0.01
11-Dec-19 04:00:00 pm,0.00
11-Dec-19 08:00:00 pm,0.00
12-Dec-19 12:00:00 am,0.01
12-Dec-19 04:00:00 am,0.02
12-Dec-19 08:00:00 am,0.01
12-Dec-19 12:00:00 pm,0.01
12-Dec-19 04:00:00 pm,0.01
12-Dec-19 08:00:00 pm,0.01
13-Dec-19 12:00:00 am,0.01
13-Dec-19 04:00:00 am,0.01
13-Dec-19 08:00:00 am,0.01
13-Dec-19 12:00:00 pm,0.01
13-Dec-19 04:00:00 pm,0.01
13-Dec-19 08:00:00 pm,0.00
14-Dec-19 12:00:00 am,0.00
14-Dec-19 04:00:00 am,0.00
14-Dec-19 08:00:00 am,0.00
14-Dec-19 12:00:00 pm,0.00
14-Dec-19 04:00:00 pm,0.00
14-Dec-19 08:00:00 pm,0.00
15-Dec-19 12:00:00 am,0.00
15-Dec-19 04:00:00 am,0.01
15-Dec-19 08:00:00 am,0.00
15-Dec-19 12:00:00 pm,0.00
15-Dec-19 04:00:00 pm,0.00
15-Dec-19 08:00:00 pm,0.01
16-Dec-19 12:00:00 am,0.01
16-Dec-19 04:00:00 am,0.01
16-Dec-19 08:00:00 am,0.01
16-Dec-19 12:00:00 pm,0.01
16-Dec-19 04:00:00 pm,0.01
16-Dec-19 08:00:00 pm,0.00
17-Dec-19 12:00:00 am,0.01
17-Dec-19 04:00:00 am,0.01
17-Dec-19 08:00:00 am,0.01
17-Dec-19 12:00:00 pm,0.01
17-Dec-19 04:00:00 pm,0.01
17-Dec-19 08:00:00 pm,0.00
18-Dec-19 12:00:00 am,0.01
18-Dec-19 04:00:00 am,0.01
18-Dec-19 08:00:00 am,0.01
18-Dec-19 12:00:00 pm,0.01
18-Dec-19 04:00:00 pm,0.01
18-Dec-19 08:00:00 pm,0.00
19-Dec-19 12:00:00 am,0.01
19-Dec-19 04:00:00 am,0.01
19-Dec-19 08:00:00 am,0.01
19-Dec-19 12:00:00 pm,0.01
19-Dec-19 04:00:00 pm,0.00
19-Dec-19 08:00:00 pm,0.00
20-Dec-19 12:00:00 am,0.01
20-Dec-19 04:00:00 am,0.01
20-Dec-19 08:00:00 am,0.01
20-Dec-19 12:00:00 pm,0.01
20-Dec-19 04:00:00 pm,0.01
20-Dec-19 08:00:00 pm,-0.00
21-Dec-19 12:00:00 am,0.00
21-Dec-19 04:00:00 am,0.00
21-Dec-19 08:00:00 am,0.00
21-Dec-19 12:00:00 pm,0.00
21-Dec-19 04:00:00 pm,0.00
21-Dec-19 08:00:00 pm,0.00
22-Dec-19 12:00:00 am,0.00
22-Dec-19 04:00:00 am,0.00
22-Dec-19 08:00:00 am,0.00
22-Dec-19 12:00:00 pm,0.00
22-Dec-19 04:00:00 pm,0.01
22-Dec-19 08:00:00 pm,0.01
23-Dec-19 12:00:00 am,0.01
23-Dec-19 04:00:00 am,0.01
23-Dec-19 08:00:00 am,0.01
23-Dec-19 12:00:00 pm,0.01
23-Dec-19 04:00:00 pm,0.01
23-Dec-19 08:00:00 pm,0.00
24-Dec-19 12:00:00 am,0.01
24-Dec-19 04:00:00 am,0.01
24-Dec-19 08:00:00 am,0.01
24-Dec-19 12:00:00 pm,0.01
24-Dec-19 04:00:00 pm,0.01
24-Dec-19 08:00:00 pm,0.01
25-Dec-19 12:00:00 am,0.01
25-Dec-19 04:00:00 am,0.01
25-Dec-19 08:00:00 am,0.01
25-Dec-19 12:00:00 pm,0.01
25-Dec-19 04:00:00 pm,0.01
25-Dec-19 08:00:00 pm,0.01
26-Dec-19 12:00:00 am,0.01
26-Dec-19 04:00:00 am,0.01
26-Dec-19 08:00:00 am,0.01
26-Dec-19 12:00:00 pm,0.01
26-Dec-19 04:00:00 pm,0.01
26-Dec-19 08:00:00 pm,0.01
27-Dec-19 12:00:00 am,0.01
27-Dec-19 04:00:00 am,0.01
27-Dec-19 08:00:00 am,0.01
27-Dec-19 12:00:00 pm,0.01
27-Dec-19 04:00:00 pm,0.01
27-Dec-19 08:00:00 pm,0.00
28-Dec-19 12:00:00 am,0.00
28-Dec-19 04:00:00 am,0.00
28-Dec-19 08:00:00 am,0.00
28-Dec-19 12:00:00 pm,0.00
28-Dec-19 04:00:00 pm,0.00
28-Dec-19 08:00:00 pm,0.01
29-Dec-19 12:00:00 am,0.01
29-Dec-19 04:00:00 am,0.01
29-Dec-19 08:00:00 am,0.00
29-Dec-19 12:00:00 pm,0.00
29-Dec-19 04:00:00 pm,0.00
29-Dec-19 08:00:00 pm,0.00
30-Dec-19 12:00:00 am,0.01
30-Dec-19 04:00:00 am,0.01
30-Dec-19 08:00:00 am,0.01
30-Dec-19 12:00:00 pm,0.01
30-Dec-19 04:00:00 pm,0.01
30-Dec-19 08:00:00 pm,0.00
31-Dec-19 12:00:00 am,0.01
31-Dec-19 04:00:00 am,0.01
31-Dec-19 08:00:00 am,0.01
31-Dec-19 12:00:00 pm,0.02
31-Dec-19 04:00:00 pm,0.02
31-Dec-19 08:00:00 pm,0.01