Timestamp,RTU_1 EffDATempSP(°F)
01-Jan-19 12:00:00 am,65.0
01-Jan-19 04:00:00 am,65.0
01-Jan-19 08:00:00 am,55.8
01-Jan-19 12:00:00 pm,55.4
01-Jan-19 04:00:00 pm,58.6
01-Jan-19 08:00:00 pm,65.0
02-Jan-19 12:00:00 am,65.0
02-Jan-19 04:00:00 am,64.4
02-Jan-19 08:00:00 am,63.2
02-Jan-19 12:00:00 pm,65.0
02-Jan-19 04:00:00 pm,65.0
02-Jan-19 08:00:00 pm,65.0
03-Jan-19 12:00:00 am,65.0
03-Jan-19 04:00:00 am,64.6
03-Jan-19 08:00:00 am,64.9
03-Jan-19 12:00:00 pm,65.0
03-Jan-19 04:00:00 pm,62.8
03-Jan-19 08:00:00 pm,65.0
04-Jan-19 12:00:00 am,65.0
04-Jan-19 04:00:00 am,64.9
04-Jan-19 08:00:00 am,64.9
04-Jan-19 12:00:00 pm,63.7
04-Jan-19 04:00:00 pm,65.0
04-Jan-19 08:00:00 pm,65.0
05-Jan-19 12:00:00 am,65.0
05-Jan-19 04:00:00 am,65.0
05-Jan-19 08:00:00 am,65.0
05-Jan-19 12:00:00 pm,65.0
05-Jan-19 04:00:00 pm,65.0
05-Jan-19 08:00:00 pm,65.0
06-Jan-19 12:00:00 am,65.0
06-Jan-19 04:00:00 am,65.0
06-Jan-19 08:00:00 am,65.0
06-Jan-19 12:00:00 pm,65.0
06-Jan-19 04:00:00 pm,65.0
06-Jan-19 08:00:00 pm,65.0
07-Jan-19 12:00:00 am,65.0
07-Jan-19 04:00:00 am,64.5
07-Jan-19 08:00:00 am,64.3
07-Jan-19 12:00:00 pm,64.9
07-Jan-19 04:00:00 pm,60.7
07-Jan-19 08:00:00 pm,65.0
08-Jan-19 12:00:00 am,65.0
08-Jan-19 04:00:00 am,64.5
08-Jan-19 08:00:00 am,65.0
08-Jan-19 12:00:00 pm,65.0
08-Jan-19 04:00:00 pm,64.1
08-Jan-19 08:00:00 pm,65.0
09-Jan-19 12:00:00 am,65.0
09-Jan-19 04:00:00 am,64.3
09-Jan-19 08:00:00 am,65.0
09-Jan-19 12:00:00 pm,63.2
09-Jan-19 04:00:00 pm,64.7
09-Jan-19 08:00:00 pm,65.0
10-Jan-19 12:00:00 am,65.0
10-Jan-19 04:00:00 am,65.0
10-Jan-19 08:00:00 am,65.0
10-Jan-19 12:00:00 pm,61.6
10-Jan-19 04:00:00 pm,58.6
10-Jan-19 08:00:00 pm,65.0
11-Jan-19 12:00:00 am,65.0
11-Jan-19 04:00:00 am,64.3
11-Jan-19 08:00:00 am,65.0
11-Jan-19 12:00:00 pm,63.3
11-Jan-19 04:00:00 pm,58.6
11-Jan-19 08:00:00 pm,65.0
12-Jan-19 12:00:00 am,65.0
12-Jan-19 04:00:00 am,65.0
12-Jan-19 08:00:00 am,65.0
12-Jan-19 12:00:00 pm,65.0
12-Jan-19 04:00:00 pm,65.0
12-Jan-19 08:00:00 pm,65.0
13-Jan-19 12:00:00 am,65.0
13-Jan-19 04:00:00 am,65.0
13-Jan-19 08:00:00 am,65.0
13-Jan-19 12:00:00 pm,65.0
13-Jan-19 04:00:00 pm,65.0
13-Jan-19 08:00:00 pm,65.0
14-Jan-19 12:00:00 am,65.0
14-Jan-19 04:00:00 am,64.7
14-Jan-19 08:00:00 am,64.8
14-Jan-19 12:00:00 pm,57.1
14-Jan-19 04:00:00 pm,58.6
14-Jan-19 08:00:00 pm,65.0
15-Jan-19 12:00:00 am,65.0
15-Jan-19 04:00:00 am,64.6
15-Jan-19 08:00:00 am,64.9
15-Jan-19 12:00:00 pm,65.0
15-Jan-19 04:00:00 pm,65.0
15-Jan-19 08:00:00 pm,65.0
16-Jan-19 12:00:00 am,65.0
16-Jan-19 04:00:00 am,65.0
16-Jan-19 08:00:00 am,64.7
16-Jan-19 12:00:00 pm,57.3
16-Jan-19 04:00:00 pm,58.6
16-Jan-19 08:00:00 pm,65.0
17-Jan-19 12:00:00 am,65.0
17-Jan-19 04:00:00 am,64.8
17-Jan-19 08:00:00 am,64.9
17-Jan-19 12:00:00 pm,56.5
17-Jan-19 04:00:00 pm,58.6
17-Jan-19 08:00:00 pm,65.0
18-Jan-19 12:00:00 am,65.0
18-Jan-19 04:00:00 am,64.9
18-Jan-19 08:00:00 am,65.0
18-Jan-19 12:00:00 pm,64.8
18-Jan-19 04:00:00 pm,59.0
18-Jan-19 08:00:00 pm,65.0
19-Jan-19 12:00:00 am,65.0
19-Jan-19 04:00:00 am,65.0
19-Jan-19 08:00:00 am,65.0
19-Jan-19 12:00:00 pm,65.0
19-Jan-19 04:00:00 pm,65.0
19-Jan-19 08:00:00 pm,65.0
20-Jan-19 12:00:00 am,65.0
20-Jan-19 04:00:00 am,65.0
20-Jan-19 08:00:00 am,65.0
20-Jan-19 12:00:00 pm,65.0
20-Jan-19 04:00:00 pm,65.0
20-Jan-19 08:00:00 pm,65.0
21-Jan-19 12:00:00 am,65.0
21-Jan-19 04:00:00 am,65.0
21-Jan-19 08:00:00 am,63.8
21-Jan-19 12:00:00 pm,65.0
21-Jan-19 04:00:00 pm,65.0
21-Jan-19 08:00:00 pm,65.0
22-Jan-19 12:00:00 am,65.0
22-Jan-19 04:00:00 am,65.0
22-Jan-19 08:00:00 am,65.0
22-Jan-19 12:00:00 pm,60.6
22-Jan-19 04:00:00 pm,59.6
22-Jan-19 08:00:00 pm,65.0
23-Jan-19 12:00:00 am,65.0
23-Jan-19 04:00:00 am,64.9
23-Jan-19 08:00:00 am,62.6
23-Jan-19 12:00:00 pm,65.0
23-Jan-19 04:00:00 pm,60.8
23-Jan-19 08:00:00 pm,65.0
24-Jan-19 12:00:00 am,65.0
24-Jan-19 04:00:00 am,64.9
24-Jan-19 08:00:00 am,65.0
24-Jan-19 12:00:00 pm,63.4
24-Jan-19 04:00:00 pm,58.6
24-Jan-19 08:00:00 pm,65.0
25-Jan-19 12:00:00 am,65.0
25-Jan-19 04:00:00 am,63.9
25-Jan-19 08:00:00 am,59.8
25-Jan-19 12:00:00 pm,62.4
25-Jan-19 04:00:00 pm,58.6
25-Jan-19 08:00:00 pm,65.0
26-Jan-19 12:00:00 am,65.0
26-Jan-19 04:00:00 am,65.0
26-Jan-19 08:00:00 am,65.0
26-Jan-19 12:00:00 pm,65.0
26-Jan-19 04:00:00 pm,65.0
26-Jan-19 08:00:00 pm,65.0
27-Jan-19 12:00:00 am,65.0
27-Jan-19 04:00:00 am,65.0
27-Jan-19 08:00:00 am,65.0
27-Jan-19 12:00:00 pm,65.0
27-Jan-19 04:00:00 pm,65.0
27-Jan-19 08:00:00 pm,65.0
28-Jan-19 12:00:00 am,65.0
28-Jan-19 04:00:00 am,65.0
28-Jan-19 08:00:00 am,64.8
28-Jan-19 12:00:00 pm,58.3
28-Jan-19 04:00:00 pm,58.6
28-Jan-19 08:00:00 pm,65.0
29-Jan-19 12:00:00 am,65.0
29-Jan-19 04:00:00 am,65.0
29-Jan-19 08:00:00 am,64.5
29-Jan-19 12:00:00 pm,55.8
29-Jan-19 04:00:00 pm,58.6
29-Jan-19 08:00:00 pm,65.0
30-Jan-19 12:00:00 am,65.0
30-Jan-19 04:00:00 am,65.0
30-Jan-19 08:00:00 am,65.0
30-Jan-19 12:00:00 pm,65.0
30-Jan-19 04:00:00 pm,65.0
30-Jan-19 08:00:00 pm,65.0
31-Jan-19 12:00:00 am,65.0
31-Jan-19 04:00:00 am,64.0
31-Jan-19 08:00:00 am,64.5
31-Jan-19 12:00:00 pm,65.0
31-Jan-19 04:00:00 pm,65.0
31-Jan-19 08:00:00 pm,65.0
01-Feb-19 12:00:00 am,65.0
01-Feb-19 04:00:00 am,65.0
01-Feb-19 08:00:00 am,63.5
01-Feb-19 12:00:00 pm,57.1
01-Feb-19 04:00:00 pm,58.6
01-Feb-19 08:00:00 pm,65.0
02-Feb-19 12:00:00 am,65.0
02-Feb-19 04:00:00 am,65.0
02-Feb-19 08:00:00 am,65.0
02-Feb-19 12:00:00 pm,65.0
02-Feb-19 04:00:00 pm,65.0
02-Feb-19 08:00:00 pm,65.0
03-Feb-19 12:00:00 am,65.0
03-Feb-19 04:00:00 am,65.0
03-Feb-19 08:00:00 am,65.0
03-Feb-19 12:00:00 pm,65.0
03-Feb-19 04:00:00 pm,65.0
03-Feb-19 08:00:00 pm,65.0
04-Feb-19 12:00:00 am,65.0
04-Feb-19 04:00:00 am,65.0
04-Feb-19 08:00:00 am,65.0
04-Feb-19 12:00:00 pm,60.9
04-Feb-19 04:00:00 pm,58.6
04-Feb-19 08:00:00 pm,65.0
05-Feb-19 12:00:00 am,65.0
05-Feb-19 04:00:00 am,65.0
05-Feb-19 08:00:00 am,64.7
05-Feb-19 12:00:00 pm,59.1
05-Feb-19 04:00:00 pm,58.6
05-Feb-19 08:00:00 pm,65.0
06-Feb-19 12:00:00 am,65.0
06-Feb-19 04:00:00 am,65.0
06-Feb-19 08:00:00 am,60.7
06-Feb-19 12:00:00 pm,56.6
06-Feb-19 04:00:00 pm,58.6
06-Feb-19 08:00:00 pm,65.0
07-Feb-19 12:00:00 am,65.0
07-Feb-19 04:00:00 am,65.0
07-Feb-19 08:00:00 am,62.8
07-Feb-19 12:00:00 pm,62.1
07-Feb-19 04:00:00 pm,63.5
07-Feb-19 08:00:00 pm,65.0
08-Feb-19 12:00:00 am,65.0
08-Feb-19 04:00:00 am,65.0
08-Feb-19 08:00:00 am,62.9
08-Feb-19 12:00:00 pm,59.5
08-Feb-19 04:00:00 pm,58.6
08-Feb-19 08:00:00 pm,65.0
09-Feb-19 12:00:00 am,65.0
09-Feb-19 04:00:00 am,65.0
09-Feb-19 08:00:00 am,65.0
09-Feb-19 12:00:00 pm,65.0
09-Feb-19 04:00:00 pm,65.0
09-Feb-19 08:00:00 pm,65.0
10-Feb-19 12:00:00 am,65.0
10-Feb-19 04:00:00 am,65.0
10-Feb-19 08:00:00 am,65.0
10-Feb-19 12:00:00 pm,65.0
10-Feb-19 04:00:00 pm,65.0
10-Feb-19 08:00:00 pm,65.0
11-Feb-19 12:00:00 am,65.0
11-Feb-19 04:00:00 am,65.0
11-Feb-19 08:00:00 am,64.9
11-Feb-19 12:00:00 pm,59.9
11-Feb-19 04:00:00 pm,63.5
11-Feb-19 08:00:00 pm,65.0
12-Feb-19 12:00:00 am,65.0
12-Feb-19 04:00:00 am,65.0
12-Feb-19 08:00:00 am,57.3
12-Feb-19 12:00:00 pm,55.0
12-Feb-19 04:00:00 pm,58.6
12-Feb-19 08:00:00 pm,65.0
13-Feb-19 12:00:00 am,65.0
13-Feb-19 04:00:00 am,64.8
13-Feb-19 08:00:00 am,60.0
13-Feb-19 12:00:00 pm,65.0
13-Feb-19 04:00:00 pm,65.0
13-Feb-19 08:00:00 pm,65.0
14-Feb-19 12:00:00 am,65.0
14-Feb-19 04:00:00 am,64.9
14-Feb-19 08:00:00 am,64.3
14-Feb-19 12:00:00 pm,65.0
14-Feb-19 04:00:00 pm,63.6
14-Feb-19 08:00:00 pm,65.0
15-Feb-19 12:00:00 am,65.0
15-Feb-19 04:00:00 am,64.8
15-Feb-19 08:00:00 am,61.8
15-Feb-19 12:00:00 pm,63.0
15-Feb-19 04:00:00 pm,58.6
15-Feb-19 08:00:00 pm,65.0
16-Feb-19 12:00:00 am,65.0
16-Feb-19 04:00:00 am,65.0
16-Feb-19 08:00:00 am,65.0
16-Feb-19 12:00:00 pm,65.0
16-Feb-19 04:00:00 pm,65.0
16-Feb-19 08:00:00 pm,65.0
17-Feb-19 12:00:00 am,65.0
17-Feb-19 04:00:00 am,65.0
17-Feb-19 08:00:00 am,65.0
17-Feb-19 12:00:00 pm,65.0
17-Feb-19 04:00:00 pm,65.0
17-Feb-19 08:00:00 pm,65.0
18-Feb-19 12:00:00 am,65.0
18-Feb-19 04:00:00 am,65.0
18-Feb-19 08:00:00 am,64.2
18-Feb-19 12:00:00 pm,65.0
18-Feb-19 04:00:00 pm,65.0
18-Feb-19 08:00:00 pm,65.0
19-Feb-19 12:00:00 am,65.0
19-Feb-19 04:00:00 am,64.9
19-Feb-19 08:00:00 am,65.0
19-Feb-19 12:00:00 pm,65.0
19-Feb-19 04:00:00 pm,65.0
19-Feb-19 08:00:00 pm,65.0
20-Feb-19 12:00:00 am,65.0
20-Feb-19 04:00:00 am,65.0
20-Feb-19 08:00:00 am,63.8
20-Feb-19 12:00:00 pm,65.0
20-Feb-19 04:00:00 pm,60.9
20-Feb-19 08:00:00 pm,65.0
21-Feb-19 12:00:00 am,65.0
21-Feb-19 04:00:00 am,65.0
21-Feb-19 08:00:00 am,64.6
21-Feb-19 12:00:00 pm,55.2
21-Feb-19 04:00:00 pm,58.6
21-Feb-19 08:00:00 pm,65.0
22-Feb-19 12:00:00 am,65.0
22-Feb-19 04:00:00 am,64.8
22-Feb-19 08:00:00 am,57.0
22-Feb-19 12:00:00 pm,61.4
22-Feb-19 04:00:00 pm,63.4
22-Feb-19 08:00:00 pm,65.0
23-Feb-19 12:00:00 am,65.0
23-Feb-19 04:00:00 am,65.0
23-Feb-19 08:00:00 am,65.0
23-Feb-19 12:00:00 pm,65.0
23-Feb-19 04:00:00 pm,65.0
23-Feb-19 08:00:00 pm,65.0
24-Feb-19 12:00:00 am,65.0
24-Feb-19 04:00:00 am,65.0
24-Feb-19 08:00:00 am,65.0
24-Feb-19 12:00:00 pm,65.0
24-Feb-19 04:00:00 pm,65.0
24-Feb-19 08:00:00 pm,65.0
25-Feb-19 12:00:00 am,65.0
25-Feb-19 04:00:00 am,65.0
25-Feb-19 08:00:00 am,61.4
25-Feb-19 12:00:00 pm,57.8
25-Feb-19 04:00:00 pm,60.1
25-Feb-19 08:00:00 pm,65.0
26-Feb-19 12:00:00 am,65.0
26-Feb-19 04:00:00 am,65.0
26-Feb-19 08:00:00 am,65.0
26-Feb-19 12:00:00 pm,56.7
26-Feb-19 04:00:00 pm,58.6
26-Feb-19 08:00:00 pm,65.0
27-Feb-19 12:00:00 am,65.0
27-Feb-19 04:00:00 am,65.0
27-Feb-19 08:00:00 am,63.8
27-Feb-19 12:00:00 pm,65.0
27-Feb-19 04:00:00 pm,65.0
27-Feb-19 08:00:00 pm,65.0
28-Feb-19 12:00:00 am,65.0
28-Feb-19 04:00:00 am,65.0
28-Feb-19 08:00:00 am,64.0
28-Feb-19 12:00:00 pm,55.6
28-Feb-19 04:00:00 pm,58.6
28-Feb-19 08:00:00 pm,65.0
01-Mar-19 12:00:00 am,65.0
01-Mar-19 04:00:00 am,64.6
01-Mar-19 08:00:00 am,64.0
01-Mar-19 12:00:00 pm,55.5
01-Mar-19 04:00:00 pm,58.6
01-Mar-19 08:00:00 pm,65.0
02-Mar-19 12:00:00 am,65.0
02-Mar-19 04:00:00 am,65.0
02-Mar-19 08:00:00 am,65.0
02-Mar-19 12:00:00 pm,64.1
02-Mar-19 04:00:00 pm,55.9
02-Mar-19 08:00:00 pm,56.7
03-Mar-19 12:00:00 am,56.7
03-Mar-19 04:00:00 am,56.7
03-Mar-19 08:00:00 am,56.7
03-Mar-19 12:00:00 pm,56.7
03-Mar-19 04:00:00 pm,56.7
03-Mar-19 08:00:00 pm,56.7
04-Mar-19 12:00:00 am,56.7
04-Mar-19 04:00:00 am,56.7
04-Mar-19 08:00:00 am,58.9
04-Mar-19 12:00:00 pm,56.5
04-Mar-19 04:00:00 pm,60.3
04-Mar-19 08:00:00 pm,65.0
05-Mar-19 12:00:00 am,65.0
05-Mar-19 04:00:00 am,65.0
05-Mar-19 08:00:00 am,62.6
05-Mar-19 12:00:00 pm,55.7
05-Mar-19 04:00:00 pm,58.6
05-Mar-19 08:00:00 pm,65.0
06-Mar-19 12:00:00 am,65.0
06-Mar-19 04:00:00 am,64.9
06-Mar-19 08:00:00 am,65.0
06-Mar-19 12:00:00 pm,61.1
06-Mar-19 04:00:00 pm,65.0
06-Mar-19 08:00:00 pm,65.0
07-Mar-19 12:00:00 am,65.0
07-Mar-19 04:00:00 am,65.0
07-Mar-19 08:00:00 am,65.0
07-Mar-19 12:00:00 pm,58.6
07-Mar-19 04:00:00 pm,58.6
07-Mar-19 08:00:00 pm,65.0
08-Mar-19 12:00:00 am,65.0
08-Mar-19 04:00:00 am,65.0
08-Mar-19 08:00:00 am,64.5
08-Mar-19 12:00:00 pm,65.0
08-Mar-19 04:00:00 pm,62.5
08-Mar-19 08:00:00 pm,65.0
09-Mar-19 12:00:00 am,65.0
09-Mar-19 04:00:00 am,65.0
09-Mar-19 08:00:00 am,65.0
09-Mar-19 12:00:00 pm,65.0
09-Mar-19 04:00:00 pm,65.0
09-Mar-19 08:00:00 pm,65.0
10-Mar-19 12:00:00 am,65.0
10-Mar-19 05:00:00 am,65.0
10-Mar-19 09:00:00 am,65.0
10-Mar-19 01:00:00 pm,64.3
10-Mar-19 05:00:00 pm,64.7
10-Mar-19 09:00:00 pm,65.0
11-Mar-19 01:00:00 am,65.0
11-Mar-19 05:00:00 am,65.0
11-Mar-19 09:00:00 am,57.2
11-Mar-19 01:00:00 pm,57.7
11-Mar-19 05:00:00 pm,64.3
11-Mar-19 09:00:00 pm,65.0
12-Mar-19 01:00:00 am,65.0
12-Mar-19 05:00:00 am,61.4
12-Mar-19 09:00:00 am,63.5
12-Mar-19 01:00:00 pm,62.2
12-Mar-19 05:00:00 pm,61.1
12-Mar-19 09:00:00 pm,65.0
13-Mar-19 01:00:00 am,65.0
13-Mar-19 05:00:00 am,62.3
13-Mar-19 09:00:00 am,64.9
13-Mar-19 01:00:00 pm,56.3
13-Mar-19 05:00:00 pm,62.9
13-Mar-19 09:00:00 pm,65.0
14-Mar-19 01:00:00 am,65.0
14-Mar-19 05:00:00 am,62.6
14-Mar-19 09:00:00 am,57.2
14-Mar-19 01:00:00 pm,55.0
14-Mar-19 05:00:00 pm,57.0
14-Mar-19 09:00:00 pm,65.0
15-Mar-19 01:00:00 am,65.0
15-Mar-19 05:00:00 am,60.9
15-Mar-19 09:00:00 am,56.2
15-Mar-19 01:00:00 pm,55.0
15-Mar-19 05:00:00 pm,61.1
15-Mar-19 09:00:00 pm,65.0
16-Mar-19 01:00:00 am,65.0
16-Mar-19 05:00:00 am,65.0
16-Mar-19 09:00:00 am,65.0
16-Mar-19 01:00:00 pm,65.0
16-Mar-19 05:00:00 pm,65.0
16-Mar-19 09:00:00 pm,65.0
17-Mar-19 01:00:00 am,65.0
17-Mar-19 05:00:00 am,65.0
17-Mar-19 09:00:00 am,65.0
17-Mar-19 01:00:00 pm,60.6
17-Mar-19 05:00:00 pm,58.4
17-Mar-19 09:00:00 pm,65.0
18-Mar-19 01:00:00 am,65.0
18-Mar-19 05:00:00 am,62.1
18-Mar-19 09:00:00 am,62.6
18-Mar-19 01:00:00 pm,55.0
18-Mar-19 05:00:00 pm,57.7
18-Mar-19 09:00:00 pm,65.0
19-Mar-19 01:00:00 am,65.0
19-Mar-19 05:00:00 am,64.8
19-Mar-19 09:00:00 am,62.3
19-Mar-19 01:00:00 pm,55.0
19-Mar-19 05:00:00 pm,57.4
19-Mar-19 09:00:00 pm,65.0
20-Mar-19 01:00:00 am,65.0
20-Mar-19 05:00:00 am,64.3
20-Mar-19 09:00:00 am,58.7
20-Mar-19 01:00:00 pm,55.0
20-Mar-19 05:00:00 pm,61.1
20-Mar-19 09:00:00 pm,65.0
21-Mar-19 01:00:00 am,65.0
21-Mar-19 05:00:00 am,65.0
21-Mar-19 09:00:00 am,60.1
21-Mar-19 01:00:00 pm,55.0
21-Mar-19 05:00:00 pm,61.1
21-Mar-19 09:00:00 pm,65.0
22-Mar-19 01:00:00 am,65.0
22-Mar-19 05:00:00 am,65.0
22-Mar-19 09:00:00 am,62.5
22-Mar-19 01:00:00 pm,55.0
22-Mar-19 05:00:00 pm,61.1
22-Mar-19 09:00:00 pm,65.0
23-Mar-19 01:00:00 am,65.0
23-Mar-19 05:00:00 am,65.0
23-Mar-19 09:00:00 am,65.0
23-Mar-19 01:00:00 pm,62.1
23-Mar-19 05:00:00 pm,61.0
23-Mar-19 09:00:00 pm,65.0
24-Mar-19 01:00:00 am,65.0
24-Mar-19 05:00:00 am,65.0
24-Mar-19 09:00:00 am,65.0
24-Mar-19 01:00:00 pm,65.0
24-Mar-19 05:00:00 pm,65.0
24-Mar-19 09:00:00 pm,65.0
25-Mar-19 01:00:00 am,65.0
25-Mar-19 05:00:00 am,61.7
25-Mar-19 09:00:00 am,63.9
25-Mar-19 01:00:00 pm,63.5
25-Mar-19 05:00:00 pm,65.0
25-Mar-19 09:00:00 pm,65.0
26-Mar-19 01:00:00 am,65.0
26-Mar-19 05:00:00 am,62.7
26-Mar-19 09:00:00 am,64.7
26-Mar-19 01:00:00 pm,55.2
26-Mar-19 05:00:00 pm,61.1
26-Mar-19 09:00:00 pm,65.0
27-Mar-19 01:00:00 am,65.0
27-Mar-19 05:00:00 am,61.9
27-Mar-19 09:00:00 am,63.8
27-Mar-19 01:00:00 pm,61.0
27-Mar-19 05:00:00 pm,61.1
27-Mar-19 09:00:00 pm,65.0
28-Mar-19 01:00:00 am,65.0
28-Mar-19 05:00:00 am,62.2
28-Mar-19 09:00:00 am,63.9
28-Mar-19 01:00:00 pm,55.0
28-Mar-19 05:00:00 pm,61.1
28-Mar-19 09:00:00 pm,65.0
29-Mar-19 01:00:00 am,65.0
29-Mar-19 05:00:00 am,64.5
29-Mar-19 09:00:00 am,63.7
29-Mar-19 01:00:00 pm,55.4
29-Mar-19 05:00:00 pm,61.1
29-Mar-19 09:00:00 pm,65.0
30-Mar-19 01:00:00 am,65.0
30-Mar-19 05:00:00 am,65.0
30-Mar-19 09:00:00 am,65.0
30-Mar-19 01:00:00 pm,60.7
30-Mar-19 05:00:00 pm,55.4
30-Mar-19 09:00:00 pm,64.9
31-Mar-19 01:00:00 am,65.0
31-Mar-19 05:00:00 am,65.0
31-Mar-19 09:00:00 am,65.0
31-Mar-19 01:00:00 pm,60.1
31-Mar-19 05:00:00 pm,56.0
31-Mar-19 09:00:00 pm,65.0
01-Apr-19 01:00:00 am,65.0
01-Apr-19 05:00:00 am,64.9
01-Apr-19 09:00:00 am,62.9
01-Apr-19 01:00:00 pm,55.0
01-Apr-19 05:00:00 pm,61.1
01-Apr-19 09:00:00 pm,65.0
02-Apr-19 01:00:00 am,65.0
02-Apr-19 05:00:00 am,63.0
02-Apr-19 09:00:00 am,60.2
02-Apr-19 01:00:00 pm,55.0
02-Apr-19 05:00:00 pm,61.1
02-Apr-19 09:00:00 pm,65.0
03-Apr-19 01:00:00 am,65.0
03-Apr-19 05:00:00 am,64.4
03-Apr-19 09:00:00 am,58.3
03-Apr-19 01:00:00 pm,55.0
03-Apr-19 05:00:00 pm,61.1
03-Apr-19 09:00:00 pm,65.0
04-Apr-19 01:00:00 am,65.0
04-Apr-19 05:00:00 am,65.0
04-Apr-19 09:00:00 am,62.1
04-Apr-19 01:00:00 pm,55.0
04-Apr-19 05:00:00 pm,61.1
04-Apr-19 09:00:00 pm,65.0
05-Apr-19 01:00:00 am,65.0
05-Apr-19 05:00:00 am,64.8
05-Apr-19 09:00:00 am,59.8
05-Apr-19 01:00:00 pm,55.0
05-Apr-19 05:00:00 pm,61.1
05-Apr-19 09:00:00 pm,65.0
06-Apr-19 01:00:00 am,65.0
06-Apr-19 05:00:00 am,65.0
06-Apr-19 09:00:00 am,65.0
06-Apr-19 01:00:00 pm,65.0
06-Apr-19 05:00:00 pm,65.0
06-Apr-19 09:00:00 pm,65.0
07-Apr-19 01:00:00 am,65.0
07-Apr-19 05:00:00 am,65.0
07-Apr-19 09:00:00 am,65.0
07-Apr-19 01:00:00 pm,65.0
07-Apr-19 05:00:00 pm,65.0
07-Apr-19 09:00:00 pm,65.0
08-Apr-19 01:00:00 am,65.0
08-Apr-19 05:00:00 am,63.8
08-Apr-19 09:00:00 am,65.0
08-Apr-19 01:00:00 pm,58.3
08-Apr-19 05:00:00 pm,61.1
08-Apr-19 09:00:00 pm,65.0
09-Apr-19 01:00:00 am,65.0
09-Apr-19 05:00:00 am,64.5
09-Apr-19 09:00:00 am,63.3
09-Apr-19 01:00:00 pm,55.0
09-Apr-19 05:00:00 pm,61.1
09-Apr-19 09:00:00 pm,65.0
10-Apr-19 01:00:00 am,65.0
10-Apr-19 05:00:00 am,64.1
10-Apr-19 09:00:00 am,65.0
10-Apr-19 01:00:00 pm,63.3
10-Apr-19 05:00:00 pm,61.1
10-Apr-19 09:00:00 pm,65.0
11-Apr-19 01:00:00 am,65.0
11-Apr-19 05:00:00 am,64.5
11-Apr-19 09:00:00 am,65.0
11-Apr-19 01:00:00 pm,57.4
11-Apr-19 05:00:00 pm,61.1
11-Apr-19 09:00:00 pm,65.0
12-Apr-19 01:00:00 am,65.0
12-Apr-19 05:00:00 am,64.5
12-Apr-19 09:00:00 am,64.9
12-Apr-19 01:00:00 pm,55.6
12-Apr-19 05:00:00 pm,61.1
12-Apr-19 09:00:00 pm,65.0
13-Apr-19 01:00:00 am,65.0
13-Apr-19 05:00:00 am,65.0
13-Apr-19 09:00:00 am,65.0
13-Apr-19 01:00:00 pm,65.0
13-Apr-19 05:00:00 pm,65.0
13-Apr-19 09:00:00 pm,65.0
14-Apr-19 01:00:00 am,65.0
14-Apr-19 05:00:00 am,65.0
14-Apr-19 09:00:00 am,65.0
14-Apr-19 01:00:00 pm,65.0
14-Apr-19 05:00:00 pm,65.0
14-Apr-19 09:00:00 pm,65.0
15-Apr-19 01:00:00 am,65.0
15-Apr-19 05:00:00 am,65.0
15-Apr-19 09:00:00 am,65.0
15-Apr-19 01:00:00 pm,58.0
15-Apr-19 05:00:00 pm,61.1
15-Apr-19 09:00:00 pm,65.0
16-Apr-19 01:00:00 am,65.0
16-Apr-19 05:00:00 am,65.0
16-Apr-19 09:00:00 am,65.0
16-Apr-19 01:00:00 pm,60.3
16-Apr-19 05:00:00 pm,61.1
16-Apr-19 09:00:00 pm,65.0
17-Apr-19 01:00:00 am,65.0
17-Apr-19 05:00:00 am,64.7
17-Apr-19 09:00:00 am,65.0
17-Apr-19 01:00:00 pm,56.0
17-Apr-19 05:00:00 pm,61.1
17-Apr-19 09:00:00 pm,65.0
18-Apr-19 01:00:00 am,65.0
18-Apr-19 05:00:00 am,64.7
18-Apr-19 09:00:00 am,56.6
18-Apr-19 01:00:00 pm,55.0
18-Apr-19 05:00:00 pm,61.1
18-Apr-19 09:00:00 pm,65.0
19-Apr-19 01:00:00 am,65.0
19-Apr-19 05:00:00 am,64.5
19-Apr-19 09:00:00 am,56.3
19-Apr-19 01:00:00 pm,55.0
19-Apr-19 05:00:00 pm,61.1
19-Apr-19 09:00:00 pm,65.0
20-Apr-19 01:00:00 am,65.0
20-Apr-19 05:00:00 am,65.0
20-Apr-19 09:00:00 am,65.0
20-Apr-19 01:00:00 pm,65.0
20-Apr-19 05:00:00 pm,65.0
20-Apr-19 09:00:00 pm,65.0
21-Apr-19 01:00:00 am,65.0
21-Apr-19 05:00:00 am,65.0
21-Apr-19 09:00:00 am,65.0
21-Apr-19 01:00:00 pm,65.0
21-Apr-19 05:00:00 pm,65.0
21-Apr-19 09:00:00 pm,65.0
22-Apr-19 01:00:00 am,65.0
22-Apr-19 05:00:00 am,64.6
22-Apr-19 09:00:00 am,65.0
22-Apr-19 01:00:00 pm,58.5
22-Apr-19 05:00:00 pm,61.1
22-Apr-19 09:00:00 pm,65.0
23-Apr-19 01:00:00 am,65.0
23-Apr-19 05:00:00 am,64.8
23-Apr-19 09:00:00 am,64.2
23-Apr-19 01:00:00 pm,55.0
23-Apr-19 05:00:00 pm,61.1
23-Apr-19 09:00:00 pm,65.0
24-Apr-19 01:00:00 am,65.0
24-Apr-19 05:00:00 am,64.7
24-Apr-19 09:00:00 am,65.0
24-Apr-19 01:00:00 pm,57.2
24-Apr-19 05:00:00 pm,61.1
24-Apr-19 09:00:00 pm,65.0
25-Apr-19 01:00:00 am,65.0
25-Apr-19 05:00:00 am,64.6
25-Apr-19 09:00:00 am,64.2
25-Apr-19 01:00:00 pm,55.0
25-Apr-19 05:00:00 pm,61.1
25-Apr-19 09:00:00 pm,65.0
26-Apr-19 01:00:00 am,65.0
26-Apr-19 05:00:00 am,64.9
26-Apr-19 09:00:00 am,63.8
26-Apr-19 01:00:00 pm,55.0
26-Apr-19 05:00:00 pm,61.1
26-Apr-19 09:00:00 pm,65.0
27-Apr-19 01:00:00 am,65.0
27-Apr-19 05:00:00 am,65.0
27-Apr-19 09:00:00 am,65.0
27-Apr-19 01:00:00 pm,65.0
27-Apr-19 05:00:00 pm,65.0
27-Apr-19 09:00:00 pm,65.0
28-Apr-19 01:00:00 am,65.0
28-Apr-19 05:00:00 am,65.0
28-Apr-19 09:00:00 am,65.0
28-Apr-19 01:00:00 pm,65.0
28-Apr-19 05:00:00 pm,65.0
28-Apr-19 09:00:00 pm,65.0
29-Apr-19 01:00:00 am,65.0
29-Apr-19 05:00:00 am,64.5
29-Apr-19 09:00:00 am,62.4
29-Apr-19 01:00:00 pm,55.0
29-Apr-19 05:00:00 pm,61.1
29-Apr-19 09:00:00 pm,65.0
30-Apr-19 01:00:00 am,65.0
30-Apr-19 05:00:00 am,64.8
30-Apr-19 09:00:00 am,61.5
30-Apr-19 01:00:00 pm,55.0
30-Apr-19 05:00:00 pm,61.1
30-Apr-19 09:00:00 pm,65.0
01-May-19 01:00:00 am,65.0
01-May-19 05:00:00 am,64.5
01-May-19 09:00:00 am,63.1
01-May-19 01:00:00 pm,55.0
01-May-19 05:00:00 pm,61.1
01-May-19 09:00:00 pm,65.0
02-May-19 01:00:00 am,65.0
02-May-19 05:00:00 am,64.7
02-May-19 09:00:00 am,60.8
02-May-19 01:00:00 pm,55.0
02-May-19 05:00:00 pm,61.1
02-May-19 09:00:00 pm,65.0
03-May-19 01:00:00 am,65.0
03-May-19 05:00:00 am,64.9
03-May-19 09:00:00 am,61.2
03-May-19 01:00:00 pm,55.0
03-May-19 05:00:00 pm,61.1
03-May-19 09:00:00 pm,65.0
04-May-19 01:00:00 am,65.0
04-May-19 05:00:00 am,65.0
04-May-19 09:00:00 am,65.0
04-May-19 01:00:00 pm,61.1
04-May-19 05:00:00 pm,55.0
04-May-19 09:00:00 pm,62.9
05-May-19 01:00:00 am,65.0
05-May-19 05:00:00 am,65.0
05-May-19 09:00:00 am,65.0
05-May-19 01:00:00 pm,58.5
05-May-19 05:00:00 pm,55.4
05-May-19 09:00:00 pm,64.8
06-May-19 01:00:00 am,65.0
06-May-19 05:00:00 am,64.5
06-May-19 09:00:00 am,56.0
06-May-19 01:00:00 pm,55.0
06-May-19 05:00:00 pm,61.1
06-May-19 09:00:00 pm,65.0
07-May-19 01:00:00 am,65.0
07-May-19 05:00:00 am,61.0
07-May-19 09:00:00 am,55.0
07-May-19 01:00:00 pm,55.0
07-May-19 05:00:00 pm,58.2
07-May-19 09:00:00 pm,65.0
08-May-19 01:00:00 am,65.0
08-May-19 05:00:00 am,59.5
08-May-19 09:00:00 am,55.0
08-May-19 01:00:00 pm,55.0
08-May-19 05:00:00 pm,57.1
08-May-19 09:00:00 pm,64.9
09-May-19 01:00:00 am,65.0
09-May-19 05:00:00 am,59.1
09-May-19 09:00:00 am,55.0
09-May-19 01:00:00 pm,55.0
09-May-19 05:00:00 pm,55.7
09-May-19 09:00:00 pm,64.0
10-May-19 01:00:00 am,65.0
10-May-19 05:00:00 am,59.0
10-May-19 09:00:00 am,55.0
10-May-19 01:00:00 pm,55.0
10-May-19 05:00:00 pm,55.0
10-May-19 09:00:00 pm,61.2
11-May-19 01:00:00 am,65.0
11-May-19 05:00:00 am,65.0
11-May-19 09:00:00 am,64.7
11-May-19 01:00:00 pm,55.2
11-May-19 05:00:00 pm,55.0
11-May-19 09:00:00 pm,64.3
12-May-19 01:00:00 am,65.0
12-May-19 05:00:00 am,65.0
12-May-19 09:00:00 am,65.0
12-May-19 01:00:00 pm,65.0
12-May-19 05:00:00 pm,63.9
12-May-19 09:00:00 pm,65.0
13-May-19 01:00:00 am,65.0
13-May-19 05:00:00 am,59.2
13-May-19 09:00:00 am,55.1
13-May-19 01:00:00 pm,56.0
13-May-19 05:00:00 pm,61.1
13-May-19 09:00:00 pm,65.0
14-May-19 01:00:00 am,65.0
14-May-19 05:00:00 am,64.8
14-May-19 09:00:00 am,57.7
14-May-19 01:00:00 pm,55.0
14-May-19 05:00:00 pm,61.1
14-May-19 09:00:00 pm,65.0
15-May-19 01:00:00 am,65.0
15-May-19 05:00:00 am,64.9
15-May-19 09:00:00 am,59.3
15-May-19 01:00:00 pm,55.0
15-May-19 05:00:00 pm,61.1
15-May-19 09:00:00 pm,65.0
16-May-19 01:00:00 am,65.0
16-May-19 05:00:00 am,64.9
16-May-19 09:00:00 am,57.1
16-May-19 01:00:00 pm,55.0
16-May-19 05:00:00 pm,61.1
16-May-19 09:00:00 pm,65.0
17-May-19 01:00:00 am,65.0
17-May-19 05:00:00 am,64.9
17-May-19 09:00:00 am,60.4
17-May-19 01:00:00 pm,55.0
17-May-19 05:00:00 pm,61.1
17-May-19 09:00:00 pm,65.0
18-May-19 01:00:00 am,65.0
18-May-19 05:00:00 am,65.0
18-May-19 09:00:00 am,65.0
18-May-19 01:00:00 pm,60.2
18-May-19 05:00:00 pm,56.4
18-May-19 09:00:00 pm,57.5
19-May-19 01:00:00 am,65.0
19-May-19 05:00:00 am,65.0
19-May-19 09:00:00 am,65.0
19-May-19 01:00:00 pm,62.3
19-May-19 05:00:00 pm,57.9
19-May-19 09:00:00 pm,65.0
20-May-19 01:00:00 am,65.0
20-May-19 05:00:00 am,59.0
20-May-19 09:00:00 am,55.0
20-May-19 01:00:00 pm,55.0
20-May-19 05:00:00 pm,56.8
20-May-19 09:00:00 pm,57.7
21-May-19 01:00:00 am,57.7
21-May-19 05:00:00 am,61.3
21-May-19 09:00:00 am,62.1
21-May-19 01:00:00 pm,55.0
21-May-19 05:00:00 pm,61.1
21-May-19 09:00:00 pm,65.0
22-May-19 01:00:00 am,65.0
22-May-19 05:00:00 am,60.8
22-May-19 09:00:00 am,55.0
22-May-19 01:00:00 pm,55.0
22-May-19 05:00:00 pm,61.1
22-May-19 09:00:00 pm,65.0
23-May-19 01:00:00 am,65.0
23-May-19 05:00:00 am,59.0
23-May-19 09:00:00 am,55.0
23-May-19 01:00:00 pm,55.0
23-May-19 05:00:00 pm,56.7
23-May-19 09:00:00 pm,64.6
24-May-19 01:00:00 am,65.0
24-May-19 05:00:00 am,59.2
24-May-19 09:00:00 am,55.0
24-May-19 01:00:00 pm,55.0
24-May-19 05:00:00 pm,61.1
24-May-19 09:00:00 pm,65.0
25-May-19 01:00:00 am,65.0
25-May-19 05:00:00 am,65.0
25-May-19 09:00:00 am,65.0
25-May-19 01:00:00 pm,65.0
25-May-19 05:00:00 pm,65.0
25-May-19 09:00:00 pm,65.0
26-May-19 01:00:00 am,65.0
26-May-19 05:00:00 am,65.0
26-May-19 09:00:00 am,65.0
26-May-19 01:00:00 pm,65.0
26-May-19 05:00:00 pm,65.0
26-May-19 09:00:00 pm,65.0
27-May-19 01:00:00 am,65.0
27-May-19 05:00:00 am,60.9
27-May-19 09:00:00 am,55.0
27-May-19 01:00:00 pm,55.0
27-May-19 05:00:00 pm,58.1
27-May-19 09:00:00 pm,65.0
28-May-19 01:00:00 am,65.0
28-May-19 05:00:00 am,60.0
28-May-19 09:00:00 am,55.0
28-May-19 01:00:00 pm,55.0
28-May-19 05:00:00 pm,61.1
28-May-19 09:00:00 pm,65.0
29-May-19 01:00:00 am,65.0
29-May-19 05:00:00 am,61.6
29-May-19 09:00:00 am,56.7
29-May-19 01:00:00 pm,55.0
29-May-19 05:00:00 pm,61.1
29-May-19 09:00:00 pm,65.0
30-May-19 01:00:00 am,65.0
30-May-19 05:00:00 am,59.8
30-May-19 09:00:00 am,55.0
30-May-19 01:00:00 pm,55.0
30-May-19 05:00:00 pm,58.5
30-May-19 09:00:00 pm,64.9
31-May-19 01:00:00 am,65.0
31-May-19 05:00:00 am,59.0
31-May-19 09:00:00 am,55.0
31-May-19 01:00:00 pm,55.0
31-May-19 05:00:00 pm,57.2
31-May-19 09:00:00 pm,64.7
01-Jun-19 01:00:00 am,65.0
01-Jun-19 05:00:00 am,65.0
01-Jun-19 09:00:00 am,65.0
01-Jun-19 01:00:00 pm,63.6
01-Jun-19 05:00:00 pm,55.0
01-Jun-19 09:00:00 pm,61.6
02-Jun-19 01:00:00 am,65.0
02-Jun-19 05:00:00 am,65.0
02-Jun-19 09:00:00 am,65.0
02-Jun-19 01:00:00 pm,57.9
02-Jun-19 05:00:00 pm,57.3
02-Jun-19 09:00:00 pm,65.0
03-Jun-19 01:00:00 am,65.0
03-Jun-19 05:00:00 am,56.0
03-Jun-19 09:00:00 am,55.0
03-Jun-19 01:00:00 pm,55.0
03-Jun-19 05:00:00 pm,61.1
03-Jun-19 09:00:00 pm,65.0
04-Jun-19 01:00:00 am,65.0
04-Jun-19 05:00:00 am,61.6
04-Jun-19 09:00:00 am,55.0
04-Jun-19 01:00:00 pm,55.0
04-Jun-19 05:00:00 pm,61.1
04-Jun-19 09:00:00 pm,65.0
05-Jun-19 01:00:00 am,65.0
05-Jun-19 05:00:00 am,59.7
05-Jun-19 09:00:00 am,55.0
05-Jun-19 01:00:00 pm,55.0
05-Jun-19 05:00:00 pm,61.1
05-Jun-19 09:00:00 pm,65.0
06-Jun-19 01:00:00 am,65.0
06-Jun-19 05:00:00 am,60.9
06-Jun-19 09:00:00 am,55.0
06-Jun-19 01:00:00 pm,55.0
06-Jun-19 05:00:00 pm,61.1
06-Jun-19 09:00:00 pm,65.0
07-Jun-19 01:00:00 am,65.0
07-Jun-19 05:00:00 am,61.4
07-Jun-19 09:00:00 am,58.1
07-Jun-19 01:00:00 pm,55.0
07-Jun-19 05:00:00 pm,61.1
07-Jun-19 09:00:00 pm,65.0
08-Jun-19 01:00:00 am,65.0
08-Jun-19 05:00:00 am,65.0
08-Jun-19 09:00:00 am,65.0
08-Jun-19 01:00:00 pm,65.0
08-Jun-19 05:00:00 pm,65.0
08-Jun-19 09:00:00 pm,65.0
09-Jun-19 01:00:00 am,65.0
09-Jun-19 05:00:00 am,65.0
09-Jun-19 09:00:00 am,65.0
09-Jun-19 01:00:00 pm,64.5
09-Jun-19 05:00:00 pm,55.1
09-Jun-19 09:00:00 pm,62.4
10-Jun-19 01:00:00 am,65.0
10-Jun-19 05:00:00 am,61.2
10-Jun-19 09:00:00 am,55.0
10-Jun-19 01:00:00 pm,55.0
10-Jun-19 05:00:00 pm,58.0
10-Jun-19 09:00:00 pm,64.8
11-Jun-19 01:00:00 am,65.0
11-Jun-19 05:00:00 am,57.2
11-Jun-19 09:00:00 am,55.0
11-Jun-19 01:00:00 pm,55.0
11-Jun-19 05:00:00 pm,55.7
11-Jun-19 09:00:00 pm,61.2
12-Jun-19 01:00:00 am,64.7
12-Jun-19 05:00:00 am,55.2
12-Jun-19 09:00:00 am,55.0
12-Jun-19 01:00:00 pm,55.0
12-Jun-19 05:00:00 pm,56.1
12-Jun-19 09:00:00 pm,59.1
13-Jun-19 01:00:00 am,62.4
13-Jun-19 05:00:00 am,55.0
13-Jun-19 09:00:00 am,55.0
13-Jun-19 01:00:00 pm,55.0
13-Jun-19 05:00:00 pm,61.1
13-Jun-19 09:00:00 pm,65.0
14-Jun-19 01:00:00 am,65.0
14-Jun-19 05:00:00 am,57.9
14-Jun-19 09:00:00 am,55.0
14-Jun-19 01:00:00 pm,55.0
14-Jun-19 05:00:00 pm,61.1
14-Jun-19 09:00:00 pm,65.0
15-Jun-19 01:00:00 am,65.0
15-Jun-19 05:00:00 am,65.0
15-Jun-19 09:00:00 am,65.0
15-Jun-19 01:00:00 pm,65.0
15-Jun-19 05:00:00 pm,58.1
15-Jun-19 09:00:00 pm,60.8
16-Jun-19 01:00:00 am,65.0
16-Jun-19 05:00:00 am,65.0
16-Jun-19 09:00:00 am,65.0
16-Jun-19 01:00:00 pm,60.6
16-Jun-19 05:00:00 pm,55.0
16-Jun-19 09:00:00 pm,61.7
17-Jun-19 01:00:00 am,64.3
17-Jun-19 05:00:00 am,55.0
17-Jun-19 09:00:00 am,55.0
17-Jun-19 01:00:00 pm,55.0
17-Jun-19 05:00:00 pm,61.1
17-Jun-19 09:00:00 pm,65.0
18-Jun-19 01:00:00 am,65.0
18-Jun-19 05:00:00 am,55.8
18-Jun-19 09:00:00 am,55.0
18-Jun-19 01:00:00 pm,55.0
18-Jun-19 05:00:00 pm,61.1
18-Jun-19 09:00:00 pm,65.0
19-Jun-19 01:00:00 am,65.0
19-Jun-19 05:00:00 am,60.5
19-Jun-19 09:00:00 am,55.0
19-Jun-19 01:00:00 pm,55.0
19-Jun-19 05:00:00 pm,61.1
19-Jun-19 09:00:00 pm,65.0
20-Jun-19 01:00:00 am,65.0
20-Jun-19 05:00:00 am,60.9
20-Jun-19 09:00:00 am,57.0
20-Jun-19 01:00:00 pm,55.0
20-Jun-19 05:00:00 pm,61.1
20-Jun-19 09:00:00 pm,65.0
21-Jun-19 01:00:00 am,65.0
21-Jun-19 05:00:00 am,61.1
21-Jun-19 09:00:00 am,55.0
21-Jun-19 01:00:00 pm,55.0
21-Jun-19 05:00:00 pm,61.1
21-Jun-19 09:00:00 pm,65.0
22-Jun-19 01:00:00 am,65.0
22-Jun-19 05:00:00 am,65.0
22-Jun-19 09:00:00 am,65.0
22-Jun-19 01:00:00 pm,65.0
22-Jun-19 05:00:00 pm,65.0
22-Jun-19 09:00:00 pm,65.0
23-Jun-19 01:00:00 am,65.0
23-Jun-19 05:00:00 am,65.0
23-Jun-19 09:00:00 am,65.0
23-Jun-19 01:00:00 pm,65.0
23-Jun-19 05:00:00 pm,65.0
23-Jun-19 09:00:00 pm,65.0
24-Jun-19 01:00:00 am,65.0
24-Jun-19 05:00:00 am,62.0
24-Jun-19 09:00:00 am,63.0
24-Jun-19 01:00:00 pm,55.0
24-Jun-19 05:00:00 pm,61.1
24-Jun-19 09:00:00 pm,65.0
25-Jun-19 01:00:00 am,65.0
25-Jun-19 05:00:00 am,61.1
25-Jun-19 09:00:00 am,55.0
25-Jun-19 01:00:00 pm,55.0
25-Jun-19 05:00:00 pm,61.1
25-Jun-19 09:00:00 pm,65.0
26-Jun-19 01:00:00 am,65.0
26-Jun-19 05:00:00 am,61.2
26-Jun-19 09:00:00 am,55.0
26-Jun-19 01:00:00 pm,55.0
26-Jun-19 05:00:00 pm,61.1
26-Jun-19 09:00:00 pm,65.0
27-Jun-19 01:00:00 am,65.0
27-Jun-19 05:00:00 am,61.5
27-Jun-19 09:00:00 am,55.5
27-Jun-19 01:00:00 pm,55.0
27-Jun-19 05:00:00 pm,61.1
27-Jun-19 09:00:00 pm,65.0
28-Jun-19 01:00:00 am,65.0
28-Jun-19 05:00:00 am,62.7
28-Jun-19 09:00:00 am,55.1
28-Jun-19 01:00:00 pm,55.0
28-Jun-19 05:00:00 pm,61.1
28-Jun-19 09:00:00 pm,65.0
29-Jun-19 01:00:00 am,65.0
29-Jun-19 05:00:00 am,65.0
29-Jun-19 09:00:00 am,65.0
29-Jun-19 01:00:00 pm,59.9
29-Jun-19 05:00:00 pm,55.0
29-Jun-19 09:00:00 pm,63.6
30-Jun-19 01:00:00 am,65.0
30-Jun-19 05:00:00 am,65.0
30-Jun-19 09:00:00 am,65.0
30-Jun-19 01:00:00 pm,57.3
30-Jun-19 05:00:00 pm,55.0
30-Jun-19 09:00:00 pm,55.0
01-Jul-19 01:00:00 am,59.7
01-Jul-19 05:00:00 am,55.2
01-Jul-19 09:00:00 am,55.0
01-Jul-19 01:00:00 pm,55.0
01-Jul-19 05:00:00 pm,55.9
01-Jul-19 09:00:00 pm,62.0
02-Jul-19 01:00:00 am,65.0
02-Jul-19 05:00:00 am,56.3
02-Jul-19 09:00:00 am,55.0
02-Jul-19 01:00:00 pm,55.0
02-Jul-19 05:00:00 pm,61.1
02-Jul-19 09:00:00 pm,65.0
03-Jul-19 01:00:00 am,65.0
03-Jul-19 05:00:00 am,61.7
03-Jul-19 09:00:00 am,62.7
03-Jul-19 01:00:00 pm,55.0
03-Jul-19 05:00:00 pm,61.1
03-Jul-19 09:00:00 pm,65.0
04-Jul-19 01:00:00 am,65.0
04-Jul-19 05:00:00 am,60.3
04-Jul-19 09:00:00 am,55.0
04-Jul-19 01:00:00 pm,55.0
04-Jul-19 05:00:00 pm,61.1
04-Jul-19 09:00:00 pm,65.0
05-Jul-19 01:00:00 am,65.0
05-Jul-19 05:00:00 am,59.0
05-Jul-19 09:00:00 am,55.0
05-Jul-19 01:00:00 pm,55.0
05-Jul-19 05:00:00 pm,61.1
05-Jul-19 09:00:00 pm,65.0
06-Jul-19 01:00:00 am,65.0
06-Jul-19 05:00:00 am,65.0
06-Jul-19 09:00:00 am,65.0
06-Jul-19 01:00:00 pm,65.0
06-Jul-19 05:00:00 pm,65.0
06-Jul-19 09:00:00 pm,65.0
07-Jul-19 01:00:00 am,65.0
07-Jul-19 05:00:00 am,65.0
07-Jul-19 09:00:00 am,65.0
07-Jul-19 01:00:00 pm,65.0
07-Jul-19 05:00:00 pm,65.0
07-Jul-19 09:00:00 pm,65.0
08-Jul-19 01:00:00 am,65.0
08-Jul-19 05:00:00 am,59.0
08-Jul-19 09:00:00 am,55.0
08-Jul-19 01:00:00 pm,55.0
08-Jul-19 05:00:00 pm,61.1
08-Jul-19 09:00:00 pm,65.0
09-Jul-19 01:00:00 am,65.0
09-Jul-19 05:00:00 am,59.0
09-Jul-19 09:00:00 am,55.0
09-Jul-19 01:00:00 pm,55.0
09-Jul-19 05:00:00 pm,61.1
09-Jul-19 09:00:00 pm,65.0
10-Jul-19 01:00:00 am,65.0
10-Jul-19 05:00:00 am,58.2
10-Jul-19 09:00:00 am,55.0
10-Jul-19 01:00:00 pm,55.0
10-Jul-19 05:00:00 pm,63.2
10-Jul-19 09:00:00 pm,65.0
11-Jul-19 01:00:00 am,65.0
11-Jul-19 05:00:00 am,58.7
11-Jul-19 09:00:00 am,55.0
11-Jul-19 01:00:00 pm,55.0
11-Jul-19 05:00:00 pm,61.1
11-Jul-19 09:00:00 pm,65.0
12-Jul-19 01:00:00 am,65.0
12-Jul-19 05:00:00 am,59.0
12-Jul-19 09:00:00 am,55.0
12-Jul-19 01:00:00 pm,55.0
12-Jul-19 05:00:00 pm,55.9
12-Jul-19 09:00:00 pm,62.7
13-Jul-19 01:00:00 am,65.0
13-Jul-19 05:00:00 am,65.0
13-Jul-19 09:00:00 am,65.0
13-Jul-19 01:00:00 pm,59.0
13-Jul-19 05:00:00 pm,55.1
13-Jul-19 09:00:00 pm,64.6
14-Jul-19 01:00:00 am,65.0
14-Jul-19 05:00:00 am,65.0
14-Jul-19 09:00:00 am,65.0
14-Jul-19 01:00:00 pm,55.9
14-Jul-19 05:00:00 pm,55.2
14-Jul-19 09:00:00 pm,64.7
15-Jul-19 01:00:00 am,63.9
15-Jul-19 05:00:00 am,55.0
15-Jul-19 09:00:00 am,55.0
15-Jul-19 01:00:00 pm,55.0
15-Jul-19 05:00:00 pm,61.1
15-Jul-19 09:00:00 pm,65.0
16-Jul-19 01:00:00 am,65.0
16-Jul-19 05:00:00 am,57.6
16-Jul-19 09:00:00 am,55.0
16-Jul-19 01:00:00 pm,55.0
16-Jul-19 05:00:00 pm,57.9
16-Jul-19 09:00:00 pm,64.4
17-Jul-19 01:00:00 am,64.9
17-Jul-19 05:00:00 am,55.4
17-Jul-19 09:00:00 am,55.0
17-Jul-19 01:00:00 pm,55.0
17-Jul-19 05:00:00 pm,61.1
17-Jul-19 09:00:00 pm,65.0
18-Jul-19 01:00:00 am,65.0
18-Jul-19 05:00:00 am,64.6
18-Jul-19 09:00:00 am,57.5
18-Jul-19 01:00:00 pm,55.0
18-Jul-19 05:00:00 pm,61.1
18-Jul-19 09:00:00 pm,65.0
19-Jul-19 01:00:00 am,65.0
19-Jul-19 05:00:00 am,63.7
19-Jul-19 09:00:00 am,59.5
19-Jul-19 01:00:00 pm,55.0
19-Jul-19 05:00:00 pm,61.1
19-Jul-19 09:00:00 pm,65.0
20-Jul-19 01:00:00 am,65.0
20-Jul-19 05:00:00 am,65.0
20-Jul-19 09:00:00 am,65.0
20-Jul-19 01:00:00 pm,60.2
20-Jul-19 05:00:00 pm,55.0
20-Jul-19 09:00:00 pm,62.3
21-Jul-19 01:00:00 am,65.0
21-Jul-19 05:00:00 am,65.0
21-Jul-19 09:00:00 am,65.0
21-Jul-19 01:00:00 pm,55.7
21-Jul-19 05:00:00 pm,55.0
21-Jul-19 09:00:00 pm,55.0
22-Jul-19 01:00:00 am,60.5
22-Jul-19 05:00:00 am,55.6
22-Jul-19 09:00:00 am,55.0
22-Jul-19 01:00:00 pm,55.0
22-Jul-19 05:00:00 pm,55.8
22-Jul-19 09:00:00 pm,62.6
23-Jul-19 01:00:00 am,65.0
23-Jul-19 05:00:00 am,55.7
23-Jul-19 09:00:00 am,55.0
23-Jul-19 01:00:00 pm,55.0
23-Jul-19 05:00:00 pm,61.1
23-Jul-19 09:00:00 pm,65.0
24-Jul-19 01:00:00 am,65.0
24-Jul-19 05:00:00 am,58.7
24-Jul-19 09:00:00 am,55.0
24-Jul-19 01:00:00 pm,55.0
24-Jul-19 05:00:00 pm,59.1
24-Jul-19 09:00:00 pm,64.9
25-Jul-19 01:00:00 am,65.0
25-Jul-19 05:00:00 am,58.9
25-Jul-19 09:00:00 am,55.0
25-Jul-19 01:00:00 pm,55.0
25-Jul-19 05:00:00 pm,56.4
25-Jul-19 09:00:00 pm,63.1
26-Jul-19 01:00:00 am,64.9
26-Jul-19 05:00:00 am,55.6
26-Jul-19 09:00:00 am,55.0
26-Jul-19 01:00:00 pm,55.0
26-Jul-19 05:00:00 pm,55.7
26-Jul-19 09:00:00 pm,62.0
27-Jul-19 01:00:00 am,65.0
27-Jul-19 05:00:00 am,65.0
27-Jul-19 09:00:00 am,65.0
27-Jul-19 01:00:00 pm,64.7
27-Jul-19 05:00:00 pm,59.2
27-Jul-19 09:00:00 pm,65.0
28-Jul-19 01:00:00 am,65.0
28-Jul-19 05:00:00 am,65.0
28-Jul-19 09:00:00 am,65.0
28-Jul-19 01:00:00 pm,56.0
28-Jul-19 05:00:00 pm,55.2
28-Jul-19 09:00:00 pm,64.6
29-Jul-19 01:00:00 am,63.9
29-Jul-19 05:00:00 am,55.1
29-Jul-19 09:00:00 am,55.0
29-Jul-19 01:00:00 pm,55.0
29-Jul-19 05:00:00 pm,55.3
29-Jul-19 09:00:00 pm,59.5
30-Jul-19 01:00:00 am,63.9
30-Jul-19 05:00:00 am,56.7
30-Jul-19 09:00:00 am,55.0
30-Jul-19 01:00:00 pm,55.0
30-Jul-19 05:00:00 pm,59.5
30-Jul-19 09:00:00 pm,65.0
31-Jul-19 01:00:00 am,65.0
31-Jul-19 05:00:00 am,58.2
31-Jul-19 09:00:00 am,55.0
31-Jul-19 01:00:00 pm,55.0
31-Jul-19 05:00:00 pm,56.9
31-Jul-19 09:00:00 pm,63.2
01-Aug-19 01:00:00 am,63.9
01-Aug-19 05:00:00 am,55.8
01-Aug-19 09:00:00 am,55.0
01-Aug-19 01:00:00 pm,55.0
01-Aug-19 05:00:00 pm,55.8
01-Aug-19 09:00:00 pm,60.8
02-Aug-19 01:00:00 am,63.9
02-Aug-19 05:00:00 am,55.0
02-Aug-19 09:00:00 am,55.0
02-Aug-19 01:00:00 pm,55.0
02-Aug-19 05:00:00 pm,57.3
02-Aug-19 09:00:00 pm,64.8
03-Aug-19 01:00:00 am,65.0
03-Aug-19 05:00:00 am,65.0
03-Aug-19 09:00:00 am,65.0
03-Aug-19 01:00:00 pm,56.7
03-Aug-19 05:00:00 pm,55.0
03-Aug-19 09:00:00 pm,63.6
04-Aug-19 01:00:00 am,65.0
04-Aug-19 05:00:00 am,65.0
04-Aug-19 09:00:00 am,64.3
04-Aug-19 01:00:00 pm,55.0
04-Aug-19 05:00:00 pm,55.0
04-Aug-19 09:00:00 pm,60.1
05-Aug-19 01:00:00 am,63.9
05-Aug-19 05:00:00 am,55.0
05-Aug-19 09:00:00 am,55.0
05-Aug-19 01:00:00 pm,55.0
05-Aug-19 05:00:00 pm,55.9
05-Aug-19 09:00:00 pm,62.3
06-Aug-19 01:00:00 am,63.9
06-Aug-19 05:00:00 am,55.7
06-Aug-19 09:00:00 am,55.0
06-Aug-19 01:00:00 pm,55.0
06-Aug-19 05:00:00 pm,56.2
06-Aug-19 09:00:00 pm,63.1
07-Aug-19 01:00:00 am,64.2
07-Aug-19 05:00:00 am,55.2
07-Aug-19 09:00:00 am,55.0
07-Aug-19 01:00:00 pm,55.0
07-Aug-19 05:00:00 pm,57.3
07-Aug-19 09:00:00 pm,64.4
08-Aug-19 01:00:00 am,64.9
08-Aug-19 05:00:00 am,55.5
08-Aug-19 09:00:00 am,55.0
08-Aug-19 01:00:00 pm,55.0
08-Aug-19 05:00:00 pm,61.1
08-Aug-19 09:00:00 pm,65.0
09-Aug-19 01:00:00 am,65.0
09-Aug-19 05:00:00 am,58.1
09-Aug-19 09:00:00 am,55.0
09-Aug-19 01:00:00 pm,55.0
09-Aug-19 05:00:00 pm,61.1
09-Aug-19 09:00:00 pm,65.0
10-Aug-19 01:00:00 am,65.0
10-Aug-19 05:00:00 am,65.0
10-Aug-19 09:00:00 am,65.0
10-Aug-19 01:00:00 pm,59.8
10-Aug-19 05:00:00 pm,55.0
10-Aug-19 09:00:00 pm,55.0
11-Aug-19 01:00:00 am,55.0
11-Aug-19 05:00:00 am,62.2
11-Aug-19 09:00:00 am,65.0
11-Aug-19 01:00:00 pm,64.1
11-Aug-19 05:00:00 pm,55.0
11-Aug-19 09:00:00 pm,62.5
12-Aug-19 01:00:00 am,63.9
12-Aug-19 05:00:00 am,55.0
12-Aug-19 09:00:00 am,55.0
12-Aug-19 01:00:00 pm,55.0
12-Aug-19 05:00:00 pm,56.6
12-Aug-19 09:00:00 pm,64.3
13-Aug-19 01:00:00 am,65.0
13-Aug-19 05:00:00 am,56.0
13-Aug-19 09:00:00 am,55.0
13-Aug-19 01:00:00 pm,55.0
13-Aug-19 05:00:00 pm,61.1
13-Aug-19 09:00:00 pm,65.0
14-Aug-19 01:00:00 am,64.7
14-Aug-19 05:00:00 am,55.2
14-Aug-19 09:00:00 am,55.0
14-Aug-19 01:00:00 pm,55.0
14-Aug-19 05:00:00 pm,61.1
14-Aug-19 09:00:00 pm,65.0
15-Aug-19 01:00:00 am,64.8
15-Aug-19 05:00:00 am,55.3
15-Aug-19 09:00:00 am,55.0
15-Aug-19 01:00:00 pm,55.0
15-Aug-19 05:00:00 pm,58.1
15-Aug-19 09:00:00 pm,64.9
16-Aug-19 01:00:00 am,64.7
16-Aug-19 05:00:00 am,55.2
16-Aug-19 09:00:00 am,55.0
16-Aug-19 01:00:00 pm,55.0
16-Aug-19 05:00:00 pm,61.1
16-Aug-19 09:00:00 pm,65.0
17-Aug-19 01:00:00 am,65.0
17-Aug-19 05:00:00 am,65.0
17-Aug-19 09:00:00 am,65.0
17-Aug-19 01:00:00 pm,65.0
17-Aug-19 05:00:00 pm,58.7
17-Aug-19 09:00:00 pm,65.0
18-Aug-19 01:00:00 am,65.0
18-Aug-19 05:00:00 am,65.0
18-Aug-19 09:00:00 am,65.0
18-Aug-19 01:00:00 pm,57.8
18-Aug-19 05:00:00 pm,55.0
18-Aug-19 09:00:00 pm,63.1
19-Aug-19 01:00:00 am,63.9
19-Aug-19 05:00:00 am,55.0
19-Aug-19 09:00:00 am,55.0
19-Aug-19 01:00:00 pm,55.0
19-Aug-19 05:00:00 pm,55.1
19-Aug-19 09:00:00 pm,64.6
20-Aug-19 01:00:00 am,65.0
20-Aug-19 05:00:00 am,59.1
20-Aug-19 09:00:00 am,55.0
20-Aug-19 01:00:00 pm,55.0
20-Aug-19 05:00:00 pm,61.1
20-Aug-19 09:00:00 pm,65.0
21-Aug-19 01:00:00 am,65.0
21-Aug-19 05:00:00 am,55.7
21-Aug-19 09:00:00 am,55.0
21-Aug-19 01:00:00 pm,55.0
21-Aug-19 05:00:00 pm,61.1
21-Aug-19 09:00:00 pm,65.0
22-Aug-19 01:00:00 am,65.0
22-Aug-19 05:00:00 am,64.1
22-Aug-19 09:00:00 am,55.2
22-Aug-19 01:00:00 pm,55.0
22-Aug-19 05:00:00 pm,61.1
22-Aug-19 09:00:00 pm,65.0
23-Aug-19 01:00:00 am,65.0
23-Aug-19 05:00:00 am,59.6
23-Aug-19 09:00:00 am,55.0
23-Aug-19 01:00:00 pm,55.0
23-Aug-19 05:00:00 pm,61.0
23-Aug-19 09:00:00 pm,65.0
24-Aug-19 01:00:00 am,65.0
24-Aug-19 05:00:00 am,65.0
24-Aug-19 09:00:00 am,65.0
24-Aug-19 01:00:00 pm,58.5
24-Aug-19 05:00:00 pm,55.0
24-Aug-19 09:00:00 pm,55.0
25-Aug-19 01:00:00 am,58.9
25-Aug-19 05:00:00 am,65.0
25-Aug-19 09:00:00 am,65.0
25-Aug-19 01:00:00 pm,57.8
25-Aug-19 05:00:00 pm,55.0
25-Aug-19 09:00:00 pm,55.1
26-Aug-19 01:00:00 am,63.5
26-Aug-19 05:00:00 am,55.0
26-Aug-19 09:00:00 am,55.0
26-Aug-19 01:00:00 pm,55.0
26-Aug-19 05:00:00 pm,61.1
26-Aug-19 09:00:00 pm,65.0
27-Aug-19 01:00:00 am,65.0
27-Aug-19 05:00:00 am,59.1
27-Aug-19 09:00:00 am,55.0
27-Aug-19 01:00:00 pm,55.0
27-Aug-19 05:00:00 pm,55.9
27-Aug-19 09:00:00 pm,64.4
28-Aug-19 01:00:00 am,63.9
28-Aug-19 05:00:00 am,56.9
28-Aug-19 09:00:00 am,55.0
28-Aug-19 01:00:00 pm,55.0
28-Aug-19 05:00:00 pm,55.5
28-Aug-19 09:00:00 pm,60.6
29-Aug-19 01:00:00 am,63.9
29-Aug-19 05:00:00 am,55.4
29-Aug-19 09:00:00 am,55.0
29-Aug-19 01:00:00 pm,55.0
29-Aug-19 05:00:00 pm,61.1
29-Aug-19 09:00:00 pm,65.0
30-Aug-19 01:00:00 am,65.0
30-Aug-19 05:00:00 am,57.2
30-Aug-19 09:00:00 am,55.0
30-Aug-19 01:00:00 pm,55.0
30-Aug-19 05:00:00 pm,61.1
30-Aug-19 09:00:00 pm,65.0
31-Aug-19 01:00:00 am,65.0
31-Aug-19 05:00:00 am,65.0
31-Aug-19 09:00:00 am,65.0
31-Aug-19 01:00:00 pm,59.0
31-Aug-19 05:00:00 pm,55.0
31-Aug-19 09:00:00 pm,55.0
01-Sep-19 01:00:00 am,55.2
01-Sep-19 05:00:00 am,64.6
01-Sep-19 09:00:00 am,64.8
01-Sep-19 01:00:00 pm,55.3
01-Sep-19 05:00:00 pm,55.0
01-Sep-19 09:00:00 pm,61.9
02-Sep-19 01:00:00 am,63.9
02-Sep-19 05:00:00 am,55.0
02-Sep-19 09:00:00 am,55.0
02-Sep-19 01:00:00 pm,55.0
02-Sep-19 05:00:00 pm,61.1
02-Sep-19 09:00:00 pm,65.0
03-Sep-19 01:00:00 am,65.0
03-Sep-19 05:00:00 am,58.0
03-Sep-19 09:00:00 am,55.0
03-Sep-19 01:00:00 pm,55.0
03-Sep-19 05:00:00 pm,56.5
03-Sep-19 09:00:00 pm,64.7
04-Sep-19 01:00:00 am,65.0
04-Sep-19 05:00:00 am,55.9
04-Sep-19 09:00:00 am,55.0
04-Sep-19 01:00:00 pm,55.0
04-Sep-19 05:00:00 pm,61.1
04-Sep-19 09:00:00 pm,65.0
05-Sep-19 01:00:00 am,65.0
05-Sep-19 05:00:00 am,59.2
05-Sep-19 09:00:00 am,55.0
05-Sep-19 01:00:00 pm,55.0
05-Sep-19 05:00:00 pm,61.1
05-Sep-19 09:00:00 pm,65.0
06-Sep-19 01:00:00 am,64.7
06-Sep-19 05:00:00 am,56.3
06-Sep-19 09:00:00 am,55.0
06-Sep-19 01:00:00 pm,55.0
06-Sep-19 05:00:00 pm,61.1
06-Sep-19 09:00:00 pm,65.0
07-Sep-19 01:00:00 am,65.0
07-Sep-19 05:00:00 am,65.0
07-Sep-19 09:00:00 am,65.0
07-Sep-19 01:00:00 pm,65.0
07-Sep-19 05:00:00 pm,65.0
07-Sep-19 09:00:00 pm,65.0
08-Sep-19 01:00:00 am,65.0
08-Sep-19 05:00:00 am,65.0
08-Sep-19 09:00:00 am,65.0
08-Sep-19 01:00:00 pm,65.0
08-Sep-19 05:00:00 pm,65.0
08-Sep-19 09:00:00 pm,65.0
09-Sep-19 01:00:00 am,65.0
09-Sep-19 05:00:00 am,58.2
09-Sep-19 09:00:00 am,55.0
09-Sep-19 01:00:00 pm,55.0
09-Sep-19 05:00:00 pm,61.1
09-Sep-19 09:00:00 pm,65.0
10-Sep-19 01:00:00 am,65.0
10-Sep-19 05:00:00 am,64.6
10-Sep-19 09:00:00 am,56.7
10-Sep-19 01:00:00 pm,55.0
10-Sep-19 05:00:00 pm,61.1
10-Sep-19 09:00:00 pm,65.0
11-Sep-19 01:00:00 am,65.0
11-Sep-19 05:00:00 am,59.6
11-Sep-19 09:00:00 am,55.0
11-Sep-19 01:00:00 pm,55.0
11-Sep-19 05:00:00 pm,61.1
11-Sep-19 09:00:00 pm,65.0
12-Sep-19 01:00:00 am,65.0
12-Sep-19 05:00:00 am,59.4
12-Sep-19 09:00:00 am,55.0
12-Sep-19 01:00:00 pm,55.0
12-Sep-19 05:00:00 pm,61.1
12-Sep-19 09:00:00 pm,65.0
13-Sep-19 01:00:00 am,65.0
13-Sep-19 05:00:00 am,58.3
13-Sep-19 09:00:00 am,55.0
13-Sep-19 01:00:00 pm,55.0
13-Sep-19 05:00:00 pm,61.1
13-Sep-19 09:00:00 pm,65.0
14-Sep-19 01:00:00 am,65.0
14-Sep-19 05:00:00 am,65.0
14-Sep-19 09:00:00 am,65.0
14-Sep-19 01:00:00 pm,65.0
14-Sep-19 05:00:00 pm,65.0
14-Sep-19 09:00:00 pm,65.0
15-Sep-19 01:00:00 am,65.0
15-Sep-19 05:00:00 am,65.0
15-Sep-19 09:00:00 am,65.0
15-Sep-19 01:00:00 pm,65.0
15-Sep-19 05:00:00 pm,65.0
15-Sep-19 09:00:00 pm,65.0
16-Sep-19 01:00:00 am,65.0
16-Sep-19 05:00:00 am,61.9
16-Sep-19 09:00:00 am,57.4
16-Sep-19 01:00:00 pm,55.0
16-Sep-19 05:00:00 pm,61.1
16-Sep-19 09:00:00 pm,65.0
17-Sep-19 01:00:00 am,65.0
17-Sep-19 05:00:00 am,63.5
17-Sep-19 09:00:00 am,60.4
17-Sep-19 01:00:00 pm,55.0
17-Sep-19 05:00:00 pm,61.1
17-Sep-19 09:00:00 pm,65.0
18-Sep-19 01:00:00 am,65.0
18-Sep-19 05:00:00 am,62.9
18-Sep-19 09:00:00 am,59.7
18-Sep-19 01:00:00 pm,55.0
18-Sep-19 05:00:00 pm,61.1
18-Sep-19 09:00:00 pm,65.0
19-Sep-19 01:00:00 am,65.0
19-Sep-19 05:00:00 am,62.4
19-Sep-19 09:00:00 am,57.7
19-Sep-19 01:00:00 pm,55.0
19-Sep-19 05:00:00 pm,61.1
19-Sep-19 09:00:00 pm,65.0
20-Sep-19 01:00:00 am,65.0
20-Sep-19 05:00:00 am,60.2
20-Sep-19 09:00:00 am,55.0
20-Sep-19 01:00:00 pm,55.0
20-Sep-19 05:00:00 pm,61.1
20-Sep-19 09:00:00 pm,65.0
21-Sep-19 01:00:00 am,65.0
21-Sep-19 05:00:00 am,65.0
21-Sep-19 09:00:00 am,65.0
21-Sep-19 01:00:00 pm,65.0
21-Sep-19 05:00:00 pm,65.0
21-Sep-19 09:00:00 pm,65.0
22-Sep-19 01:00:00 am,65.0
22-Sep-19 05:00:00 am,65.0
22-Sep-19 09:00:00 am,65.0
22-Sep-19 01:00:00 pm,65.0
22-Sep-19 05:00:00 pm,65.0
22-Sep-19 09:00:00 pm,65.0
23-Sep-19 01:00:00 am,65.0
23-Sep-19 05:00:00 am,60.7
23-Sep-19 09:00:00 am,55.1
23-Sep-19 01:00:00 pm,55.0
23-Sep-19 05:00:00 pm,61.1
23-Sep-19 09:00:00 pm,65.0
24-Sep-19 01:00:00 am,65.0
24-Sep-19 05:00:00 am,60.7
24-Sep-19 09:00:00 am,55.8
24-Sep-19 01:00:00 pm,55.0
24-Sep-19 05:00:00 pm,61.1
24-Sep-19 09:00:00 pm,65.0
25-Sep-19 01:00:00 am,65.0
25-Sep-19 05:00:00 am,60.8
25-Sep-19 09:00:00 am,55.0
25-Sep-19 01:00:00 pm,55.0
25-Sep-19 05:00:00 pm,61.1
25-Sep-19 09:00:00 pm,65.0
26-Sep-19 01:00:00 am,65.0
26-Sep-19 05:00:00 am,61.5
26-Sep-19 09:00:00 am,55.1
26-Sep-19 01:00:00 pm,55.0
26-Sep-19 05:00:00 pm,61.1
26-Sep-19 09:00:00 pm,65.0
27-Sep-19 01:00:00 am,65.0
27-Sep-19 05:00:00 am,62.5
27-Sep-19 09:00:00 am,55.2
27-Sep-19 01:00:00 pm,55.0
27-Sep-19 05:00:00 pm,61.1
27-Sep-19 09:00:00 pm,65.0
28-Sep-19 01:00:00 am,65.0
28-Sep-19 05:00:00 am,65.0
28-Sep-19 09:00:00 am,65.0
28-Sep-19 01:00:00 pm,65.0
28-Sep-19 05:00:00 pm,65.0
28-Sep-19 09:00:00 pm,65.0
29-Sep-19 01:00:00 am,65.0
29-Sep-19 05:00:00 am,65.0
29-Sep-19 09:00:00 am,65.0
29-Sep-19 01:00:00 pm,65.0
29-Sep-19 05:00:00 pm,65.0
29-Sep-19 09:00:00 pm,65.0
30-Sep-19 01:00:00 am,65.0
30-Sep-19 05:00:00 am,63.3
30-Sep-19 09:00:00 am,55.0
30-Sep-19 01:00:00 pm,55.0
30-Sep-19 05:00:00 pm,61.1
30-Sep-19 09:00:00 pm,65.0
01-Oct-19 01:00:00 am,65.0
01-Oct-19 05:00:00 am,60.2
01-Oct-19 09:00:00 am,57.1
01-Oct-19 01:00:00 pm,55.0
01-Oct-19 05:00:00 pm,61.1
01-Oct-19 09:00:00 pm,65.0
02-Oct-19 01:00:00 am,65.0
02-Oct-19 05:00:00 am,65.0
02-Oct-19 09:00:00 am,64.9
02-Oct-19 01:00:00 pm,58.0
02-Oct-19 05:00:00 pm,61.1
02-Oct-19 09:00:00 pm,65.0
03-Oct-19 01:00:00 am,65.0
03-Oct-19 05:00:00 am,65.0
03-Oct-19 09:00:00 am,62.1
03-Oct-19 01:00:00 pm,55.3
03-Oct-19 05:00:00 pm,61.1
03-Oct-19 09:00:00 pm,65.0
04-Oct-19 01:00:00 am,65.0
04-Oct-19 05:00:00 am,65.0
04-Oct-19 09:00:00 am,65.0
04-Oct-19 01:00:00 pm,56.3
04-Oct-19 05:00:00 pm,61.1
04-Oct-19 09:00:00 pm,65.0
05-Oct-19 01:00:00 am,65.0
05-Oct-19 05:00:00 am,65.0
05-Oct-19 09:00:00 am,65.0
05-Oct-19 01:00:00 pm,64.3
05-Oct-19 05:00:00 pm,64.7
05-Oct-19 09:00:00 pm,65.0
06-Oct-19 01:00:00 am,65.0
06-Oct-19 05:00:00 am,65.0
06-Oct-19 09:00:00 am,65.0
06-Oct-19 01:00:00 pm,65.0
06-Oct-19 05:00:00 pm,65.0
06-Oct-19 09:00:00 pm,65.0
07-Oct-19 01:00:00 am,65.0
07-Oct-19 05:00:00 am,65.0
07-Oct-19 09:00:00 am,65.0
07-Oct-19 01:00:00 pm,64.6
07-Oct-19 05:00:00 pm,64.7
07-Oct-19 09:00:00 pm,65.0
08-Oct-19 01:00:00 am,65.0
08-Oct-19 05:00:00 am,65.0
08-Oct-19 09:00:00 am,65.0
08-Oct-19 01:00:00 pm,64.0
08-Oct-19 05:00:00 pm,61.1
08-Oct-19 09:00:00 pm,65.0
09-Oct-19 01:00:00 am,65.0
09-Oct-19 05:00:00 am,65.0
09-Oct-19 09:00:00 am,64.8
09-Oct-19 01:00:00 pm,55.3
09-Oct-19 05:00:00 pm,61.1
09-Oct-19 09:00:00 pm,65.0
10-Oct-19 01:00:00 am,65.0
10-Oct-19 05:00:00 am,65.0
10-Oct-19 09:00:00 am,62.9
10-Oct-19 01:00:00 pm,55.0
10-Oct-19 05:00:00 pm,61.1
10-Oct-19 09:00:00 pm,65.0
11-Oct-19 01:00:00 am,65.0
11-Oct-19 05:00:00 am,65.0
11-Oct-19 09:00:00 am,63.1
11-Oct-19 01:00:00 pm,55.0
11-Oct-19 05:00:00 pm,61.1
11-Oct-19 09:00:00 pm,65.0
12-Oct-19 01:00:00 am,65.0
12-Oct-19 05:00:00 am,65.0
12-Oct-19 09:00:00 am,65.0
12-Oct-19 01:00:00 pm,65.0
12-Oct-19 05:00:00 pm,65.0
12-Oct-19 09:00:00 pm,65.0
13-Oct-19 01:00:00 am,65.0
13-Oct-19 05:00:00 am,65.0
13-Oct-19 09:00:00 am,65.0
13-Oct-19 01:00:00 pm,65.0
13-Oct-19 05:00:00 pm,65.0
13-Oct-19 09:00:00 pm,65.0
14-Oct-19 01:00:00 am,65.0
14-Oct-19 05:00:00 am,65.0
14-Oct-19 09:00:00 am,64.7
14-Oct-19 01:00:00 pm,55.2
14-Oct-19 05:00:00 pm,61.1
14-Oct-19 09:00:00 pm,65.0
15-Oct-19 01:00:00 am,65.0
15-Oct-19 05:00:00 am,65.0
15-Oct-19 09:00:00 am,58.4
15-Oct-19 01:00:00 pm,57.9
15-Oct-19 05:00:00 pm,61.1
15-Oct-19 09:00:00 pm,65.0
16-Oct-19 01:00:00 am,65.0
16-Oct-19 05:00:00 am,65.0
16-Oct-19 09:00:00 am,58.2
16-Oct-19 01:00:00 pm,55.2
16-Oct-19 05:00:00 pm,61.1
16-Oct-19 09:00:00 pm,65.0
17-Oct-19 01:00:00 am,65.0
17-Oct-19 05:00:00 am,65.0
17-Oct-19 09:00:00 am,60.4
17-Oct-19 01:00:00 pm,55.9
17-Oct-19 05:00:00 pm,61.1
17-Oct-19 09:00:00 pm,65.0
18-Oct-19 01:00:00 am,65.0
18-Oct-19 05:00:00 am,65.0
18-Oct-19 09:00:00 am,65.0
18-Oct-19 01:00:00 pm,65.0
18-Oct-19 05:00:00 pm,65.0
18-Oct-19 09:00:00 pm,65.0
19-Oct-19 01:00:00 am,65.0
19-Oct-19 05:00:00 am,65.0
19-Oct-19 09:00:00 am,65.0
19-Oct-19 01:00:00 pm,65.0
19-Oct-19 05:00:00 pm,65.0
19-Oct-19 09:00:00 pm,65.0
20-Oct-19 01:00:00 am,65.0
20-Oct-19 05:00:00 am,65.0
20-Oct-19 09:00:00 am,65.0
20-Oct-19 01:00:00 pm,65.0
20-Oct-19 05:00:00 pm,65.0
20-Oct-19 09:00:00 pm,65.0
21-Oct-19 01:00:00 am,65.0
21-Oct-19 05:00:00 am,65.0
21-Oct-19 09:00:00 am,65.0
21-Oct-19 01:00:00 pm,64.8
21-Oct-19 05:00:00 pm,62.2
21-Oct-19 09:00:00 pm,65.0
22-Oct-19 01:00:00 am,65.0
22-Oct-19 05:00:00 am,65.0
22-Oct-19 09:00:00 am,60.5
22-Oct-19 01:00:00 pm,55.0
22-Oct-19 05:00:00 pm,61.1
22-Oct-19 09:00:00 pm,65.0
23-Oct-19 01:00:00 am,65.0
23-Oct-19 05:00:00 am,65.0
23-Oct-19 09:00:00 am,63.3
23-Oct-19 01:00:00 pm,55.0
23-Oct-19 05:00:00 pm,61.1
23-Oct-19 09:00:00 pm,65.0
24-Oct-19 01:00:00 am,65.0
24-Oct-19 05:00:00 am,65.0
24-Oct-19 09:00:00 am,64.1
24-Oct-19 01:00:00 pm,56.0
24-Oct-19 05:00:00 pm,61.1
24-Oct-19 09:00:00 pm,65.0
25-Oct-19 01:00:00 am,65.0
25-Oct-19 05:00:00 am,65.0
25-Oct-19 09:00:00 am,65.0
25-Oct-19 01:00:00 pm,64.1
25-Oct-19 05:00:00 pm,61.1
25-Oct-19 09:00:00 pm,65.0
26-Oct-19 01:00:00 am,65.0
26-Oct-19 05:00:00 am,65.0
26-Oct-19 09:00:00 am,65.0
26-Oct-19 01:00:00 pm,65.0
26-Oct-19 05:00:00 pm,65.0
26-Oct-19 09:00:00 pm,65.0
27-Oct-19 01:00:00 am,65.0
27-Oct-19 05:00:00 am,65.0
27-Oct-19 09:00:00 am,65.0
27-Oct-19 01:00:00 pm,65.0
27-Oct-19 05:00:00 pm,65.0
27-Oct-19 09:00:00 pm,65.0
28-Oct-19 01:00:00 am,65.0
28-Oct-19 05:00:00 am,65.0
28-Oct-19 09:00:00 am,64.2
28-Oct-19 01:00:00 pm,55.0
28-Oct-19 05:00:00 pm,61.1
28-Oct-19 09:00:00 pm,65.0
29-Oct-19 01:00:00 am,65.0
29-Oct-19 05:00:00 am,65.0
29-Oct-19 09:00:00 am,64.1
29-Oct-19 01:00:00 pm,55.3
29-Oct-19 05:00:00 pm,61.1
29-Oct-19 09:00:00 pm,65.0
30-Oct-19 01:00:00 am,65.0
30-Oct-19 05:00:00 am,65.0
30-Oct-19 09:00:00 am,63.6
30-Oct-19 01:00:00 pm,55.4
30-Oct-19 05:00:00 pm,61.1
30-Oct-19 09:00:00 pm,65.0
31-Oct-19 01:00:00 am,65.0
31-Oct-19 05:00:00 am,65.0
31-Oct-19 09:00:00 am,65.0
31-Oct-19 01:00:00 pm,56.4
31-Oct-19 05:00:00 pm,61.1
31-Oct-19 09:00:00 pm,65.0
01-Nov-19 01:00:00 am,65.0
01-Nov-19 05:00:00 am,65.0
01-Nov-19 09:00:00 am,63.6
01-Nov-19 01:00:00 pm,55.0
01-Nov-19 05:00:00 pm,61.1
01-Nov-19 09:00:00 pm,65.0
02-Nov-19 01:00:00 am,65.0
02-Nov-19 05:00:00 am,65.0
02-Nov-19 09:00:00 am,65.0
02-Nov-19 01:00:00 pm,65.0
02-Nov-19 05:00:00 pm,65.0
02-Nov-19 09:00:00 pm,65.0
03-Nov-19 01:00:00 am,65.0
03-Nov-19 04:00:00 am,65.0
03-Nov-19 08:00:00 am,65.0
03-Nov-19 12:00:00 pm,65.0
03-Nov-19 04:00:00 pm,65.0
03-Nov-19 08:00:00 pm,65.0
04-Nov-19 12:00:00 am,65.0
04-Nov-19 04:00:00 am,65.0
04-Nov-19 08:00:00 am,65.0
04-Nov-19 12:00:00 pm,63.8
04-Nov-19 04:00:00 pm,58.6
04-Nov-19 08:00:00 pm,65.0
05-Nov-19 12:00:00 am,65.0
05-Nov-19 04:00:00 am,65.0
05-Nov-19 08:00:00 am,65.0
05-Nov-19 12:00:00 pm,57.6
05-Nov-19 04:00:00 pm,58.6
05-Nov-19 08:00:00 pm,65.0
06-Nov-19 12:00:00 am,65.0
06-Nov-19 04:00:00 am,65.0
06-Nov-19 08:00:00 am,65.0
06-Nov-19 12:00:00 pm,56.9
06-Nov-19 04:00:00 pm,58.6
06-Nov-19 08:00:00 pm,65.0
07-Nov-19 12:00:00 am,65.0
07-Nov-19 04:00:00 am,65.0
07-Nov-19 08:00:00 am,65.0
07-Nov-19 12:00:00 pm,60.8
07-Nov-19 04:00:00 pm,58.6
07-Nov-19 08:00:00 pm,65.0
08-Nov-19 12:00:00 am,65.0
08-Nov-19 04:00:00 am,65.0
08-Nov-19 08:00:00 am,65.0
08-Nov-19 12:00:00 pm,57.5
08-Nov-19 04:00:00 pm,58.6
08-Nov-19 08:00:00 pm,65.0
09-Nov-19 12:00:00 am,65.0
09-Nov-19 04:00:00 am,65.0
09-Nov-19 08:00:00 am,65.0
09-Nov-19 12:00:00 pm,65.0
09-Nov-19 04:00:00 pm,65.0
09-Nov-19 08:00:00 pm,65.0
10-Nov-19 12:00:00 am,65.0
10-Nov-19 04:00:00 am,65.0
10-Nov-19 08:00:00 am,65.0
10-Nov-19 12:00:00 pm,65.0
10-Nov-19 04:00:00 pm,65.0
10-Nov-19 08:00:00 pm,65.0
11-Nov-19 12:00:00 am,65.0
11-Nov-19 04:00:00 am,65.0
11-Nov-19 08:00:00 am,65.0
11-Nov-19 12:00:00 pm,58.5
11-Nov-19 04:00:00 pm,58.6
11-Nov-19 08:00:00 pm,65.0
12-Nov-19 12:00:00 am,65.0
12-Nov-19 04:00:00 am,65.0
12-Nov-19 08:00:00 am,65.0
12-Nov-19 12:00:00 pm,64.0
12-Nov-19 04:00:00 pm,58.6
12-Nov-19 08:00:00 pm,65.0
13-Nov-19 12:00:00 am,65.0
13-Nov-19 04:00:00 am,65.0
13-Nov-19 08:00:00 am,65.0
13-Nov-19 12:00:00 pm,58.5
13-Nov-19 04:00:00 pm,58.6
13-Nov-19 08:00:00 pm,65.0
14-Nov-19 12:00:00 am,65.0
14-Nov-19 04:00:00 am,65.0
14-Nov-19 08:00:00 am,65.0
14-Nov-19 12:00:00 pm,65.0
14-Nov-19 04:00:00 pm,61.3
14-Nov-19 08:00:00 pm,65.0
15-Nov-19 12:00:00 am,65.0
15-Nov-19 04:00:00 am,65.0
15-Nov-19 08:00:00 am,65.0
15-Nov-19 12:00:00 pm,63.6
15-Nov-19 04:00:00 pm,58.6
15-Nov-19 08:00:00 pm,65.0
16-Nov-19 12:00:00 am,65.0
16-Nov-19 04:00:00 am,65.0
16-Nov-19 08:00:00 am,65.0
16-Nov-19 12:00:00 pm,65.0
16-Nov-19 04:00:00 pm,65.0
16-Nov-19 08:00:00 pm,65.0
17-Nov-19 12:00:00 am,65.0
17-Nov-19 04:00:00 am,65.0
17-Nov-19 08:00:00 am,65.0
17-Nov-19 12:00:00 pm,65.0
17-Nov-19 04:00:00 pm,65.0
17-Nov-19 08:00:00 pm,65.0
18-Nov-19 12:00:00 am,65.0
18-Nov-19 04:00:00 am,65.0
18-Nov-19 08:00:00 am,65.0
18-Nov-19 12:00:00 pm,65.0
18-Nov-19 04:00:00 pm,65.0
18-Nov-19 08:00:00 pm,65.0
19-Nov-19 12:00:00 am,65.0
19-Nov-19 04:00:00 am,65.0
19-Nov-19 08:00:00 am,65.0
19-Nov-19 12:00:00 pm,65.0
19-Nov-19 04:00:00 pm,64.7
19-Nov-19 08:00:00 pm,65.0
20-Nov-19 12:00:00 am,65.0
20-Nov-19 04:00:00 am,65.0
20-Nov-19 08:00:00 am,65.0
20-Nov-19 12:00:00 pm,57.3
20-Nov-19 04:00:00 pm,58.6
20-Nov-19 08:00:00 pm,65.0
21-Nov-19 12:00:00 am,65.0
21-Nov-19 04:00:00 am,65.0
21-Nov-19 08:00:00 am,65.0
21-Nov-19 12:00:00 pm,55.8
21-Nov-19 04:00:00 pm,58.6
21-Nov-19 08:00:00 pm,65.0
22-Nov-19 12:00:00 am,65.0
22-Nov-19 04:00:00 am,65.0
22-Nov-19 08:00:00 am,65.0
22-Nov-19 12:00:00 pm,61.0
22-Nov-19 04:00:00 pm,65.0
22-Nov-19 08:00:00 pm,65.0
23-Nov-19 12:00:00 am,65.0
23-Nov-19 04:00:00 am,65.0
23-Nov-19 08:00:00 am,65.0
23-Nov-19 12:00:00 pm,65.0
23-Nov-19 04:00:00 pm,65.0
23-Nov-19 08:00:00 pm,65.0
24-Nov-19 12:00:00 am,65.0
24-Nov-19 04:00:00 am,65.0
24-Nov-19 08:00:00 am,65.0
24-Nov-19 12:00:00 pm,65.0
24-Nov-19 04:00:00 pm,65.0
24-Nov-19 08:00:00 pm,65.0
25-Nov-19 12:00:00 am,65.0
25-Nov-19 04:00:00 am,65.0
25-Nov-19 08:00:00 am,64.8
25-Nov-19 12:00:00 pm,55.8
25-Nov-19 04:00:00 pm,64.9
25-Nov-19 08:00:00 pm,65.0
26-Nov-19 12:00:00 am,65.0
26-Nov-19 04:00:00 am,65.0
26-Nov-19 08:00:00 am,59.8
26-Nov-19 12:00:00 pm,60.1
26-Nov-19 04:00:00 pm,65.0
26-Nov-19 08:00:00 pm,65.0
27-Nov-19 12:00:00 am,65.0
27-Nov-19 04:00:00 am,65.0
27-Nov-19 08:00:00 am,63.4
27-Nov-19 12:00:00 pm,56.0
27-Nov-19 04:00:00 pm,59.8
27-Nov-19 08:00:00 pm,65.0
28-Nov-19 12:00:00 am,65.0
28-Nov-19 04:00:00 am,65.0
28-Nov-19 08:00:00 am,65.0
28-Nov-19 12:00:00 pm,57.6
28-Nov-19 04:00:00 pm,64.6
28-Nov-19 08:00:00 pm,65.0
29-Nov-19 12:00:00 am,65.0
29-Nov-19 04:00:00 am,65.0
29-Nov-19 08:00:00 am,65.0
29-Nov-19 12:00:00 pm,57.8
29-Nov-19 04:00:00 pm,61.0
29-Nov-19 08:00:00 pm,65.0
30-Nov-19 12:00:00 am,65.0
30-Nov-19 04:00:00 am,65.0
30-Nov-19 08:00:00 am,65.0
30-Nov-19 12:00:00 pm,65.0
30-Nov-19 04:00:00 pm,65.0
30-Nov-19 08:00:00 pm,65.0
01-Dec-19 12:00:00 am,65.0
01-Dec-19 04:00:00 am,65.0
01-Dec-19 08:00:00 am,65.0
01-Dec-19 12:00:00 pm,65.0
01-Dec-19 04:00:00 pm,65.0
01-Dec-19 08:00:00 pm,65.0
02-Dec-19 12:00:00 am,65.0
02-Dec-19 04:00:00 am,65.0
02-Dec-19 08:00:00 am,65.0
02-Dec-19 12:00:00 pm,60.1
02-Dec-19 04:00:00 pm,58.6
02-Dec-19 08:00:00 pm,65.0
03-Dec-19 12:00:00 am,65.0
03-Dec-19 04:00:00 am,65.0
03-Dec-19 08:00:00 am,65.0
03-Dec-19 12:00:00 pm,64.9
03-Dec-19 04:00:00 pm,59.0
03-Dec-19 08:00:00 pm,65.0
04-Dec-19 12:00:00 am,65.0
04-Dec-19 04:00:00 am,65.0
04-Dec-19 08:00:00 am,65.0
04-Dec-19 12:00:00 pm,63.5
04-Dec-19 04:00:00 pm,65.0
04-Dec-19 08:00:00 pm,65.0
05-Dec-19 12:00:00 am,65.0
05-Dec-19 04:00:00 am,65.0
05-Dec-19 08:00:00 am,65.0
05-Dec-19 12:00:00 pm,63.8
05-Dec-19 04:00:00 pm,64.7
05-Dec-19 08:00:00 pm,65.0
06-Dec-19 12:00:00 am,65.0
06-Dec-19 04:00:00 am,65.0
06-Dec-19 08:00:00 am,59.0
06-Dec-19 12:00:00 pm,63.4
06-Dec-19 04:00:00 pm,65.0
06-Dec-19 08:00:00 pm,65.0
07-Dec-19 12:00:00 am,65.0
07-Dec-19 04:00:00 am,65.0
07-Dec-19 08:00:00 am,65.0
07-Dec-19 12:00:00 pm,65.0
07-Dec-19 04:00:00 pm,65.0
07-Dec-19 08:00:00 pm,65.0
08-Dec-19 12:00:00 am,65.0
08-Dec-19 04:00:00 am,65.0
08-Dec-19 08:00:00 am,65.0
08-Dec-19 12:00:00 pm,65.0
08-Dec-19 04:00:00 pm,65.0
08-Dec-19 08:00:00 pm,65.0
09-Dec-19 12:00:00 am,65.0
09-Dec-19 04:00:00 am,65.0
09-Dec-19 08:00:00 am,65.0
09-Dec-19 12:00:00 pm,65.0
09-Dec-19 04:00:00 pm,64.5
09-Dec-19 08:00:00 pm,65.0
10-Dec-19 12:00:00 am,65.0
10-Dec-19 04:00:00 am,65.0
10-Dec-19 08:00:00 am,65.0
10-Dec-19 12:00:00 pm,62.2
10-Dec-19 04:00:00 pm,64.3
10-Dec-19 08:00:00 pm,65.0
11-Dec-19 12:00:00 am,65.0
11-Dec-19 04:00:00 am,65.0
11-Dec-19 08:00:00 am,65.0
11-Dec-19 12:00:00 pm,65.0
11-Dec-19 04:00:00 pm,65.0
11-Dec-19 08:00:00 pm,65.0
12-Dec-19 12:00:00 am,65.0
12-Dec-19 04:00:00 am,65.0
12-Dec-19 08:00:00 am,65.0
12-Dec-19 12:00:00 pm,56.6
12-Dec-19 04:00:00 pm,61.2
12-Dec-19 08:00:00 pm,65.0
13-Dec-19 12:00:00 am,65.0
13-Dec-19 04:00:00 am,65.0
13-Dec-19 08:00:00 am,65.0
13-Dec-19 12:00:00 pm,65.0
13-Dec-19 04:00:00 pm,65.0
13-Dec-19 08:00:00 pm,65.0
14-Dec-19 12:00:00 am,65.0
14-Dec-19 04:00:00 am,65.0
14-Dec-19 08:00:00 am,65.0
14-Dec-19 12:00:00 pm,65.0
14-Dec-19 04:00:00 pm,65.0
14-Dec-19 08:00:00 pm,65.0
15-Dec-19 12:00:00 am,65.0
15-Dec-19 04:00:00 am,65.0
15-Dec-19 08:00:00 am,65.0
15-Dec-19 12:00:00 pm,65.0
15-Dec-19 04:00:00 pm,65.0
15-Dec-19 08:00:00 pm,65.0
16-Dec-19 12:00:00 am,65.0
16-Dec-19 04:00:00 am,65.0
16-Dec-19 08:00:00 am,63.3
16-Dec-19 12:00:00 pm,59.9
16-Dec-19 04:00:00 pm,65.0
16-Dec-19 08:00:00 pm,65.0
17-Dec-19 12:00:00 am,65.0
17-Dec-19 04:00:00 am,65.0
17-Dec-19 08:00:00 am,65.0
17-Dec-19 12:00:00 pm,65.0
17-Dec-19 04:00:00 pm,65.0
17-Dec-19 08:00:00 pm,65.0
18-Dec-19 12:00:00 am,65.0
18-Dec-19 04:00:00 am,65.0
18-Dec-19 08:00:00 am,65.0
18-Dec-19 12:00:00 pm,65.0
18-Dec-19 04:00:00 pm,65.0
18-Dec-19 08:00:00 pm,65.0
19-Dec-19 12:00:00 am,65.0
19-Dec-19 04:00:00 am,65.0
19-Dec-19 08:00:00 am,64.5
19-Dec-19 12:00:00 pm,61.4
19-Dec-19 04:00:00 pm,65.0
19-Dec-19 08:00:00 pm,65.0
20-Dec-19 12:00:00 am,65.0
20-Dec-19 04:00:00 am,65.0
20-Dec-19 08:00:00 am,65.0
20-Dec-19 12:00:00 pm,65.0
20-Dec-19 04:00:00 pm,65.0
20-Dec-19 08:00:00 pm,65.0
21-Dec-19 12:00:00 am,65.0
21-Dec-19 04:00:00 am,65.0
21-Dec-19 08:00:00 am,65.0
21-Dec-19 12:00:00 pm,65.0
21-Dec-19 04:00:00 pm,65.0
21-Dec-19 08:00:00 pm,65.0
22-Dec-19 12:00:00 am,65.0
22-Dec-19 04:00:00 am,65.0
22-Dec-19 08:00:00 am,65.0
22-Dec-19 12:00:00 pm,65.0
22-Dec-19 04:00:00 pm,65.0
22-Dec-19 08:00:00 pm,65.0
23-Dec-19 12:00:00 am,65.0
23-Dec-19 04:00:00 am,65.0
23-Dec-19 08:00:00 am,65.0
23-Dec-19 12:00:00 pm,65.0
23-Dec-19 04:00:00 pm,65.0
23-Dec-19 08:00:00 pm,65.0
24-Dec-19 12:00:00 am,65.0
24-Dec-19 04:00:00 am,65.0
24-Dec-19 08:00:00 am,65.0
24-Dec-19 12:00:00 pm,65.0
24-Dec-19 04:00:00 pm,65.0
24-Dec-19 08:00:00 pm,65.0
25-Dec-19 12:00:00 am,65.0
25-Dec-19 04:00:00 am,65.0
25-Dec-19 08:00:00 am,65.0
25-Dec-19 12:00:00 pm,65.0
25-Dec-19 04:00:00 pm,65.0
25-Dec-19 08:00:00 pm,65.0
26-Dec-19 12:00:00 am,65.0
26-Dec-19 04:00:00 am,65.0
26-Dec-19 08:00:00 am,65.0
26-Dec-19 12:00:00 pm,65.0
26-Dec-19 04:00:00 pm,65.0
26-Dec-19 08:00:00 pm,65.0
27-Dec-19 12:00:00 am,65.0
27-Dec-19 04:00:00 am,65.0
27-Dec-19 08:00:00 am,65.0
27-Dec-19 12:00:00 pm,65.0
27-Dec-19 04:00:00 pm,65.0
27-Dec-19 08:00:00 pm,65.0
28-Dec-19 12:00:00 am,65.0
28-Dec-19 04:00:00 am,65.0
28-Dec-19 08:00:00 am,65.0
28-Dec-19 12:00:00 pm,65.0
28-Dec-19 04:00:00 pm,65.0
28-Dec-19 08:00:00 pm,65.0
29-Dec-19 12:00:00 am,65.0
29-Dec-19 04:00:00 am,65.0
29-Dec-19 08:00:00 am,65.0
29-Dec-19 12:00:00 pm,65.0
29-Dec-19 04:00:00 pm,65.0
29-Dec-19 08:00:00 pm,65.0
30-Dec-19 12:00:00 am,65.0
30-Dec-19 04:00:00 am,65.0
30-Dec-19 08:00:00 am,65.0
30-Dec-19 12:00:00 pm,65.0
30-Dec-19 04:00:00 pm,65.0
30-Dec-19 08:00:00 pm,65.0
31-Dec-19 12:00:00 am,65.0
31-Dec-19 04:00:00 am,65.0
31-Dec-19 08:00:00 am,65.0
31-Dec-19 12:00:00 pm,62.6
31-Dec-19 04:00:00 pm,59.6
31-Dec-19 08:00:00 pm,65.0