Timestamp,RTU_1 DischAirTemp(°F)
01-Jan-19 12:00:00 am,52.4
01-Jan-19 04:00:00 am,60.5
01-Jan-19 08:00:00 am,56.6
01-Jan-19 12:00:00 pm,55.1
01-Jan-19 04:00:00 pm,54.8
01-Jan-19 08:00:00 pm,53.7
02-Jan-19 12:00:00 am,55.8
02-Jan-19 04:00:00 am,60.4
02-Jan-19 08:00:00 am,62.6
02-Jan-19 12:00:00 pm,65.4
02-Jan-19 04:00:00 pm,65.0
02-Jan-19 08:00:00 pm,62.7
03-Jan-19 12:00:00 am,60.3
03-Jan-19 04:00:00 am,62.8
03-Jan-19 08:00:00 am,64.9
03-Jan-19 12:00:00 pm,65.2
03-Jan-19 04:00:00 pm,61.4
03-Jan-19 08:00:00 pm,59.2
04-Jan-19 12:00:00 am,58.1
04-Jan-19 04:00:00 am,62.8
04-Jan-19 08:00:00 am,64.9
04-Jan-19 12:00:00 pm,63.5
04-Jan-19 04:00:00 pm,64.0
04-Jan-19 08:00:00 pm,61.3
05-Jan-19 12:00:00 am,59.6
05-Jan-19 04:00:00 am,57.5
05-Jan-19 08:00:00 am,57.2
05-Jan-19 12:00:00 pm,60.5
05-Jan-19 04:00:00 pm,59.9
05-Jan-19 08:00:00 pm,58.5
06-Jan-19 12:00:00 am,58.0
06-Jan-19 04:00:00 am,56.1
06-Jan-19 08:00:00 am,55.4
06-Jan-19 12:00:00 pm,58.4
06-Jan-19 04:00:00 pm,57.9
06-Jan-19 08:00:00 pm,56.7
07-Jan-19 12:00:00 am,54.6
07-Jan-19 04:00:00 am,60.9
07-Jan-19 08:00:00 am,63.8
07-Jan-19 12:00:00 pm,65.4
07-Jan-19 04:00:00 pm,57.8
07-Jan-19 08:00:00 pm,57.9
08-Jan-19 12:00:00 am,55.7
08-Jan-19 04:00:00 am,60.6
08-Jan-19 08:00:00 am,65.3
08-Jan-19 12:00:00 pm,64.7
08-Jan-19 04:00:00 pm,62.8
08-Jan-19 08:00:00 pm,61.8
09-Jan-19 12:00:00 am,60.1
09-Jan-19 04:00:00 am,62.1
09-Jan-19 08:00:00 am,65.2
09-Jan-19 12:00:00 pm,63.5
09-Jan-19 04:00:00 pm,64.4
09-Jan-19 08:00:00 pm,60.6
10-Jan-19 12:00:00 am,59.3
10-Jan-19 04:00:00 am,63.1
10-Jan-19 08:00:00 am,65.2
10-Jan-19 12:00:00 pm,62.3
10-Jan-19 04:00:00 pm,55.8
10-Jan-19 08:00:00 pm,56.9
11-Jan-19 12:00:00 am,55.9
11-Jan-19 04:00:00 am,61.4
11-Jan-19 08:00:00 am,64.7
11-Jan-19 12:00:00 pm,63.8
11-Jan-19 04:00:00 pm,56.5
11-Jan-19 08:00:00 pm,58.7
12-Jan-19 12:00:00 am,56.8
12-Jan-19 04:00:00 am,57.6
12-Jan-19 08:00:00 am,56.2
12-Jan-19 12:00:00 pm,62.1
12-Jan-19 04:00:00 pm,61.1
12-Jan-19 08:00:00 pm,57.1
13-Jan-19 12:00:00 am,54.1
13-Jan-19 04:00:00 am,52.2
13-Jan-19 08:00:00 am,52.9
13-Jan-19 12:00:00 pm,62.5
13-Jan-19 04:00:00 pm,61.9
13-Jan-19 08:00:00 pm,56.3
14-Jan-19 12:00:00 am,52.8
14-Jan-19 04:00:00 am,60.0
14-Jan-19 08:00:00 am,64.8
14-Jan-19 12:00:00 pm,58.9
14-Jan-19 04:00:00 pm,55.0
14-Jan-19 08:00:00 pm,57.3
15-Jan-19 12:00:00 am,55.5
15-Jan-19 04:00:00 am,60.1
15-Jan-19 08:00:00 am,64.7
15-Jan-19 12:00:00 pm,65.5
15-Jan-19 04:00:00 pm,63.2
15-Jan-19 08:00:00 pm,60.3
16-Jan-19 12:00:00 am,55.6
16-Jan-19 04:00:00 am,60.8
16-Jan-19 08:00:00 am,64.9
16-Jan-19 12:00:00 pm,57.6
16-Jan-19 04:00:00 pm,56.2
16-Jan-19 08:00:00 pm,61.9
17-Jan-19 12:00:00 am,61.9
17-Jan-19 04:00:00 am,62.9
17-Jan-19 08:00:00 am,64.6
17-Jan-19 12:00:00 pm,55.6
17-Jan-19 04:00:00 pm,56.5
17-Jan-19 08:00:00 pm,62.1
18-Jan-19 12:00:00 am,61.1
18-Jan-19 04:00:00 am,63.0
18-Jan-19 08:00:00 am,64.8
18-Jan-19 12:00:00 pm,65.4
18-Jan-19 04:00:00 pm,56.5
18-Jan-19 08:00:00 pm,59.1
19-Jan-19 12:00:00 am,59.6
19-Jan-19 04:00:00 am,58.9
19-Jan-19 08:00:00 am,60.6
19-Jan-19 12:00:00 pm,62.5
19-Jan-19 04:00:00 pm,60.1
19-Jan-19 08:00:00 pm,56.8
20-Jan-19 12:00:00 am,55.0
20-Jan-19 04:00:00 am,54.4
20-Jan-19 08:00:00 am,54.9
20-Jan-19 12:00:00 pm,58.3
20-Jan-19 04:00:00 pm,57.9
20-Jan-19 08:00:00 pm,53.9
21-Jan-19 12:00:00 am,52.9
21-Jan-19 04:00:00 am,61.0
21-Jan-19 08:00:00 am,63.9
21-Jan-19 12:00:00 pm,65.3
21-Jan-19 04:00:00 pm,62.9
21-Jan-19 08:00:00 pm,58.2
22-Jan-19 12:00:00 am,56.9
22-Jan-19 04:00:00 am,62.6
22-Jan-19 08:00:00 am,65.7
22-Jan-19 12:00:00 pm,60.8
22-Jan-19 04:00:00 pm,57.1
22-Jan-19 08:00:00 pm,61.6
23-Jan-19 12:00:00 am,61.1
23-Jan-19 04:00:00 am,63.5
23-Jan-19 08:00:00 am,62.4
23-Jan-19 12:00:00 pm,64.8
23-Jan-19 04:00:00 pm,58.2
23-Jan-19 08:00:00 pm,59.2
24-Jan-19 12:00:00 am,59.3
24-Jan-19 04:00:00 am,63.0
24-Jan-19 08:00:00 am,64.6
24-Jan-19 12:00:00 pm,64.0
24-Jan-19 04:00:00 pm,55.5
24-Jan-19 08:00:00 pm,59.9
25-Jan-19 12:00:00 am,59.4
25-Jan-19 04:00:00 am,61.6
25-Jan-19 08:00:00 am,59.6
25-Jan-19 12:00:00 pm,62.7
25-Jan-19 04:00:00 pm,55.2
25-Jan-19 08:00:00 pm,59.6
26-Jan-19 12:00:00 am,55.5
26-Jan-19 04:00:00 am,53.2
26-Jan-19 08:00:00 am,53.7
26-Jan-19 12:00:00 pm,61.3
26-Jan-19 04:00:00 pm,61.3
26-Jan-19 08:00:00 pm,57.0
27-Jan-19 12:00:00 am,54.4
27-Jan-19 04:00:00 am,53.3
27-Jan-19 08:00:00 am,58.6
27-Jan-19 12:00:00 pm,57.5
27-Jan-19 04:00:00 pm,57.0
27-Jan-19 08:00:00 pm,56.6
28-Jan-19 12:00:00 am,56.3
28-Jan-19 04:00:00 am,61.8
28-Jan-19 08:00:00 am,65.8
28-Jan-19 12:00:00 pm,59.1
28-Jan-19 04:00:00 pm,55.4
28-Jan-19 08:00:00 pm,58.0
29-Jan-19 12:00:00 am,55.7
29-Jan-19 04:00:00 am,61.1
29-Jan-19 08:00:00 am,64.9
29-Jan-19 12:00:00 pm,55.7
29-Jan-19 04:00:00 pm,54.8
29-Jan-19 08:00:00 pm,57.5
30-Jan-19 12:00:00 am,55.0
30-Jan-19 04:00:00 am,60.4
30-Jan-19 08:00:00 am,65.5
30-Jan-19 12:00:00 pm,64.9
30-Jan-19 04:00:00 pm,63.5
30-Jan-19 08:00:00 pm,62.1
31-Jan-19 12:00:00 am,59.2
31-Jan-19 04:00:00 am,61.3
31-Jan-19 08:00:00 am,64.6
31-Jan-19 12:00:00 pm,65.5
31-Jan-19 04:00:00 pm,65.0
31-Jan-19 08:00:00 pm,64.0
01-Feb-19 12:00:00 am,61.7
01-Feb-19 04:00:00 am,63.5
01-Feb-19 08:00:00 am,63.5
01-Feb-19 12:00:00 pm,57.6
01-Feb-19 04:00:00 pm,56.1
01-Feb-19 08:00:00 pm,59.7
02-Feb-19 12:00:00 am,59.4
02-Feb-19 04:00:00 am,58.6
02-Feb-19 08:00:00 am,59.3
02-Feb-19 12:00:00 pm,61.8
02-Feb-19 04:00:00 pm,59.9
02-Feb-19 08:00:00 pm,57.3
03-Feb-19 12:00:00 am,56.0
03-Feb-19 04:00:00 am,54.9
03-Feb-19 08:00:00 am,54.7
03-Feb-19 12:00:00 pm,56.0
03-Feb-19 04:00:00 pm,55.5
03-Feb-19 08:00:00 pm,53.7
04-Feb-19 12:00:00 am,51.7
04-Feb-19 04:00:00 am,58.9
04-Feb-19 08:00:00 am,65.2
04-Feb-19 12:00:00 pm,61.6
04-Feb-19 04:00:00 pm,55.3
04-Feb-19 08:00:00 pm,53.2
05-Feb-19 12:00:00 am,49.0
05-Feb-19 04:00:00 am,57.1
05-Feb-19 08:00:00 am,64.1
05-Feb-19 12:00:00 pm,59.5
05-Feb-19 04:00:00 pm,54.3
05-Feb-19 08:00:00 pm,54.3
06-Feb-19 12:00:00 am,49.5
06-Feb-19 04:00:00 am,57.3
06-Feb-19 08:00:00 am,60.5
06-Feb-19 12:00:00 pm,56.9
06-Feb-19 04:00:00 pm,54.5
06-Feb-19 08:00:00 pm,54.2
07-Feb-19 12:00:00 am,51.0
07-Feb-19 04:00:00 am,57.8
07-Feb-19 08:00:00 am,62.8
07-Feb-19 12:00:00 pm,62.0
07-Feb-19 04:00:00 pm,61.2
07-Feb-19 08:00:00 pm,57.4
08-Feb-19 12:00:00 am,54.7
08-Feb-19 04:00:00 am,61.8
08-Feb-19 08:00:00 am,63.0
08-Feb-19 12:00:00 pm,59.5
08-Feb-19 04:00:00 pm,55.1
08-Feb-19 08:00:00 pm,53.4
09-Feb-19 12:00:00 am,51.2
09-Feb-19 04:00:00 am,50.5
09-Feb-19 08:00:00 am,50.7
09-Feb-19 12:00:00 pm,51.6
09-Feb-19 04:00:00 pm,51.0
09-Feb-19 08:00:00 pm,49.3
10-Feb-19 12:00:00 am,48.6
10-Feb-19 04:00:00 am,48.0
10-Feb-19 08:00:00 am,48.9
10-Feb-19 12:00:00 pm,51.2
10-Feb-19 04:00:00 pm,50.7
10-Feb-19 08:00:00 pm,54.9
11-Feb-19 12:00:00 am,51.4
11-Feb-19 04:00:00 am,59.0
11-Feb-19 08:00:00 am,65.4
11-Feb-19 12:00:00 pm,60.2
11-Feb-19 04:00:00 pm,61.1
11-Feb-19 08:00:00 pm,58.0
12-Feb-19 12:00:00 am,54.1
12-Feb-19 04:00:00 am,60.5
12-Feb-19 08:00:00 am,57.8
12-Feb-19 12:00:00 pm,54.8
12-Feb-19 04:00:00 pm,55.5
12-Feb-19 08:00:00 pm,57.4
13-Feb-19 12:00:00 am,54.7
13-Feb-19 04:00:00 am,61.0
13-Feb-19 08:00:00 am,59.8
13-Feb-19 12:00:00 pm,64.8
13-Feb-19 04:00:00 pm,63.5
13-Feb-19 08:00:00 pm,56.3
14-Feb-19 12:00:00 am,51.8
14-Feb-19 04:00:00 am,59.7
14-Feb-19 08:00:00 am,64.3
14-Feb-19 12:00:00 pm,64.6
14-Feb-19 04:00:00 pm,61.7
14-Feb-19 08:00:00 pm,59.9
15-Feb-19 12:00:00 am,59.4
15-Feb-19 04:00:00 am,61.9
15-Feb-19 08:00:00 am,61.7
15-Feb-19 12:00:00 pm,63.6
15-Feb-19 04:00:00 pm,55.0
15-Feb-19 08:00:00 pm,55.4
16-Feb-19 12:00:00 am,53.9
16-Feb-19 04:00:00 am,53.6
16-Feb-19 08:00:00 am,54.5
16-Feb-19 12:00:00 pm,56.3
16-Feb-19 04:00:00 pm,56.3
16-Feb-19 08:00:00 pm,54.7
17-Feb-19 12:00:00 am,53.1
17-Feb-19 04:00:00 am,55.3
17-Feb-19 08:00:00 am,54.4
17-Feb-19 12:00:00 pm,57.3
17-Feb-19 04:00:00 pm,57.9
17-Feb-19 08:00:00 pm,55.1
18-Feb-19 12:00:00 am,52.9
18-Feb-19 04:00:00 am,60.6
18-Feb-19 08:00:00 am,67.7
18-Feb-19 12:00:00 pm,65.5
18-Feb-19 04:00:00 pm,64.7
18-Feb-19 08:00:00 pm,63.2
19-Feb-19 12:00:00 am,57.9
19-Feb-19 04:00:00 am,62.6
19-Feb-19 08:00:00 am,65.9
19-Feb-19 12:00:00 pm,65.5
19-Feb-19 04:00:00 pm,64.6
19-Feb-19 08:00:00 pm,60.9
20-Feb-19 12:00:00 am,57.5
20-Feb-19 04:00:00 am,61.0
20-Feb-19 08:00:00 am,63.8
20-Feb-19 12:00:00 pm,65.3
20-Feb-19 04:00:00 pm,57.8
20-Feb-19 08:00:00 pm,58.8
21-Feb-19 12:00:00 am,56.4
21-Feb-19 04:00:00 am,60.2
21-Feb-19 08:00:00 am,65.3
21-Feb-19 12:00:00 pm,55.2
21-Feb-19 04:00:00 pm,54.8
21-Feb-19 08:00:00 pm,57.0
22-Feb-19 12:00:00 am,55.1
22-Feb-19 04:00:00 am,60.6
22-Feb-19 08:00:00 am,57.3
22-Feb-19 12:00:00 pm,61.4
22-Feb-19 04:00:00 pm,61.8
22-Feb-19 08:00:00 pm,58.0
23-Feb-19 12:00:00 am,56.1
23-Feb-19 04:00:00 am,54.9
23-Feb-19 08:00:00 am,56.1
23-Feb-19 12:00:00 pm,58.4
23-Feb-19 04:00:00 pm,57.1
23-Feb-19 08:00:00 pm,55.2
24-Feb-19 12:00:00 am,54.1
24-Feb-19 04:00:00 am,53.1
24-Feb-19 08:00:00 am,54.5
24-Feb-19 12:00:00 pm,58.1
24-Feb-19 04:00:00 pm,57.9
24-Feb-19 08:00:00 pm,57.6
25-Feb-19 12:00:00 am,51.9
25-Feb-19 04:00:00 am,59.4
25-Feb-19 08:00:00 am,61.6
25-Feb-19 12:00:00 pm,58.2
25-Feb-19 04:00:00 pm,57.7
25-Feb-19 08:00:00 pm,57.8
26-Feb-19 12:00:00 am,54.5
26-Feb-19 04:00:00 am,59.1
26-Feb-19 08:00:00 am,65.6
26-Feb-19 12:00:00 pm,56.9
26-Feb-19 04:00:00 pm,54.6
26-Feb-19 08:00:00 pm,55.6
27-Feb-19 12:00:00 am,53.1
27-Feb-19 04:00:00 am,60.3
27-Feb-19 08:00:00 am,64.1
27-Feb-19 12:00:00 pm,65.4
27-Feb-19 04:00:00 pm,63.2
27-Feb-19 08:00:00 pm,59.9
28-Feb-19 12:00:00 am,54.7
28-Feb-19 04:00:00 am,59.9
28-Feb-19 08:00:00 am,64.4
28-Feb-19 12:00:00 pm,56.0
28-Feb-19 04:00:00 pm,55.1
28-Feb-19 08:00:00 pm,56.5
01-Mar-19 12:00:00 am,56.0
01-Mar-19 04:00:00 am,60.7
01-Mar-19 08:00:00 am,64.0
01-Mar-19 12:00:00 pm,55.5
01-Mar-19 04:00:00 pm,55.0
01-Mar-19 08:00:00 pm,55.4
02-Mar-19 12:00:00 am,54.4
02-Mar-19 04:00:00 am,51.8
02-Mar-19 08:00:00 am,54.5
02-Mar-19 12:00:00 pm,63.7
02-Mar-19 04:00:00 pm,62.6
02-Mar-19 08:00:00 pm,55.5
03-Mar-19 12:00:00 am,52.2
03-Mar-19 04:00:00 am,50.4
03-Mar-19 08:00:00 am,53.7
03-Mar-19 12:00:00 pm,62.0
03-Mar-19 04:00:00 pm,60.9
03-Mar-19 08:00:00 pm,53.6
04-Mar-19 12:00:00 am,50.0
04-Mar-19 04:00:00 am,55.1
04-Mar-19 08:00:00 am,58.9
04-Mar-19 12:00:00 pm,56.5
04-Mar-19 04:00:00 pm,57.7
04-Mar-19 08:00:00 pm,57.6
05-Mar-19 12:00:00 am,51.9
05-Mar-19 04:00:00 am,58.5
05-Mar-19 08:00:00 am,63.0
05-Mar-19 12:00:00 pm,55.7
05-Mar-19 04:00:00 pm,55.3
05-Mar-19 08:00:00 pm,58.2
06-Mar-19 12:00:00 am,53.6
06-Mar-19 04:00:00 am,60.6
06-Mar-19 08:00:00 am,65.2
06-Mar-19 12:00:00 pm,60.7
06-Mar-19 04:00:00 pm,62.9
06-Mar-19 08:00:00 pm,60.0
07-Mar-19 12:00:00 am,56.7
07-Mar-19 04:00:00 am,61.8
07-Mar-19 08:00:00 am,65.6
07-Mar-19 12:00:00 pm,59.0
07-Mar-19 04:00:00 pm,55.2
07-Mar-19 08:00:00 pm,59.6
08-Mar-19 12:00:00 am,56.7
08-Mar-19 04:00:00 am,61.0
08-Mar-19 08:00:00 am,64.7
08-Mar-19 12:00:00 pm,65.7
08-Mar-19 04:00:00 pm,60.1
08-Mar-19 08:00:00 pm,56.5
09-Mar-19 12:00:00 am,55.1
09-Mar-19 04:00:00 am,51.5
09-Mar-19 08:00:00 am,54.6
09-Mar-19 12:00:00 pm,62.4
09-Mar-19 04:00:00 pm,60.2
09-Mar-19 08:00:00 pm,54.6
10-Mar-19 12:00:00 am,51.1
10-Mar-19 05:00:00 am,49.4
10-Mar-19 09:00:00 am,54.0
10-Mar-19 01:00:00 pm,64.0
10-Mar-19 05:00:00 pm,64.0
10-Mar-19 09:00:00 pm,56.6
11-Mar-19 01:00:00 am,52.8
11-Mar-19 05:00:00 am,62.6
11-Mar-19 09:00:00 am,58.1
11-Mar-19 01:00:00 pm,57.4
11-Mar-19 05:00:00 pm,60.6
11-Mar-19 09:00:00 pm,61.0
12-Mar-19 01:00:00 am,58.1
12-Mar-19 05:00:00 am,60.0
12-Mar-19 09:00:00 am,63.5
12-Mar-19 01:00:00 pm,62.8
12-Mar-19 05:00:00 pm,56.4
12-Mar-19 09:00:00 pm,60.0
13-Mar-19 01:00:00 am,56.8
13-Mar-19 05:00:00 am,61.1
13-Mar-19 09:00:00 am,65.3
13-Mar-19 01:00:00 pm,57.1
13-Mar-19 05:00:00 pm,60.4
13-Mar-19 09:00:00 pm,61.0
14-Mar-19 01:00:00 am,57.9
14-Mar-19 05:00:00 am,61.7
14-Mar-19 09:00:00 am,57.3
14-Mar-19 01:00:00 pm,54.1
14-Mar-19 05:00:00 pm,54.2
14-Mar-19 09:00:00 pm,62.3
15-Mar-19 01:00:00 am,59.0
15-Mar-19 05:00:00 am,60.1
15-Mar-19 09:00:00 am,56.5
15-Mar-19 01:00:00 pm,53.0
15-Mar-19 05:00:00 pm,57.1
15-Mar-19 09:00:00 pm,58.9
16-Mar-19 01:00:00 am,57.2
16-Mar-19 05:00:00 am,55.7
16-Mar-19 09:00:00 am,61.9
16-Mar-19 01:00:00 pm,68.9
16-Mar-19 05:00:00 pm,68.3
16-Mar-19 09:00:00 pm,60.9
17-Mar-19 01:00:00 am,57.9
17-Mar-19 05:00:00 am,55.7
17-Mar-19 09:00:00 am,59.5
17-Mar-19 01:00:00 pm,72.1
17-Mar-19 05:00:00 pm,62.0
17-Mar-19 09:00:00 pm,59.9
18-Mar-19 01:00:00 am,59.9
18-Mar-19 05:00:00 am,60.8
18-Mar-19 09:00:00 am,63.3
18-Mar-19 01:00:00 pm,55.6
18-Mar-19 05:00:00 pm,59.4
18-Mar-19 09:00:00 pm,61.5
19-Mar-19 01:00:00 am,60.2
19-Mar-19 05:00:00 am,64.0
19-Mar-19 09:00:00 am,61.7
19-Mar-19 01:00:00 pm,55.3
19-Mar-19 05:00:00 pm,58.9
19-Mar-19 09:00:00 pm,63.5
20-Mar-19 01:00:00 am,62.6
20-Mar-19 05:00:00 am,63.8
20-Mar-19 09:00:00 am,60.6
20-Mar-19 01:00:00 pm,55.7
20-Mar-19 05:00:00 pm,60.4
20-Mar-19 09:00:00 pm,61.4
21-Mar-19 01:00:00 am,61.2
21-Mar-19 05:00:00 am,64.8
21-Mar-19 09:00:00 am,58.7
21-Mar-19 01:00:00 pm,55.1
21-Mar-19 05:00:00 pm,57.3
21-Mar-19 09:00:00 pm,58.7
22-Mar-19 01:00:00 am,60.7
22-Mar-19 05:00:00 am,64.6
22-Mar-19 09:00:00 am,62.0
22-Mar-19 01:00:00 pm,56.7
22-Mar-19 05:00:00 pm,56.1
22-Mar-19 09:00:00 pm,60.8
23-Mar-19 01:00:00 am,59.9
23-Mar-19 05:00:00 am,58.4
23-Mar-19 09:00:00 am,64.6
23-Mar-19 01:00:00 pm,73.0
23-Mar-19 05:00:00 pm,72.4
23-Mar-19 09:00:00 pm,63.5
24-Mar-19 01:00:00 am,59.9
24-Mar-19 05:00:00 am,58.8
24-Mar-19 09:00:00 am,61.9
24-Mar-19 01:00:00 pm,63.6
24-Mar-19 05:00:00 pm,66.3
24-Mar-19 09:00:00 pm,61.5
25-Mar-19 01:00:00 am,57.9
25-Mar-19 05:00:00 am,60.6
25-Mar-19 09:00:00 am,63.4
25-Mar-19 01:00:00 pm,62.2
25-Mar-19 05:00:00 pm,63.3
25-Mar-19 09:00:00 pm,62.5
26-Mar-19 01:00:00 am,60.0
26-Mar-19 05:00:00 am,61.9
26-Mar-19 09:00:00 am,65.3
26-Mar-19 01:00:00 pm,53.0
26-Mar-19 05:00:00 pm,55.2
26-Mar-19 09:00:00 pm,60.9
27-Mar-19 01:00:00 am,58.2
27-Mar-19 05:00:00 am,61.0
27-Mar-19 09:00:00 am,64.2
27-Mar-19 01:00:00 pm,59.1
27-Mar-19 05:00:00 pm,56.9
27-Mar-19 09:00:00 pm,63.6
28-Mar-19 01:00:00 am,61.4
28-Mar-19 05:00:00 am,61.8
28-Mar-19 09:00:00 am,64.7
28-Mar-19 01:00:00 pm,57.6
28-Mar-19 05:00:00 pm,60.6
28-Mar-19 09:00:00 pm,58.1
29-Mar-19 01:00:00 am,58.9
29-Mar-19 05:00:00 am,63.9
29-Mar-19 09:00:00 am,63.9
29-Mar-19 01:00:00 pm,54.6
29-Mar-19 05:00:00 pm,58.4
29-Mar-19 09:00:00 pm,61.6
30-Mar-19 01:00:00 am,59.2
30-Mar-19 05:00:00 am,57.2
30-Mar-19 09:00:00 am,62.4
30-Mar-19 01:00:00 pm,76.1
30-Mar-19 05:00:00 pm,74.1
30-Mar-19 09:00:00 pm,64.4
31-Mar-19 01:00:00 am,60.3
31-Mar-19 05:00:00 am,57.6
31-Mar-19 09:00:00 am,62.8
31-Mar-19 01:00:00 pm,77.6
31-Mar-19 05:00:00 pm,62.4
31-Mar-19 09:00:00 pm,62.6
01-Apr-19 01:00:00 am,59.4
01-Apr-19 05:00:00 am,63.7
01-Apr-19 09:00:00 am,63.9
01-Apr-19 01:00:00 pm,54.5
01-Apr-19 05:00:00 pm,59.0
01-Apr-19 09:00:00 pm,59.7
02-Apr-19 01:00:00 am,59.2
02-Apr-19 05:00:00 am,61.6
02-Apr-19 09:00:00 am,61.3
02-Apr-19 01:00:00 pm,56.8
02-Apr-19 05:00:00 pm,62.8
02-Apr-19 09:00:00 pm,60.2
03-Apr-19 01:00:00 am,62.6
03-Apr-19 05:00:00 am,63.5
03-Apr-19 09:00:00 am,57.7
03-Apr-19 01:00:00 pm,55.1
03-Apr-19 05:00:00 pm,56.2
03-Apr-19 09:00:00 pm,62.5
04-Apr-19 01:00:00 am,59.6
04-Apr-19 05:00:00 am,63.9
04-Apr-19 09:00:00 am,60.7
04-Apr-19 01:00:00 pm,56.2
04-Apr-19 05:00:00 pm,59.9
04-Apr-19 09:00:00 pm,63.2
05-Apr-19 01:00:00 am,62.3
05-Apr-19 05:00:00 am,64.2
05-Apr-19 09:00:00 am,61.2
05-Apr-19 01:00:00 pm,55.0
05-Apr-19 05:00:00 pm,58.1
05-Apr-19 09:00:00 pm,59.8
06-Apr-19 01:00:00 am,59.2
06-Apr-19 05:00:00 am,61.3
06-Apr-19 09:00:00 am,61.4
06-Apr-19 01:00:00 pm,64.5
06-Apr-19 05:00:00 pm,65.2
06-Apr-19 09:00:00 pm,61.8
07-Apr-19 01:00:00 am,59.2
07-Apr-19 05:00:00 am,58.6
07-Apr-19 09:00:00 am,63.2
07-Apr-19 01:00:00 pm,62.3
07-Apr-19 05:00:00 pm,60.7
07-Apr-19 09:00:00 pm,58.6
08-Apr-19 01:00:00 am,58.0
08-Apr-19 05:00:00 am,62.8
08-Apr-19 09:00:00 am,65.4
08-Apr-19 01:00:00 pm,59.2
08-Apr-19 05:00:00 pm,57.5
08-Apr-19 09:00:00 pm,60.7
09-Apr-19 01:00:00 am,60.5
09-Apr-19 05:00:00 am,63.5
09-Apr-19 09:00:00 am,63.9
09-Apr-19 01:00:00 pm,54.2
09-Apr-19 05:00:00 pm,57.1
09-Apr-19 09:00:00 pm,60.4
10-Apr-19 01:00:00 am,59.9
10-Apr-19 05:00:00 am,62.9
10-Apr-19 09:00:00 am,64.5
10-Apr-19 01:00:00 pm,64.2
10-Apr-19 05:00:00 pm,57.7
10-Apr-19 09:00:00 pm,60.7
11-Apr-19 01:00:00 am,60.6
11-Apr-19 05:00:00 am,63.7
11-Apr-19 09:00:00 am,65.7
11-Apr-19 01:00:00 pm,58.1
11-Apr-19 05:00:00 pm,59.5
11-Apr-19 09:00:00 pm,58.5
12-Apr-19 01:00:00 am,58.7
12-Apr-19 05:00:00 am,63.6
12-Apr-19 09:00:00 am,65.1
12-Apr-19 01:00:00 pm,52.8
12-Apr-19 05:00:00 pm,60.7
12-Apr-19 09:00:00 pm,62.1
13-Apr-19 01:00:00 am,61.0
13-Apr-19 05:00:00 am,59.7
13-Apr-19 09:00:00 am,61.5
13-Apr-19 01:00:00 pm,61.5
13-Apr-19 05:00:00 pm,62.3
13-Apr-19 09:00:00 pm,59.4
14-Apr-19 01:00:00 am,57.1
14-Apr-19 05:00:00 am,57.0
14-Apr-19 09:00:00 am,59.2
14-Apr-19 01:00:00 pm,62.7
14-Apr-19 05:00:00 pm,61.5
14-Apr-19 09:00:00 pm,58.6
15-Apr-19 01:00:00 am,57.7
15-Apr-19 05:00:00 am,64.2
15-Apr-19 09:00:00 am,65.5
15-Apr-19 01:00:00 pm,53.8
15-Apr-19 05:00:00 pm,57.0
15-Apr-19 09:00:00 pm,62.9
16-Apr-19 01:00:00 am,59.5
16-Apr-19 05:00:00 am,64.0
16-Apr-19 09:00:00 am,65.7
16-Apr-19 01:00:00 pm,57.3
16-Apr-19 05:00:00 pm,57.6
16-Apr-19 09:00:00 pm,58.4
17-Apr-19 01:00:00 am,59.5
17-Apr-19 05:00:00 am,63.2
17-Apr-19 09:00:00 am,65.7
17-Apr-19 01:00:00 pm,58.3
17-Apr-19 05:00:00 pm,59.9
17-Apr-19 09:00:00 pm,62.4
18-Apr-19 01:00:00 am,63.7
18-Apr-19 05:00:00 am,64.3
18-Apr-19 09:00:00 am,58.5
18-Apr-19 01:00:00 pm,57.4
18-Apr-19 05:00:00 pm,62.5
18-Apr-19 09:00:00 pm,61.9
19-Apr-19 01:00:00 am,64.2
19-Apr-19 05:00:00 am,66.9
19-Apr-19 09:00:00 am,57.2
19-Apr-19 01:00:00 pm,57.8
19-Apr-19 05:00:00 pm,57.5
19-Apr-19 09:00:00 pm,61.1
20-Apr-19 01:00:00 am,61.1
20-Apr-19 05:00:00 am,58.8
20-Apr-19 09:00:00 am,61.6
20-Apr-19 01:00:00 pm,65.8
20-Apr-19 05:00:00 pm,69.1
20-Apr-19 09:00:00 pm,63.4
21-Apr-19 01:00:00 am,59.2
21-Apr-19 05:00:00 am,57.8
21-Apr-19 09:00:00 am,62.7
21-Apr-19 01:00:00 pm,68.9
21-Apr-19 05:00:00 pm,71.5
21-Apr-19 09:00:00 pm,64.6
22-Apr-19 01:00:00 am,60.1
22-Apr-19 05:00:00 am,63.8
22-Apr-19 09:00:00 am,65.3
22-Apr-19 01:00:00 pm,57.6
22-Apr-19 05:00:00 pm,57.6
22-Apr-19 09:00:00 pm,58.5
23-Apr-19 01:00:00 am,60.7
23-Apr-19 05:00:00 am,64.4
23-Apr-19 09:00:00 am,64.4
23-Apr-19 01:00:00 pm,55.6
23-Apr-19 05:00:00 pm,57.1
23-Apr-19 09:00:00 pm,60.0
24-Apr-19 01:00:00 am,59.8
24-Apr-19 05:00:00 am,63.7
24-Apr-19 09:00:00 am,65.3
24-Apr-19 01:00:00 pm,58.9
24-Apr-19 05:00:00 pm,57.0
24-Apr-19 09:00:00 pm,62.1
25-Apr-19 01:00:00 am,59.4
25-Apr-19 05:00:00 am,63.4
25-Apr-19 09:00:00 am,65.2
25-Apr-19 01:00:00 pm,53.8
25-Apr-19 05:00:00 pm,57.1
25-Apr-19 09:00:00 pm,59.6
26-Apr-19 01:00:00 am,60.1
26-Apr-19 05:00:00 am,64.0
26-Apr-19 09:00:00 am,63.6
26-Apr-19 01:00:00 pm,56.3
26-Apr-19 05:00:00 pm,58.9
26-Apr-19 09:00:00 pm,62.9
27-Apr-19 01:00:00 am,62.1
27-Apr-19 05:00:00 am,60.2
27-Apr-19 09:00:00 am,65.3
27-Apr-19 01:00:00 pm,63.3
27-Apr-19 05:00:00 pm,63.1
27-Apr-19 09:00:00 pm,59.3
28-Apr-19 01:00:00 am,55.7
28-Apr-19 05:00:00 am,54.0
28-Apr-19 09:00:00 am,61.9
28-Apr-19 01:00:00 pm,71.1
28-Apr-19 05:00:00 pm,66.3
28-Apr-19 09:00:00 pm,60.4
29-Apr-19 01:00:00 am,58.1
29-Apr-19 05:00:00 am,63.4
29-Apr-19 09:00:00 am,59.9
29-Apr-19 01:00:00 pm,56.5
29-Apr-19 05:00:00 pm,58.0
29-Apr-19 09:00:00 pm,62.9
30-Apr-19 01:00:00 am,59.2
30-Apr-19 05:00:00 am,63.6
30-Apr-19 09:00:00 am,61.0
30-Apr-19 01:00:00 pm,57.4
30-Apr-19 05:00:00 pm,58.2
30-Apr-19 09:00:00 pm,63.3
01-May-19 01:00:00 am,60.4
01-May-19 05:00:00 am,63.2
01-May-19 09:00:00 am,62.5
01-May-19 01:00:00 pm,55.4
01-May-19 05:00:00 pm,61.0
01-May-19 09:00:00 pm,62.3
02-May-19 01:00:00 am,62.2
02-May-19 05:00:00 am,63.9
02-May-19 09:00:00 am,60.5
02-May-19 01:00:00 pm,54.0
02-May-19 05:00:00 pm,56.9
02-May-19 09:00:00 pm,59.1
03-May-19 01:00:00 am,59.3
03-May-19 05:00:00 am,63.9
03-May-19 09:00:00 am,61.5
03-May-19 01:00:00 pm,56.0
03-May-19 05:00:00 pm,63.1
03-May-19 09:00:00 pm,63.8
04-May-19 01:00:00 am,62.6
04-May-19 05:00:00 am,60.8
04-May-19 09:00:00 am,67.6
04-May-19 01:00:00 pm,81.1
04-May-19 05:00:00 pm,78.7
04-May-19 09:00:00 pm,67.9
05-May-19 01:00:00 am,63.7
05-May-19 05:00:00 am,61.4
05-May-19 09:00:00 am,68.7
05-May-19 01:00:00 pm,83.5
05-May-19 05:00:00 pm,65.1
05-May-19 09:00:00 pm,64.9
06-May-19 01:00:00 am,62.2
06-May-19 05:00:00 am,63.2
06-May-19 09:00:00 am,59.0
06-May-19 01:00:00 pm,53.6
06-May-19 05:00:00 pm,60.6
06-May-19 09:00:00 pm,64.1
07-May-19 01:00:00 am,60.6
07-May-19 05:00:00 am,60.2
07-May-19 09:00:00 am,57.2
07-May-19 01:00:00 pm,55.5
07-May-19 05:00:00 pm,60.6
07-May-19 09:00:00 pm,64.0
08-May-19 01:00:00 am,63.7
08-May-19 05:00:00 am,58.6
08-May-19 09:00:00 am,56.2
08-May-19 01:00:00 pm,54.2
08-May-19 05:00:00 pm,60.6
08-May-19 09:00:00 pm,64.5
09-May-19 01:00:00 am,64.0
09-May-19 05:00:00 am,59.5
09-May-19 09:00:00 am,54.8
09-May-19 01:00:00 pm,55.4
09-May-19 05:00:00 pm,64.6
09-May-19 09:00:00 pm,67.1
10-May-19 01:00:00 am,65.0
10-May-19 05:00:00 am,59.1
10-May-19 09:00:00 am,57.0
10-May-19 01:00:00 pm,54.8
10-May-19 05:00:00 pm,65.1
10-May-19 09:00:00 pm,72.5
11-May-19 01:00:00 am,68.4
11-May-19 05:00:00 am,66.0
11-May-19 09:00:00 am,76.4
11-May-19 01:00:00 pm,72.0
11-May-19 05:00:00 pm,61.7
11-May-19 09:00:00 pm,63.4
12-May-19 01:00:00 am,64.8
12-May-19 05:00:00 am,64.9
12-May-19 09:00:00 am,66.1
12-May-19 01:00:00 pm,72.4
12-May-19 05:00:00 pm,69.7
12-May-19 09:00:00 pm,66.4
13-May-19 01:00:00 am,63.6
13-May-19 05:00:00 am,58.9
13-May-19 09:00:00 am,55.5
13-May-19 01:00:00 pm,57.6
13-May-19 05:00:00 pm,61.5
13-May-19 09:00:00 pm,62.0
14-May-19 01:00:00 am,62.8
14-May-19 05:00:00 am,64.1
14-May-19 09:00:00 am,58.8
14-May-19 01:00:00 pm,57.6
14-May-19 05:00:00 pm,60.8
14-May-19 09:00:00 pm,61.4
15-May-19 01:00:00 am,62.5
15-May-19 05:00:00 am,64.5
15-May-19 09:00:00 am,59.5
15-May-19 01:00:00 pm,55.7
15-May-19 05:00:00 pm,61.5
15-May-19 09:00:00 pm,62.0
16-May-19 01:00:00 am,62.7
16-May-19 05:00:00 am,66.5
16-May-19 09:00:00 am,56.1
16-May-19 01:00:00 pm,57.1
16-May-19 05:00:00 pm,60.7
16-May-19 09:00:00 pm,60.9
17-May-19 01:00:00 am,62.2
17-May-19 05:00:00 am,63.8
17-May-19 09:00:00 am,59.2
17-May-19 01:00:00 pm,56.2
17-May-19 05:00:00 pm,61.1
17-May-19 09:00:00 pm,65.0
18-May-19 01:00:00 am,64.2
18-May-19 05:00:00 am,63.5
18-May-19 09:00:00 am,71.0
18-May-19 01:00:00 pm,85.0
18-May-19 05:00:00 pm,82.4
18-May-19 09:00:00 pm,71.1
19-May-19 01:00:00 am,66.9
19-May-19 05:00:00 am,66.3
19-May-19 09:00:00 am,66.1
19-May-19 01:00:00 pm,80.7
19-May-19 05:00:00 pm,74.8
19-May-19 09:00:00 pm,67.4
20-May-19 01:00:00 am,66.5
20-May-19 05:00:00 am,58.1
20-May-19 09:00:00 am,56.3
20-May-19 01:00:00 pm,54.9
20-May-19 05:00:00 pm,58.9
20-May-19 09:00:00 pm,58.5
21-May-19 01:00:00 am,60.8
21-May-19 05:00:00 am,63.5
21-May-19 09:00:00 am,62.3
21-May-19 01:00:00 pm,57.1
21-May-19 05:00:00 pm,62.4
21-May-19 09:00:00 pm,62.6
22-May-19 01:00:00 am,62.3
22-May-19 05:00:00 am,61.3
22-May-19 09:00:00 am,56.3
22-May-19 01:00:00 pm,54.9
22-May-19 05:00:00 pm,60.7
22-May-19 09:00:00 pm,65.6
23-May-19 01:00:00 am,66.0
23-May-19 05:00:00 am,58.8
23-May-19 09:00:00 am,55.6
23-May-19 01:00:00 pm,55.1
23-May-19 05:00:00 pm,62.5
23-May-19 09:00:00 pm,67.6
24-May-19 01:00:00 am,65.4
24-May-19 05:00:00 am,58.6
24-May-19 09:00:00 am,57.7
24-May-19 01:00:00 pm,56.5
24-May-19 05:00:00 pm,61.6
24-May-19 09:00:00 pm,64.9
25-May-19 01:00:00 am,64.6
25-May-19 05:00:00 am,64.2
25-May-19 09:00:00 am,64.8
25-May-19 01:00:00 pm,64.8
25-May-19 05:00:00 pm,65.6
25-May-19 09:00:00 pm,63.6
26-May-19 01:00:00 am,63.1
26-May-19 05:00:00 am,62.8
26-May-19 09:00:00 am,65.4
26-May-19 01:00:00 pm,75.3
26-May-19 05:00:00 pm,80.4
26-May-19 09:00:00 pm,72.7
27-May-19 01:00:00 am,67.2
27-May-19 05:00:00 am,62.0
27-May-19 09:00:00 am,55.8
27-May-19 01:00:00 pm,54.4
27-May-19 05:00:00 pm,61.4
27-May-19 09:00:00 pm,67.6
28-May-19 01:00:00 am,65.2
28-May-19 05:00:00 am,61.1
28-May-19 09:00:00 am,56.8
28-May-19 01:00:00 pm,57.2
28-May-19 05:00:00 pm,61.9
28-May-19 09:00:00 pm,64.0
29-May-19 01:00:00 am,64.0
29-May-19 05:00:00 am,60.2
29-May-19 09:00:00 am,58.1
29-May-19 01:00:00 pm,55.1
29-May-19 05:00:00 pm,63.8
29-May-19 09:00:00 pm,67.8
30-May-19 01:00:00 am,65.1
30-May-19 05:00:00 am,60.3
30-May-19 09:00:00 am,56.3
30-May-19 01:00:00 pm,53.2
30-May-19 05:00:00 pm,62.1
30-May-19 09:00:00 pm,69.0
31-May-19 01:00:00 am,66.3
31-May-19 05:00:00 am,59.4
31-May-19 09:00:00 am,56.9
31-May-19 01:00:00 pm,55.0
31-May-19 05:00:00 pm,62.1
31-May-19 09:00:00 pm,68.8
01-Jun-19 01:00:00 am,65.5
01-Jun-19 05:00:00 am,64.5
01-Jun-19 09:00:00 am,65.1
01-Jun-19 01:00:00 pm,76.5
01-Jun-19 05:00:00 pm,69.2
01-Jun-19 09:00:00 pm,63.2
02-Jun-19 01:00:00 am,64.1
02-Jun-19 05:00:00 am,63.5
02-Jun-19 09:00:00 am,72.9
02-Jun-19 01:00:00 pm,78.3
02-Jun-19 05:00:00 pm,61.3
02-Jun-19 09:00:00 pm,66.8
03-Jun-19 01:00:00 am,66.8
03-Jun-19 05:00:00 am,53.1
03-Jun-19 09:00:00 am,53.1
03-Jun-19 01:00:00 pm,58.4
03-Jun-19 05:00:00 pm,61.0
03-Jun-19 09:00:00 pm,66.6
04-Jun-19 01:00:00 am,63.6
04-Jun-19 05:00:00 am,59.8
04-Jun-19 09:00:00 am,55.5
04-Jun-19 01:00:00 pm,55.8
04-Jun-19 05:00:00 pm,62.7
04-Jun-19 09:00:00 pm,65.1
05-Jun-19 01:00:00 am,64.8
05-Jun-19 05:00:00 am,58.8
05-Jun-19 09:00:00 am,54.9
05-Jun-19 01:00:00 pm,55.7
05-Jun-19 05:00:00 pm,66.2
05-Jun-19 09:00:00 pm,64.0
06-Jun-19 01:00:00 am,63.1
06-Jun-19 05:00:00 am,60.3
06-Jun-19 09:00:00 am,52.4
06-Jun-19 01:00:00 pm,55.5
06-Jun-19 05:00:00 pm,61.4
06-Jun-19 09:00:00 pm,62.2
07-Jun-19 01:00:00 am,60.4
07-Jun-19 05:00:00 am,60.9
07-Jun-19 09:00:00 am,56.9
07-Jun-19 01:00:00 pm,49.1
07-Jun-19 05:00:00 pm,55.6
07-Jun-19 09:00:00 pm,61.9
08-Jun-19 01:00:00 am,62.4
08-Jun-19 05:00:00 am,63.3
08-Jun-19 09:00:00 am,67.6
08-Jun-19 01:00:00 pm,76.3
08-Jun-19 05:00:00 pm,78.8
08-Jun-19 09:00:00 pm,70.6
09-Jun-19 01:00:00 am,64.6
09-Jun-19 05:00:00 am,62.4
09-Jun-19 09:00:00 am,70.4
09-Jun-19 01:00:00 pm,82.6
09-Jun-19 05:00:00 pm,84.5
09-Jun-19 09:00:00 pm,64.2
10-Jun-19 01:00:00 am,63.1
10-Jun-19 05:00:00 am,60.7
10-Jun-19 09:00:00 am,57.3
10-Jun-19 01:00:00 pm,55.5
10-Jun-19 05:00:00 pm,62.3
10-Jun-19 09:00:00 pm,66.0
11-Jun-19 01:00:00 am,65.2
11-Jun-19 05:00:00 am,58.5
11-Jun-19 09:00:00 am,54.9
11-Jun-19 01:00:00 pm,55.3
11-Jun-19 05:00:00 pm,63.2
11-Jun-19 09:00:00 pm,67.4
12-Jun-19 01:00:00 am,67.7
12-Jun-19 05:00:00 am,56.3
12-Jun-19 09:00:00 am,55.3
12-Jun-19 01:00:00 pm,54.8
12-Jun-19 05:00:00 pm,64.5
12-Jun-19 09:00:00 pm,65.8
13-Jun-19 01:00:00 am,67.4
13-Jun-19 05:00:00 am,56.7
13-Jun-19 09:00:00 am,55.4
13-Jun-19 01:00:00 pm,55.6
13-Jun-19 05:00:00 pm,63.4
13-Jun-19 09:00:00 pm,65.8
14-Jun-19 01:00:00 am,66.4
14-Jun-19 05:00:00 am,58.8
14-Jun-19 09:00:00 am,56.6
14-Jun-19 01:00:00 pm,56.8
14-Jun-19 05:00:00 pm,62.5
14-Jun-19 09:00:00 pm,67.6
15-Jun-19 01:00:00 am,65.1
15-Jun-19 05:00:00 am,66.1
15-Jun-19 09:00:00 am,68.9
15-Jun-19 01:00:00 pm,78.1
15-Jun-19 05:00:00 pm,82.3
15-Jun-19 09:00:00 pm,76.4
16-Jun-19 01:00:00 am,69.7
16-Jun-19 05:00:00 am,66.7
16-Jun-19 09:00:00 am,73.4
16-Jun-19 01:00:00 pm,86.3
16-Jun-19 05:00:00 pm,61.2
16-Jun-19 09:00:00 pm,68.3
17-Jun-19 01:00:00 am,66.4
17-Jun-19 05:00:00 am,56.2
17-Jun-19 09:00:00 am,55.7
17-Jun-19 01:00:00 pm,55.1
17-Jun-19 05:00:00 pm,62.8
17-Jun-19 09:00:00 pm,67.7
18-Jun-19 01:00:00 am,69.2
18-Jun-19 05:00:00 am,56.9
18-Jun-19 09:00:00 am,56.1
18-Jun-19 01:00:00 pm,56.4
18-Jun-19 05:00:00 pm,61.4
18-Jun-19 09:00:00 pm,66.4
19-Jun-19 01:00:00 am,65.5
19-Jun-19 05:00:00 am,60.1
19-Jun-19 09:00:00 am,55.7
19-Jun-19 01:00:00 pm,56.5
19-Jun-19 05:00:00 pm,61.1
19-Jun-19 09:00:00 pm,60.4
20-Jun-19 01:00:00 am,61.7
20-Jun-19 05:00:00 am,60.5
20-Jun-19 09:00:00 am,58.1
20-Jun-19 01:00:00 pm,54.7
20-Jun-19 05:00:00 pm,66.2
20-Jun-19 09:00:00 pm,64.5
21-Jun-19 01:00:00 am,64.9
21-Jun-19 05:00:00 am,60.8
21-Jun-19 09:00:00 am,55.7
21-Jun-19 01:00:00 pm,54.0
21-Jun-19 05:00:00 pm,61.7
21-Jun-19 09:00:00 pm,67.8
22-Jun-19 01:00:00 am,65.3
22-Jun-19 05:00:00 am,65.4
22-Jun-19 09:00:00 am,67.4
22-Jun-19 01:00:00 pm,70.0
22-Jun-19 05:00:00 pm,72.6
22-Jun-19 09:00:00 pm,70.5
23-Jun-19 01:00:00 am,68.5
23-Jun-19 05:00:00 am,67.0
23-Jun-19 09:00:00 am,67.2
23-Jun-19 01:00:00 pm,70.2
23-Jun-19 05:00:00 pm,69.7
23-Jun-19 09:00:00 pm,66.6
24-Jun-19 01:00:00 am,64.6
24-Jun-19 05:00:00 am,68.3
24-Jun-19 09:00:00 am,58.1
24-Jun-19 01:00:00 pm,57.0
24-Jun-19 05:00:00 pm,65.1
24-Jun-19 09:00:00 pm,67.6
25-Jun-19 01:00:00 am,63.3
25-Jun-19 05:00:00 am,59.7
25-Jun-19 09:00:00 am,57.1
25-Jun-19 01:00:00 pm,53.9
25-Jun-19 05:00:00 pm,63.9
25-Jun-19 09:00:00 pm,65.3
26-Jun-19 01:00:00 am,64.7
26-Jun-19 05:00:00 am,61.9
26-Jun-19 09:00:00 am,56.5
26-Jun-19 01:00:00 pm,57.2
26-Jun-19 05:00:00 pm,62.7
26-Jun-19 09:00:00 pm,63.4
27-Jun-19 01:00:00 am,65.1
27-Jun-19 05:00:00 am,59.8
27-Jun-19 09:00:00 am,55.6
27-Jun-19 01:00:00 pm,57.0
27-Jun-19 05:00:00 pm,65.4
27-Jun-19 09:00:00 pm,65.4
28-Jun-19 01:00:00 am,65.4
28-Jun-19 05:00:00 am,60.8
28-Jun-19 09:00:00 am,58.7
28-Jun-19 01:00:00 pm,57.8
28-Jun-19 05:00:00 pm,61.8
28-Jun-19 09:00:00 pm,65.5
29-Jun-19 01:00:00 am,63.9
29-Jun-19 05:00:00 am,64.4
29-Jun-19 09:00:00 am,72.6
29-Jun-19 01:00:00 pm,74.8
29-Jun-19 05:00:00 pm,63.6
29-Jun-19 09:00:00 pm,66.6
30-Jun-19 01:00:00 am,65.2
30-Jun-19 05:00:00 am,63.8
30-Jun-19 09:00:00 am,74.4
30-Jun-19 01:00:00 pm,78.3
30-Jun-19 05:00:00 pm,63.2
30-Jun-19 09:00:00 pm,67.9
01-Jul-19 01:00:00 am,65.9
01-Jul-19 05:00:00 am,56.3
01-Jul-19 09:00:00 am,56.1
01-Jul-19 01:00:00 pm,55.3
01-Jul-19 05:00:00 pm,63.3
01-Jul-19 09:00:00 pm,67.0
02-Jul-19 01:00:00 am,67.6
02-Jul-19 05:00:00 am,58.4
02-Jul-19 09:00:00 am,56.0
02-Jul-19 01:00:00 pm,56.9
02-Jul-19 05:00:00 pm,60.5
02-Jul-19 09:00:00 pm,61.9
03-Jul-19 01:00:00 am,64.8
03-Jul-19 05:00:00 am,61.1
03-Jul-19 09:00:00 am,62.9
03-Jul-19 01:00:00 pm,57.5
03-Jul-19 05:00:00 pm,61.8
03-Jul-19 09:00:00 pm,64.5
04-Jul-19 01:00:00 am,64.5
04-Jul-19 05:00:00 am,59.2
04-Jul-19 09:00:00 am,56.5
04-Jul-19 01:00:00 pm,54.6
04-Jul-19 05:00:00 pm,62.6
04-Jul-19 09:00:00 pm,68.6
05-Jul-19 01:00:00 am,66.3
05-Jul-19 05:00:00 am,59.7
05-Jul-19 09:00:00 am,56.9
05-Jul-19 01:00:00 pm,54.4
05-Jul-19 05:00:00 pm,62.0
05-Jul-19 09:00:00 pm,68.1
06-Jul-19 01:00:00 am,67.5
06-Jul-19 05:00:00 am,67.1
06-Jul-19 09:00:00 am,71.8
06-Jul-19 01:00:00 pm,78.3
06-Jul-19 05:00:00 pm,79.3
06-Jul-19 09:00:00 pm,73.8
07-Jul-19 01:00:00 am,70.1
07-Jul-19 05:00:00 am,69.2
07-Jul-19 09:00:00 am,71.8
07-Jul-19 01:00:00 pm,75.3
07-Jul-19 05:00:00 pm,75.0
07-Jul-19 09:00:00 pm,71.3
08-Jul-19 01:00:00 am,69.4
08-Jul-19 05:00:00 am,61.7
08-Jul-19 09:00:00 am,57.1
08-Jul-19 01:00:00 pm,54.5
08-Jul-19 05:00:00 pm,62.3
08-Jul-19 09:00:00 pm,65.7
09-Jul-19 01:00:00 am,65.3
09-Jul-19 05:00:00 am,59.6
09-Jul-19 09:00:00 am,55.8
09-Jul-19 01:00:00 pm,54.0
09-Jul-19 05:00:00 pm,63.3
09-Jul-19 09:00:00 pm,66.2
10-Jul-19 01:00:00 am,67.7
10-Jul-19 05:00:00 am,59.4
10-Jul-19 09:00:00 am,56.0
10-Jul-19 01:00:00 pm,54.9
10-Jul-19 05:00:00 pm,64.5
10-Jul-19 09:00:00 pm,66.1
11-Jul-19 01:00:00 am,67.7
11-Jul-19 05:00:00 am,60.1
11-Jul-19 09:00:00 am,55.8
11-Jul-19 01:00:00 pm,54.0
11-Jul-19 05:00:00 pm,62.0
11-Jul-19 09:00:00 pm,66.2
12-Jul-19 01:00:00 am,66.0
12-Jul-19 05:00:00 am,60.1
12-Jul-19 09:00:00 am,55.9
12-Jul-19 01:00:00 pm,55.2
12-Jul-19 05:00:00 pm,63.9
12-Jul-19 09:00:00 pm,71.0
13-Jul-19 01:00:00 am,68.1
13-Jul-19 05:00:00 am,68.7
13-Jul-19 09:00:00 am,74.5
13-Jul-19 01:00:00 pm,76.8
13-Jul-19 05:00:00 pm,63.3
13-Jul-19 09:00:00 pm,66.0
14-Jul-19 01:00:00 am,68.7
14-Jul-19 05:00:00 am,68.6
14-Jul-19 09:00:00 am,74.4
14-Jul-19 01:00:00 pm,71.7
14-Jul-19 05:00:00 pm,59.6
14-Jul-19 09:00:00 pm,66.3
15-Jul-19 01:00:00 am,68.0
15-Jul-19 05:00:00 am,57.2
15-Jul-19 09:00:00 am,56.3
15-Jul-19 01:00:00 pm,55.1
15-Jul-19 05:00:00 pm,61.2
15-Jul-19 09:00:00 pm,66.2
16-Jul-19 01:00:00 am,68.3
16-Jul-19 05:00:00 am,59.1
16-Jul-19 09:00:00 am,55.1
16-Jul-19 01:00:00 pm,55.3
16-Jul-19 05:00:00 pm,63.9
16-Jul-19 09:00:00 pm,67.9
17-Jul-19 01:00:00 am,68.6
17-Jul-19 05:00:00 am,57.4
17-Jul-19 09:00:00 am,56.6
17-Jul-19 01:00:00 pm,55.2
17-Jul-19 05:00:00 pm,60.5
17-Jul-19 09:00:00 pm,67.8
18-Jul-19 01:00:00 am,66.2
18-Jul-19 05:00:00 am,65.3
18-Jul-19 09:00:00 am,59.2
18-Jul-19 01:00:00 pm,55.4
18-Jul-19 05:00:00 pm,59.5
18-Jul-19 09:00:00 pm,64.3
19-Jul-19 01:00:00 am,64.0
19-Jul-19 05:00:00 am,63.1
19-Jul-19 09:00:00 am,58.9
19-Jul-19 01:00:00 pm,56.6
19-Jul-19 05:00:00 pm,61.5
19-Jul-19 09:00:00 pm,66.0
20-Jul-19 01:00:00 am,62.3
20-Jul-19 05:00:00 am,61.3
20-Jul-19 09:00:00 am,71.6
20-Jul-19 01:00:00 pm,85.3
20-Jul-19 05:00:00 pm,66.2
20-Jul-19 09:00:00 pm,67.0
21-Jul-19 01:00:00 am,66.3
21-Jul-19 05:00:00 am,64.7
21-Jul-19 09:00:00 am,75.8
21-Jul-19 01:00:00 pm,72.0
21-Jul-19 05:00:00 pm,61.3
21-Jul-19 09:00:00 pm,67.5
22-Jul-19 01:00:00 am,66.5
22-Jul-19 05:00:00 am,55.7
22-Jul-19 09:00:00 am,54.3
22-Jul-19 01:00:00 pm,55.1
22-Jul-19 05:00:00 pm,63.4
22-Jul-19 09:00:00 pm,70.9
23-Jul-19 01:00:00 am,68.2
23-Jul-19 05:00:00 am,57.8
23-Jul-19 09:00:00 am,57.1
23-Jul-19 01:00:00 pm,54.5
23-Jul-19 05:00:00 pm,61.4
23-Jul-19 09:00:00 pm,68.4
24-Jul-19 01:00:00 am,68.2
24-Jul-19 05:00:00 am,58.6
24-Jul-19 09:00:00 am,54.9
24-Jul-19 01:00:00 pm,54.0
24-Jul-19 05:00:00 pm,62.2
24-Jul-19 09:00:00 pm,69.4
25-Jul-19 01:00:00 am,66.0
25-Jul-19 05:00:00 am,60.1
25-Jul-19 09:00:00 am,55.5
25-Jul-19 01:00:00 pm,54.5
25-Jul-19 05:00:00 pm,64.0
25-Jul-19 09:00:00 pm,71.9
26-Jul-19 01:00:00 am,68.9
26-Jul-19 05:00:00 am,56.6
26-Jul-19 09:00:00 am,55.0
26-Jul-19 01:00:00 pm,55.0
26-Jul-19 05:00:00 pm,62.8
26-Jul-19 09:00:00 pm,72.7
27-Jul-19 01:00:00 am,71.5
27-Jul-19 05:00:00 am,71.2
27-Jul-19 09:00:00 am,73.3
27-Jul-19 01:00:00 pm,77.9
27-Jul-19 05:00:00 pm,70.6
27-Jul-19 09:00:00 pm,69.5
28-Jul-19 01:00:00 am,66.9
28-Jul-19 05:00:00 am,65.3
28-Jul-19 09:00:00 am,74.0
28-Jul-19 01:00:00 pm,73.7
28-Jul-19 05:00:00 pm,61.0
28-Jul-19 09:00:00 pm,65.7
29-Jul-19 01:00:00 am,65.2
29-Jul-19 05:00:00 am,56.9
29-Jul-19 09:00:00 am,54.7
29-Jul-19 01:00:00 pm,54.8
29-Jul-19 05:00:00 pm,64.4
29-Jul-19 09:00:00 pm,70.8
30-Jul-19 01:00:00 am,66.6
30-Jul-19 05:00:00 am,57.1
30-Jul-19 09:00:00 am,55.3
30-Jul-19 01:00:00 pm,55.4
30-Jul-19 05:00:00 pm,61.3
30-Jul-19 09:00:00 pm,68.6
31-Jul-19 01:00:00 am,66.3
31-Jul-19 05:00:00 am,59.1
31-Jul-19 09:00:00 am,56.1
31-Jul-19 01:00:00 pm,55.1
31-Jul-19 05:00:00 pm,65.4
31-Jul-19 09:00:00 pm,72.7
01-Aug-19 01:00:00 am,67.9
01-Aug-19 05:00:00 am,56.8
01-Aug-19 09:00:00 am,55.4
01-Aug-19 01:00:00 pm,55.2
01-Aug-19 05:00:00 pm,64.3
01-Aug-19 09:00:00 pm,74.3
02-Aug-19 01:00:00 am,70.5
02-Aug-19 05:00:00 am,55.0
02-Aug-19 09:00:00 am,54.7
02-Aug-19 01:00:00 pm,55.6
02-Aug-19 05:00:00 pm,62.2
02-Aug-19 09:00:00 pm,70.0
03-Aug-19 01:00:00 am,68.1
03-Aug-19 05:00:00 am,65.8
03-Aug-19 09:00:00 am,73.8
03-Aug-19 01:00:00 pm,72.6
03-Aug-19 05:00:00 pm,63.1
03-Aug-19 09:00:00 pm,62.9
04-Aug-19 01:00:00 am,66.7
04-Aug-19 05:00:00 am,66.4
04-Aug-19 09:00:00 am,76.1
04-Aug-19 01:00:00 pm,64.1
04-Aug-19 05:00:00 pm,61.4
04-Aug-19 09:00:00 pm,63.1
05-Aug-19 01:00:00 am,66.5
05-Aug-19 05:00:00 am,55.9
05-Aug-19 09:00:00 am,55.3
05-Aug-19 01:00:00 pm,54.6
05-Aug-19 05:00:00 pm,62.8
05-Aug-19 09:00:00 pm,72.3
06-Aug-19 01:00:00 am,68.1
06-Aug-19 05:00:00 am,56.7
06-Aug-19 09:00:00 am,54.5
06-Aug-19 01:00:00 pm,54.7
06-Aug-19 05:00:00 pm,63.4
06-Aug-19 09:00:00 pm,71.4
07-Aug-19 01:00:00 am,67.7
07-Aug-19 05:00:00 am,56.4
07-Aug-19 09:00:00 am,56.8
07-Aug-19 01:00:00 pm,54.8
07-Aug-19 05:00:00 pm,62.9
07-Aug-19 09:00:00 pm,70.8
08-Aug-19 01:00:00 am,68.6
08-Aug-19 05:00:00 am,57.4
08-Aug-19 09:00:00 am,57.1
08-Aug-19 01:00:00 pm,55.4
08-Aug-19 05:00:00 pm,62.6
08-Aug-19 09:00:00 pm,68.4
09-Aug-19 01:00:00 am,69.2
09-Aug-19 05:00:00 am,59.3
09-Aug-19 09:00:00 am,56.0
09-Aug-19 01:00:00 pm,54.8
09-Aug-19 05:00:00 pm,60.8
09-Aug-19 09:00:00 pm,68.4
10-Aug-19 01:00:00 am,69.4
10-Aug-19 05:00:00 am,68.8
10-Aug-19 09:00:00 am,70.5
10-Aug-19 01:00:00 pm,78.8
10-Aug-19 05:00:00 pm,74.8
10-Aug-19 09:00:00 pm,68.6
11-Aug-19 01:00:00 am,67.8
11-Aug-19 05:00:00 am,69.2
11-Aug-19 09:00:00 am,71.1
11-Aug-19 01:00:00 pm,76.5
11-Aug-19 05:00:00 pm,76.6
11-Aug-19 09:00:00 pm,73.4
12-Aug-19 01:00:00 am,69.5
12-Aug-19 05:00:00 am,55.8
12-Aug-19 09:00:00 am,53.8
12-Aug-19 01:00:00 pm,55.8
12-Aug-19 05:00:00 pm,63.0
12-Aug-19 09:00:00 pm,64.7
13-Aug-19 01:00:00 am,65.8
13-Aug-19 05:00:00 am,56.7
13-Aug-19 09:00:00 am,54.7
13-Aug-19 01:00:00 pm,55.1
13-Aug-19 05:00:00 pm,61.9
13-Aug-19 09:00:00 pm,70.6
14-Aug-19 01:00:00 am,68.4
14-Aug-19 05:00:00 am,56.1
14-Aug-19 09:00:00 am,54.4
14-Aug-19 01:00:00 pm,54.9
14-Aug-19 05:00:00 pm,62.6
14-Aug-19 09:00:00 pm,71.4
15-Aug-19 01:00:00 am,68.6
15-Aug-19 05:00:00 am,56.1
15-Aug-19 09:00:00 am,54.8
15-Aug-19 01:00:00 pm,54.8
15-Aug-19 05:00:00 pm,64.2
15-Aug-19 09:00:00 pm,71.4
16-Aug-19 01:00:00 am,68.9
16-Aug-19 05:00:00 am,57.4
16-Aug-19 09:00:00 am,55.4
16-Aug-19 01:00:00 pm,55.5
16-Aug-19 05:00:00 pm,62.4
16-Aug-19 09:00:00 pm,68.3
17-Aug-19 01:00:00 am,68.5
17-Aug-19 05:00:00 am,68.5
17-Aug-19 09:00:00 am,71.8
17-Aug-19 01:00:00 pm,78.3
17-Aug-19 05:00:00 pm,78.9
17-Aug-19 09:00:00 pm,73.0
18-Aug-19 01:00:00 am,70.3
18-Aug-19 05:00:00 am,69.5
18-Aug-19 09:00:00 am,73.0
18-Aug-19 01:00:00 pm,81.4
18-Aug-19 05:00:00 pm,61.4
18-Aug-19 09:00:00 pm,63.9
19-Aug-19 01:00:00 am,66.5
19-Aug-19 05:00:00 am,56.9
19-Aug-19 09:00:00 am,57.6
19-Aug-19 01:00:00 pm,54.6
19-Aug-19 05:00:00 pm,60.7
19-Aug-19 09:00:00 pm,64.3
20-Aug-19 01:00:00 am,64.0
20-Aug-19 05:00:00 am,64.0
20-Aug-19 09:00:00 am,55.5
20-Aug-19 01:00:00 pm,55.0
20-Aug-19 05:00:00 pm,62.4
20-Aug-19 09:00:00 pm,67.0
21-Aug-19 01:00:00 am,67.5
21-Aug-19 05:00:00 am,57.0
21-Aug-19 09:00:00 am,55.2
21-Aug-19 01:00:00 pm,55.8
21-Aug-19 05:00:00 pm,62.7
21-Aug-19 09:00:00 pm,65.7
22-Aug-19 01:00:00 am,65.8
22-Aug-19 05:00:00 am,60.8
22-Aug-19 09:00:00 am,57.4
22-Aug-19 01:00:00 pm,53.8
22-Aug-19 05:00:00 pm,60.1
22-Aug-19 09:00:00 pm,65.3
23-Aug-19 01:00:00 am,64.3
23-Aug-19 05:00:00 am,58.8
23-Aug-19 09:00:00 am,55.3
23-Aug-19 01:00:00 pm,54.5
23-Aug-19 05:00:00 pm,60.6
23-Aug-19 09:00:00 pm,66.6
24-Aug-19 01:00:00 am,67.0
24-Aug-19 05:00:00 am,66.4
24-Aug-19 09:00:00 am,71.6
24-Aug-19 01:00:00 pm,80.0
24-Aug-19 05:00:00 pm,73.1
24-Aug-19 09:00:00 pm,69.2
25-Aug-19 01:00:00 am,68.6
25-Aug-19 05:00:00 am,69.0
25-Aug-19 09:00:00 am,72.8
25-Aug-19 01:00:00 pm,74.3
25-Aug-19 05:00:00 pm,62.2
25-Aug-19 09:00:00 pm,66.9
26-Aug-19 01:00:00 am,64.5
26-Aug-19 05:00:00 am,56.0
26-Aug-19 09:00:00 am,57.5
26-Aug-19 01:00:00 pm,55.6
26-Aug-19 05:00:00 pm,60.1
26-Aug-19 09:00:00 pm,65.9
27-Aug-19 01:00:00 am,65.1
27-Aug-19 05:00:00 am,58.6
27-Aug-19 09:00:00 am,55.3
27-Aug-19 01:00:00 pm,55.0
27-Aug-19 05:00:00 pm,62.4
27-Aug-19 09:00:00 pm,70.8
28-Aug-19 01:00:00 am,67.0
28-Aug-19 05:00:00 am,56.6
28-Aug-19 09:00:00 am,56.4
28-Aug-19 01:00:00 pm,54.7
28-Aug-19 05:00:00 pm,63.4
28-Aug-19 09:00:00 pm,62.1
29-Aug-19 01:00:00 am,64.9
29-Aug-19 05:00:00 am,56.5
29-Aug-19 09:00:00 am,55.4
29-Aug-19 01:00:00 pm,55.2
29-Aug-19 05:00:00 pm,59.7
29-Aug-19 09:00:00 pm,64.9
30-Aug-19 01:00:00 am,67.7
30-Aug-19 05:00:00 am,58.1
30-Aug-19 09:00:00 am,55.9
30-Aug-19 01:00:00 pm,55.3
30-Aug-19 05:00:00 pm,61.1
30-Aug-19 09:00:00 pm,67.7
31-Aug-19 01:00:00 am,66.8
31-Aug-19 05:00:00 am,67.8
31-Aug-19 09:00:00 am,72.6
31-Aug-19 01:00:00 pm,79.8
31-Aug-19 05:00:00 pm,73.9
31-Aug-19 09:00:00 pm,69.4
01-Sep-19 01:00:00 am,69.4
01-Sep-19 05:00:00 am,71.2
01-Sep-19 09:00:00 am,74.7
01-Sep-19 01:00:00 pm,72.2
01-Sep-19 05:00:00 pm,62.6
01-Sep-19 09:00:00 pm,64.2
02-Sep-19 01:00:00 am,65.4
02-Sep-19 05:00:00 am,56.6
02-Sep-19 09:00:00 am,55.8
02-Sep-19 01:00:00 pm,55.0
02-Sep-19 05:00:00 pm,61.7
02-Sep-19 09:00:00 pm,68.4
03-Sep-19 01:00:00 am,67.2
03-Sep-19 05:00:00 am,59.5
03-Sep-19 09:00:00 am,55.0
03-Sep-19 01:00:00 pm,54.7
03-Sep-19 05:00:00 pm,62.5
03-Sep-19 09:00:00 pm,65.6
04-Sep-19 01:00:00 am,66.9
04-Sep-19 05:00:00 am,56.7
04-Sep-19 09:00:00 am,55.6
04-Sep-19 01:00:00 pm,55.3
04-Sep-19 05:00:00 pm,61.2
04-Sep-19 09:00:00 pm,64.7
05-Sep-19 01:00:00 am,64.6
05-Sep-19 05:00:00 am,59.1
05-Sep-19 09:00:00 am,55.7
05-Sep-19 01:00:00 pm,55.0
05-Sep-19 05:00:00 pm,61.0
05-Sep-19 09:00:00 pm,67.0
06-Sep-19 01:00:00 am,67.6
06-Sep-19 05:00:00 am,57.2
06-Sep-19 09:00:00 am,54.9
06-Sep-19 01:00:00 pm,54.9
06-Sep-19 05:00:00 pm,62.0
06-Sep-19 09:00:00 pm,68.6
07-Sep-19 01:00:00 am,69.9
07-Sep-19 05:00:00 am,70.3
07-Sep-19 09:00:00 am,71.6
07-Sep-19 01:00:00 pm,74.6
07-Sep-19 05:00:00 pm,73.7
07-Sep-19 09:00:00 pm,70.5
08-Sep-19 01:00:00 am,68.9
08-Sep-19 05:00:00 am,68.0
08-Sep-19 09:00:00 am,69.3
08-Sep-19 01:00:00 pm,70.7
08-Sep-19 05:00:00 pm,73.3
08-Sep-19 09:00:00 pm,70.5
09-Sep-19 01:00:00 am,69.4
09-Sep-19 05:00:00 am,60.6
09-Sep-19 09:00:00 am,56.0
09-Sep-19 01:00:00 pm,56.2
09-Sep-19 05:00:00 pm,60.4
09-Sep-19 09:00:00 pm,64.5
10-Sep-19 01:00:00 am,65.2
10-Sep-19 05:00:00 am,58.0
10-Sep-19 09:00:00 am,58.2
10-Sep-19 01:00:00 pm,53.7
10-Sep-19 05:00:00 pm,60.0
10-Sep-19 09:00:00 pm,64.9
11-Sep-19 01:00:00 am,64.4
11-Sep-19 05:00:00 am,60.3
11-Sep-19 09:00:00 am,56.4
11-Sep-19 01:00:00 pm,54.5
11-Sep-19 05:00:00 pm,60.1
11-Sep-19 09:00:00 pm,65.8
12-Sep-19 01:00:00 am,65.7
12-Sep-19 05:00:00 am,60.9
12-Sep-19 09:00:00 am,55.9
12-Sep-19 01:00:00 pm,54.5
12-Sep-19 05:00:00 pm,61.1
12-Sep-19 09:00:00 pm,67.8
13-Sep-19 01:00:00 am,67.7
13-Sep-19 05:00:00 am,60.4
13-Sep-19 09:00:00 am,55.5
13-Sep-19 01:00:00 pm,55.1
13-Sep-19 05:00:00 pm,60.3
13-Sep-19 09:00:00 pm,67.6
14-Sep-19 01:00:00 am,68.2
14-Sep-19 05:00:00 am,68.0
14-Sep-19 09:00:00 am,69.8
14-Sep-19 01:00:00 pm,71.9
14-Sep-19 05:00:00 pm,71.7
14-Sep-19 09:00:00 pm,69.4
15-Sep-19 01:00:00 am,68.0
15-Sep-19 05:00:00 am,67.3
15-Sep-19 09:00:00 am,67.3
15-Sep-19 01:00:00 pm,68.5
15-Sep-19 05:00:00 pm,68.6
15-Sep-19 09:00:00 pm,66.2
16-Sep-19 01:00:00 am,64.2
16-Sep-19 05:00:00 am,67.0
16-Sep-19 09:00:00 am,57.6
16-Sep-19 01:00:00 pm,55.3
16-Sep-19 05:00:00 pm,59.5
16-Sep-19 09:00:00 pm,64.1
17-Sep-19 01:00:00 am,64.3
17-Sep-19 05:00:00 am,62.2
17-Sep-19 09:00:00 am,60.3
17-Sep-19 01:00:00 pm,56.8
17-Sep-19 05:00:00 pm,60.5
17-Sep-19 09:00:00 pm,63.8
18-Sep-19 01:00:00 am,64.0
18-Sep-19 05:00:00 am,62.1
18-Sep-19 09:00:00 am,59.4
18-Sep-19 01:00:00 pm,54.6
18-Sep-19 05:00:00 pm,59.0
18-Sep-19 09:00:00 pm,62.8
19-Sep-19 01:00:00 am,61.9
19-Sep-19 05:00:00 am,64.8
19-Sep-19 09:00:00 am,57.8
19-Sep-19 01:00:00 pm,54.7
19-Sep-19 05:00:00 pm,62.4
19-Sep-19 09:00:00 pm,66.7
20-Sep-19 01:00:00 am,66.2
20-Sep-19 05:00:00 am,60.8
20-Sep-19 09:00:00 am,56.6
20-Sep-19 01:00:00 pm,54.8
20-Sep-19 05:00:00 pm,60.2
20-Sep-19 09:00:00 pm,64.3
21-Sep-19 01:00:00 am,64.1
21-Sep-19 05:00:00 am,65.1
21-Sep-19 09:00:00 am,67.9
21-Sep-19 01:00:00 pm,73.6
21-Sep-19 05:00:00 pm,73.1
21-Sep-19 09:00:00 pm,70.5
22-Sep-19 01:00:00 am,69.3
22-Sep-19 05:00:00 am,68.1
22-Sep-19 09:00:00 am,68.9
22-Sep-19 01:00:00 pm,70.0
22-Sep-19 05:00:00 pm,67.2
22-Sep-19 09:00:00 pm,66.5
23-Sep-19 01:00:00 am,66.3
23-Sep-19 05:00:00 am,59.1
23-Sep-19 09:00:00 am,57.6
23-Sep-19 01:00:00 pm,57.2
23-Sep-19 05:00:00 pm,61.1
23-Sep-19 09:00:00 pm,64.8
24-Sep-19 01:00:00 am,65.7
24-Sep-19 05:00:00 am,61.4
24-Sep-19 09:00:00 am,57.7
24-Sep-19 01:00:00 pm,55.3
24-Sep-19 05:00:00 pm,59.2
24-Sep-19 09:00:00 pm,65.1
25-Sep-19 01:00:00 am,63.7
25-Sep-19 05:00:00 am,60.9
25-Sep-19 09:00:00 am,56.6
25-Sep-19 01:00:00 pm,55.9
25-Sep-19 05:00:00 pm,60.9
25-Sep-19 09:00:00 pm,64.3
26-Sep-19 01:00:00 am,65.7
26-Sep-19 05:00:00 am,59.8
26-Sep-19 09:00:00 am,55.7
26-Sep-19 01:00:00 pm,55.0
26-Sep-19 05:00:00 pm,59.5
26-Sep-19 09:00:00 pm,64.9
27-Sep-19 01:00:00 am,65.2
27-Sep-19 05:00:00 am,67.8
27-Sep-19 09:00:00 am,61.5
27-Sep-19 01:00:00 pm,54.5
27-Sep-19 05:00:00 pm,57.8
27-Sep-19 09:00:00 pm,60.1
28-Sep-19 01:00:00 am,60.5
28-Sep-19 05:00:00 am,59.7
28-Sep-19 09:00:00 am,63.2
28-Sep-19 01:00:00 pm,64.7
28-Sep-19 05:00:00 pm,66.3
28-Sep-19 09:00:00 pm,62.3
29-Sep-19 01:00:00 am,60.5
29-Sep-19 05:00:00 am,59.0
29-Sep-19 09:00:00 am,61.5
29-Sep-19 01:00:00 pm,65.2
29-Sep-19 05:00:00 pm,64.0
29-Sep-19 09:00:00 pm,58.9
30-Sep-19 01:00:00 am,56.0
30-Sep-19 05:00:00 am,61.2
30-Sep-19 09:00:00 am,54.4
30-Sep-19 01:00:00 pm,54.4
30-Sep-19 05:00:00 pm,54.3
30-Sep-19 09:00:00 pm,60.8
01-Oct-19 01:00:00 am,60.3
01-Oct-19 05:00:00 am,59.2
01-Oct-19 09:00:00 am,56.0
01-Oct-19 01:00:00 pm,55.5
01-Oct-19 05:00:00 pm,57.8
01-Oct-19 09:00:00 pm,62.2
02-Oct-19 01:00:00 am,60.7
02-Oct-19 05:00:00 am,64.4
02-Oct-19 09:00:00 am,65.6
02-Oct-19 01:00:00 pm,56.3
02-Oct-19 05:00:00 pm,58.7
02-Oct-19 09:00:00 pm,60.6
03-Oct-19 01:00:00 am,62.5
03-Oct-19 05:00:00 am,64.5
03-Oct-19 09:00:00 am,60.7
03-Oct-19 01:00:00 pm,54.1
03-Oct-19 05:00:00 pm,56.8
03-Oct-19 09:00:00 pm,59.2
04-Oct-19 01:00:00 am,60.4
04-Oct-19 05:00:00 am,63.4
04-Oct-19 09:00:00 am,65.4
04-Oct-19 01:00:00 pm,55.1
04-Oct-19 05:00:00 pm,57.8
04-Oct-19 09:00:00 pm,63.2
05-Oct-19 01:00:00 am,63.4
05-Oct-19 05:00:00 am,63.1
05-Oct-19 09:00:00 am,66.1
05-Oct-19 01:00:00 pm,72.8
05-Oct-19 05:00:00 pm,71.1
05-Oct-19 09:00:00 pm,64.0
06-Oct-19 01:00:00 am,60.5
06-Oct-19 05:00:00 am,60.3
06-Oct-19 09:00:00 am,63.6
06-Oct-19 01:00:00 pm,67.4
06-Oct-19 05:00:00 pm,65.0
06-Oct-19 09:00:00 pm,61.5
07-Oct-19 01:00:00 am,60.4
07-Oct-19 05:00:00 am,65.0
07-Oct-19 09:00:00 am,64.0
07-Oct-19 01:00:00 pm,64.9
07-Oct-19 05:00:00 pm,60.9
07-Oct-19 09:00:00 pm,60.5
08-Oct-19 01:00:00 am,60.6
08-Oct-19 05:00:00 am,64.0
08-Oct-19 09:00:00 am,64.8
08-Oct-19 01:00:00 pm,64.0
08-Oct-19 05:00:00 pm,57.1
08-Oct-19 09:00:00 pm,59.6
09-Oct-19 01:00:00 am,56.7
09-Oct-19 05:00:00 am,64.1
09-Oct-19 09:00:00 am,65.5
09-Oct-19 01:00:00 pm,56.3
09-Oct-19 05:00:00 pm,57.4
09-Oct-19 09:00:00 pm,59.5
10-Oct-19 01:00:00 am,55.4
10-Oct-19 05:00:00 am,63.6
10-Oct-19 09:00:00 am,64.1
10-Oct-19 01:00:00 pm,51.4
10-Oct-19 05:00:00 pm,52.6
10-Oct-19 09:00:00 pm,59.9
11-Oct-19 01:00:00 am,56.6
11-Oct-19 05:00:00 am,64.1
11-Oct-19 09:00:00 am,64.0
11-Oct-19 01:00:00 pm,57.6
11-Oct-19 05:00:00 pm,57.9
11-Oct-19 09:00:00 pm,59.6
12-Oct-19 01:00:00 am,57.6
12-Oct-19 05:00:00 am,56.8
12-Oct-19 09:00:00 am,60.8
12-Oct-19 01:00:00 pm,67.2
12-Oct-19 05:00:00 pm,66.6
12-Oct-19 09:00:00 pm,63.6
13-Oct-19 01:00:00 am,61.9
13-Oct-19 05:00:00 am,60.9
13-Oct-19 09:00:00 am,61.0
13-Oct-19 01:00:00 pm,63.7
13-Oct-19 05:00:00 pm,64.2
13-Oct-19 09:00:00 pm,60.7
14-Oct-19 01:00:00 am,59.3
14-Oct-19 05:00:00 am,64.6
14-Oct-19 09:00:00 am,65.4
14-Oct-19 01:00:00 pm,53.4
14-Oct-19 05:00:00 pm,56.0
14-Oct-19 09:00:00 pm,62.3
15-Oct-19 01:00:00 am,60.6
15-Oct-19 05:00:00 am,64.5
15-Oct-19 09:00:00 am,57.9
15-Oct-19 01:00:00 pm,56.1
15-Oct-19 05:00:00 pm,57.4
15-Oct-19 09:00:00 pm,60.4
16-Oct-19 01:00:00 am,61.9
16-Oct-19 05:00:00 am,64.5
16-Oct-19 09:00:00 am,58.3
16-Oct-19 01:00:00 pm,57.8
16-Oct-19 05:00:00 pm,57.7
16-Oct-19 09:00:00 pm,62.9
17-Oct-19 01:00:00 am,62.4
17-Oct-19 05:00:00 am,64.4
17-Oct-19 09:00:00 am,60.7
17-Oct-19 01:00:00 pm,55.9
17-Oct-19 05:00:00 pm,56.8
17-Oct-19 09:00:00 pm,60.4
18-Oct-19 01:00:00 am,60.0
18-Oct-19 05:00:00 am,64.6
18-Oct-19 09:00:00 am,65.4
18-Oct-19 01:00:00 pm,65.5
18-Oct-19 05:00:00 pm,63.7
18-Oct-19 09:00:00 pm,61.9
19-Oct-19 01:00:00 am,61.0
19-Oct-19 05:00:00 am,59.8
19-Oct-19 09:00:00 am,59.6
19-Oct-19 01:00:00 pm,61.7
19-Oct-19 05:00:00 pm,60.9
19-Oct-19 09:00:00 pm,58.6
20-Oct-19 01:00:00 am,57.9
20-Oct-19 05:00:00 am,58.3
20-Oct-19 09:00:00 am,59.3
20-Oct-19 01:00:00 pm,61.3
20-Oct-19 05:00:00 pm,59.6
20-Oct-19 09:00:00 pm,58.9
21-Oct-19 01:00:00 am,59.8
21-Oct-19 05:00:00 am,64.9
21-Oct-19 09:00:00 am,65.6
21-Oct-19 01:00:00 pm,66.4
21-Oct-19 05:00:00 pm,61.0
21-Oct-19 09:00:00 pm,61.7
22-Oct-19 01:00:00 am,63.5
22-Oct-19 05:00:00 am,66.6
22-Oct-19 09:00:00 am,65.0
22-Oct-19 01:00:00 pm,65.4
22-Oct-19 05:00:00 pm,58.6
22-Oct-19 09:00:00 pm,61.2
23-Oct-19 01:00:00 am,59.7
23-Oct-19 05:00:00 am,64.3
23-Oct-19 09:00:00 am,64.2
23-Oct-19 01:00:00 pm,54.3
23-Oct-19 05:00:00 pm,58.1
23-Oct-19 09:00:00 pm,59.2
24-Oct-19 01:00:00 am,57.4
24-Oct-19 05:00:00 am,64.6
24-Oct-19 09:00:00 am,64.2
24-Oct-19 01:00:00 pm,54.9
24-Oct-19 05:00:00 pm,58.0
24-Oct-19 09:00:00 pm,58.3
25-Oct-19 01:00:00 am,61.0
25-Oct-19 05:00:00 am,64.4
25-Oct-19 09:00:00 am,63.8
25-Oct-19 01:00:00 pm,64.8
25-Oct-19 05:00:00 pm,57.0
25-Oct-19 09:00:00 pm,60.1
26-Oct-19 01:00:00 am,59.7
26-Oct-19 05:00:00 am,58.7
26-Oct-19 09:00:00 am,60.1
26-Oct-19 01:00:00 pm,63.6
26-Oct-19 05:00:00 pm,61.9
26-Oct-19 09:00:00 pm,57.1
27-Oct-19 01:00:00 am,54.2
27-Oct-19 05:00:00 am,52.9
27-Oct-19 09:00:00 am,55.6
27-Oct-19 01:00:00 pm,63.8
27-Oct-19 05:00:00 pm,61.5
27-Oct-19 09:00:00 pm,55.9
28-Oct-19 01:00:00 am,54.1
28-Oct-19 05:00:00 am,63.6
28-Oct-19 09:00:00 am,65.1
28-Oct-19 01:00:00 pm,56.2
28-Oct-19 05:00:00 pm,56.3
28-Oct-19 09:00:00 pm,59.1
29-Oct-19 01:00:00 am,56.1
29-Oct-19 05:00:00 am,63.6
29-Oct-19 09:00:00 am,64.6
29-Oct-19 01:00:00 pm,55.5
29-Oct-19 05:00:00 pm,55.4
29-Oct-19 09:00:00 pm,57.3
30-Oct-19 01:00:00 am,54.3
30-Oct-19 05:00:00 am,63.1
30-Oct-19 09:00:00 am,64.2
30-Oct-19 01:00:00 pm,56.4
30-Oct-19 05:00:00 pm,55.8
30-Oct-19 09:00:00 pm,58.3
31-Oct-19 01:00:00 am,55.3
31-Oct-19 05:00:00 am,63.8
31-Oct-19 09:00:00 am,65.7
31-Oct-19 01:00:00 pm,57.4
31-Oct-19 05:00:00 pm,57.8
31-Oct-19 09:00:00 pm,58.8
01-Nov-19 01:00:00 am,55.7
01-Nov-19 05:00:00 am,64.0
01-Nov-19 09:00:00 am,64.3
01-Nov-19 01:00:00 pm,51.8
01-Nov-19 05:00:00 pm,56.8
01-Nov-19 09:00:00 pm,57.5
02-Nov-19 01:00:00 am,55.7
02-Nov-19 05:00:00 am,54.4
02-Nov-19 09:00:00 am,57.0
02-Nov-19 01:00:00 pm,65.5
02-Nov-19 05:00:00 pm,64.1
02-Nov-19 09:00:00 pm,59.0
03-Nov-19 01:00:00 am,56.1
03-Nov-19 04:00:00 am,54.6
03-Nov-19 08:00:00 am,57.0
03-Nov-19 12:00:00 pm,64.6
03-Nov-19 04:00:00 pm,63.0
03-Nov-19 08:00:00 pm,58.3
04-Nov-19 12:00:00 am,56.1
04-Nov-19 04:00:00 am,62.5
04-Nov-19 08:00:00 am,65.8
04-Nov-19 12:00:00 pm,63.7
04-Nov-19 04:00:00 pm,56.0
04-Nov-19 08:00:00 pm,59.7
05-Nov-19 12:00:00 am,58.3
05-Nov-19 04:00:00 am,62.7
05-Nov-19 08:00:00 am,65.4
05-Nov-19 12:00:00 pm,55.6
05-Nov-19 04:00:00 pm,54.5
05-Nov-19 08:00:00 pm,59.8
06-Nov-19 12:00:00 am,60.3
06-Nov-19 04:00:00 am,63.7
06-Nov-19 08:00:00 am,65.5
06-Nov-19 12:00:00 pm,55.3
06-Nov-19 04:00:00 pm,55.7
06-Nov-19 08:00:00 pm,59.9
07-Nov-19 12:00:00 am,58.0
07-Nov-19 04:00:00 am,62.4
07-Nov-19 08:00:00 am,65.4
07-Nov-19 12:00:00 pm,59.3
07-Nov-19 04:00:00 pm,54.6
07-Nov-19 08:00:00 pm,57.5
08-Nov-19 12:00:00 am,56.2
08-Nov-19 04:00:00 am,62.2
08-Nov-19 08:00:00 am,65.8
08-Nov-19 12:00:00 pm,58.2
08-Nov-19 04:00:00 pm,57.7
08-Nov-19 08:00:00 pm,60.0
09-Nov-19 12:00:00 am,60.8
09-Nov-19 04:00:00 am,60.7
09-Nov-19 08:00:00 am,61.0
09-Nov-19 12:00:00 pm,62.6
09-Nov-19 04:00:00 pm,62.6
09-Nov-19 08:00:00 pm,62.0
10-Nov-19 12:00:00 am,61.9
10-Nov-19 04:00:00 am,62.0
10-Nov-19 08:00:00 am,62.6
10-Nov-19 12:00:00 pm,63.6
10-Nov-19 04:00:00 pm,60.9
10-Nov-19 08:00:00 pm,57.0
11-Nov-19 12:00:00 am,58.4
11-Nov-19 04:00:00 am,63.4
11-Nov-19 08:00:00 am,65.8
11-Nov-19 12:00:00 pm,57.7
11-Nov-19 04:00:00 pm,55.6
11-Nov-19 08:00:00 pm,57.1
12-Nov-19 12:00:00 am,58.9
12-Nov-19 04:00:00 am,63.6
12-Nov-19 08:00:00 am,65.1
12-Nov-19 12:00:00 pm,64.3
12-Nov-19 04:00:00 pm,56.3
12-Nov-19 08:00:00 pm,59.7
13-Nov-19 12:00:00 am,59.2
13-Nov-19 04:00:00 am,63.9
13-Nov-19 08:00:00 am,64.9
13-Nov-19 12:00:00 pm,60.1
13-Nov-19 04:00:00 pm,56.0
13-Nov-19 08:00:00 pm,60.0
14-Nov-19 12:00:00 am,60.2
14-Nov-19 04:00:00 am,63.5
14-Nov-19 08:00:00 am,65.5
14-Nov-19 12:00:00 pm,65.7
14-Nov-19 04:00:00 pm,59.3
14-Nov-19 08:00:00 pm,59.4
15-Nov-19 12:00:00 am,58.2
15-Nov-19 04:00:00 am,63.7
15-Nov-19 08:00:00 am,64.6
15-Nov-19 12:00:00 pm,61.7
15-Nov-19 04:00:00 pm,57.7
15-Nov-19 08:00:00 pm,62.7
16-Nov-19 12:00:00 am,62.5
16-Nov-19 04:00:00 am,61.2
16-Nov-19 08:00:00 am,62.2
16-Nov-19 12:00:00 pm,64.0
16-Nov-19 04:00:00 pm,62.6
16-Nov-19 08:00:00 pm,57.9
17-Nov-19 12:00:00 am,59.4
17-Nov-19 04:00:00 am,59.9
17-Nov-19 08:00:00 am,60.7
17-Nov-19 12:00:00 pm,62.9
17-Nov-19 04:00:00 pm,63.2
17-Nov-19 08:00:00 pm,62.3
18-Nov-19 12:00:00 am,61.1
18-Nov-19 04:00:00 am,63.5
18-Nov-19 08:00:00 am,65.3
18-Nov-19 12:00:00 pm,65.3
18-Nov-19 04:00:00 pm,65.1
18-Nov-19 08:00:00 pm,62.8
19-Nov-19 12:00:00 am,61.6
19-Nov-19 04:00:00 am,64.1
19-Nov-19 08:00:00 am,64.4
19-Nov-19 12:00:00 pm,65.4
19-Nov-19 04:00:00 pm,63.8
19-Nov-19 08:00:00 pm,59.4
20-Nov-19 12:00:00 am,56.7
20-Nov-19 04:00:00 am,62.3
20-Nov-19 08:00:00 am,65.6
20-Nov-19 12:00:00 pm,57.4
20-Nov-19 04:00:00 pm,55.5
20-Nov-19 08:00:00 pm,59.1
21-Nov-19 12:00:00 am,54.6
21-Nov-19 04:00:00 am,61.1
21-Nov-19 08:00:00 am,65.7
21-Nov-19 12:00:00 pm,55.9
21-Nov-19 04:00:00 pm,55.0
21-Nov-19 08:00:00 pm,54.9
22-Nov-19 12:00:00 am,56.6
22-Nov-19 04:00:00 am,62.6
22-Nov-19 08:00:00 am,65.5
22-Nov-19 12:00:00 pm,61.2
22-Nov-19 04:00:00 pm,63.1
22-Nov-19 08:00:00 pm,58.3
23-Nov-19 12:00:00 am,56.0
23-Nov-19 04:00:00 am,53.7
23-Nov-19 08:00:00 am,54.6
23-Nov-19 12:00:00 pm,58.8
23-Nov-19 04:00:00 pm,59.9
23-Nov-19 08:00:00 pm,59.7
24-Nov-19 12:00:00 am,59.8
24-Nov-19 04:00:00 am,57.8
24-Nov-19 08:00:00 am,57.3
24-Nov-19 12:00:00 pm,64.0
24-Nov-19 04:00:00 pm,60.7
24-Nov-19 08:00:00 pm,58.3
25-Nov-19 12:00:00 am,57.9
25-Nov-19 04:00:00 am,62.7
25-Nov-19 08:00:00 am,65.1
25-Nov-19 12:00:00 pm,55.7
25-Nov-19 04:00:00 pm,62.8
25-Nov-19 08:00:00 pm,57.7
26-Nov-19 12:00:00 am,55.7
26-Nov-19 04:00:00 am,61.1
26-Nov-19 08:00:00 am,60.6
26-Nov-19 12:00:00 pm,60.0
26-Nov-19 04:00:00 pm,63.8
26-Nov-19 08:00:00 pm,58.1
27-Nov-19 12:00:00 am,55.0
27-Nov-19 04:00:00 am,61.0
27-Nov-19 08:00:00 am,64.3
27-Nov-19 12:00:00 pm,55.9
27-Nov-19 04:00:00 pm,56.1
27-Nov-19 08:00:00 pm,53.8
28-Nov-19 12:00:00 am,52.3
28-Nov-19 04:00:00 am,59.8
28-Nov-19 08:00:00 am,65.9
28-Nov-19 12:00:00 pm,57.7
28-Nov-19 04:00:00 pm,62.1
28-Nov-19 08:00:00 pm,54.7
29-Nov-19 12:00:00 am,51.4
29-Nov-19 04:00:00 am,59.3
29-Nov-19 08:00:00 am,65.9
29-Nov-19 12:00:00 pm,58.1
29-Nov-19 04:00:00 pm,57.9
29-Nov-19 08:00:00 pm,53.5
30-Nov-19 12:00:00 am,50.6
30-Nov-19 04:00:00 am,49.6
30-Nov-19 08:00:00 am,51.0
30-Nov-19 12:00:00 pm,58.3
30-Nov-19 04:00:00 pm,55.6
30-Nov-19 08:00:00 pm,52.8
01-Dec-19 12:00:00 am,53.6
01-Dec-19 04:00:00 am,55.2
01-Dec-19 08:00:00 am,56.4
01-Dec-19 12:00:00 pm,58.1
01-Dec-19 04:00:00 pm,57.2
01-Dec-19 08:00:00 pm,56.6
02-Dec-19 12:00:00 am,56.5
02-Dec-19 04:00:00 am,62.1
02-Dec-19 08:00:00 am,65.7
02-Dec-19 12:00:00 pm,60.2
02-Dec-19 04:00:00 pm,55.6
02-Dec-19 08:00:00 pm,58.3
03-Dec-19 12:00:00 am,58.4
03-Dec-19 04:00:00 am,63.4
03-Dec-19 08:00:00 am,65.6
03-Dec-19 12:00:00 pm,65.5
03-Dec-19 04:00:00 pm,57.6
03-Dec-19 08:00:00 pm,62.7
04-Dec-19 12:00:00 am,62.6
04-Dec-19 04:00:00 am,64.5
04-Dec-19 08:00:00 am,64.9
04-Dec-19 12:00:00 pm,63.5
04-Dec-19 04:00:00 pm,64.3
04-Dec-19 08:00:00 pm,62.8
05-Dec-19 12:00:00 am,61.4
05-Dec-19 04:00:00 am,64.0
05-Dec-19 08:00:00 am,65.2
05-Dec-19 12:00:00 pm,64.1
05-Dec-19 04:00:00 pm,61.6
05-Dec-19 08:00:00 pm,61.0
06-Dec-19 12:00:00 am,60.8
06-Dec-19 04:00:00 am,63.6
06-Dec-19 08:00:00 am,59.3
06-Dec-19 12:00:00 pm,63.1
06-Dec-19 04:00:00 pm,64.2
06-Dec-19 08:00:00 pm,62.5
07-Dec-19 12:00:00 am,62.9
07-Dec-19 04:00:00 am,61.3
07-Dec-19 08:00:00 am,60.2
07-Dec-19 12:00:00 pm,61.0
07-Dec-19 04:00:00 pm,61.2
07-Dec-19 08:00:00 pm,62.6
08-Dec-19 12:00:00 am,60.2
08-Dec-19 04:00:00 am,59.7
08-Dec-19 08:00:00 am,62.4
08-Dec-19 12:00:00 pm,62.9
08-Dec-19 04:00:00 pm,61.4
08-Dec-19 08:00:00 pm,59.6
09-Dec-19 12:00:00 am,58.5
09-Dec-19 04:00:00 am,63.0
09-Dec-19 08:00:00 am,65.4
09-Dec-19 12:00:00 pm,65.3
09-Dec-19 04:00:00 pm,63.1
09-Dec-19 08:00:00 pm,61.8
10-Dec-19 12:00:00 am,59.8
10-Dec-19 04:00:00 am,62.6
10-Dec-19 08:00:00 am,65.1
10-Dec-19 12:00:00 pm,62.5
10-Dec-19 04:00:00 pm,63.4
10-Dec-19 08:00:00 pm,62.6
11-Dec-19 12:00:00 am,60.8
11-Dec-19 04:00:00 am,63.7
11-Dec-19 08:00:00 am,65.2
11-Dec-19 12:00:00 pm,65.4
11-Dec-19 04:00:00 pm,64.1
11-Dec-19 08:00:00 pm,61.5
12-Dec-19 12:00:00 am,60.1
12-Dec-19 04:00:00 am,63.5
12-Dec-19 08:00:00 am,65.3
12-Dec-19 12:00:00 pm,56.4
12-Dec-19 04:00:00 pm,59.3
12-Dec-19 08:00:00 pm,61.7
13-Dec-19 12:00:00 am,60.3
13-Dec-19 04:00:00 am,63.4
13-Dec-19 08:00:00 am,65.3
13-Dec-19 12:00:00 pm,65.4
13-Dec-19 04:00:00 pm,63.8
13-Dec-19 08:00:00 pm,60.6
14-Dec-19 12:00:00 am,59.3
14-Dec-19 04:00:00 am,58.2
14-Dec-19 08:00:00 am,57.7
14-Dec-19 12:00:00 pm,58.5
14-Dec-19 04:00:00 pm,60.5
14-Dec-19 08:00:00 pm,57.8
15-Dec-19 12:00:00 am,56.3
15-Dec-19 04:00:00 am,54.4
15-Dec-19 08:00:00 am,54.9
15-Dec-19 12:00:00 pm,56.9
15-Dec-19 04:00:00 pm,57.4
15-Dec-19 08:00:00 pm,56.3
16-Dec-19 12:00:00 am,54.8
16-Dec-19 04:00:00 am,61.5
16-Dec-19 08:00:00 am,64.1
16-Dec-19 12:00:00 pm,59.7
16-Dec-19 04:00:00 pm,64.0
16-Dec-19 08:00:00 pm,61.4
17-Dec-19 12:00:00 am,57.5
17-Dec-19 04:00:00 am,61.7
17-Dec-19 08:00:00 am,65.7
17-Dec-19 12:00:00 pm,65.2
17-Dec-19 04:00:00 pm,63.7
17-Dec-19 08:00:00 pm,61.4
18-Dec-19 12:00:00 am,58.5
18-Dec-19 04:00:00 am,62.4
18-Dec-19 08:00:00 am,65.7
18-Dec-19 12:00:00 pm,65.1
18-Dec-19 04:00:00 pm,63.6
18-Dec-19 08:00:00 pm,61.7
19-Dec-19 12:00:00 am,58.9
19-Dec-19 04:00:00 am,62.9
19-Dec-19 08:00:00 am,64.9
19-Dec-19 12:00:00 pm,61.0
19-Dec-19 04:00:00 pm,65.0
19-Dec-19 08:00:00 pm,61.0
20-Dec-19 12:00:00 am,59.9
20-Dec-19 04:00:00 am,64.0
20-Dec-19 08:00:00 am,64.6
20-Dec-19 12:00:00 pm,64.4
20-Dec-19 04:00:00 pm,64.9
20-Dec-19 08:00:00 pm,62.9
21-Dec-19 12:00:00 am,61.8
21-Dec-19 04:00:00 am,59.6
21-Dec-19 08:00:00 am,58.2
21-Dec-19 12:00:00 pm,58.2
21-Dec-19 04:00:00 pm,57.5
21-Dec-19 08:00:00 pm,56.5
22-Dec-19 12:00:00 am,55.8
22-Dec-19 04:00:00 am,54.9
22-Dec-19 08:00:00 am,55.4
22-Dec-19 12:00:00 pm,58.8
22-Dec-19 04:00:00 pm,58.3
22-Dec-19 08:00:00 pm,56.5
23-Dec-19 12:00:00 am,56.2
23-Dec-19 04:00:00 am,62.0
23-Dec-19 08:00:00 am,65.6
23-Dec-19 12:00:00 pm,65.5
23-Dec-19 04:00:00 pm,63.7
23-Dec-19 08:00:00 pm,60.5
24-Dec-19 12:00:00 am,56.8
24-Dec-19 04:00:00 am,61.0
24-Dec-19 08:00:00 am,65.7
24-Dec-19 12:00:00 pm,65.4
24-Dec-19 04:00:00 pm,63.5
24-Dec-19 08:00:00 pm,57.8
25-Dec-19 12:00:00 am,54.6
25-Dec-19 04:00:00 am,60.9
25-Dec-19 08:00:00 am,66.0
25-Dec-19 12:00:00 pm,65.4
25-Dec-19 04:00:00 pm,62.5
25-Dec-19 08:00:00 pm,55.7
26-Dec-19 12:00:00 am,52.7
26-Dec-19 04:00:00 am,60.0
26-Dec-19 08:00:00 am,65.7
26-Dec-19 12:00:00 pm,65.2
26-Dec-19 04:00:00 pm,63.3
26-Dec-19 08:00:00 pm,60.3
27-Dec-19 12:00:00 am,56.5
27-Dec-19 04:00:00 am,62.0
27-Dec-19 08:00:00 am,65.4
27-Dec-19 12:00:00 pm,65.4
27-Dec-19 04:00:00 pm,63.0
27-Dec-19 08:00:00 pm,58.6
28-Dec-19 12:00:00 am,56.9
28-Dec-19 04:00:00 am,56.3
28-Dec-19 08:00:00 am,56.5
28-Dec-19 12:00:00 pm,59.7
28-Dec-19 04:00:00 pm,60.8
28-Dec-19 08:00:00 pm,58.4
29-Dec-19 12:00:00 am,57.0
29-Dec-19 04:00:00 am,56.7
29-Dec-19 08:00:00 am,57.3
29-Dec-19 12:00:00 pm,61.5
29-Dec-19 04:00:00 pm,60.7
29-Dec-19 08:00:00 pm,58.5
30-Dec-19 12:00:00 am,57.0
30-Dec-19 04:00:00 am,62.6
30-Dec-19 08:00:00 am,65.5
30-Dec-19 12:00:00 pm,65.5
30-Dec-19 04:00:00 pm,64.3
30-Dec-19 08:00:00 pm,63.2
31-Dec-19 12:00:00 am,60.0
31-Dec-19 04:00:00 am,63.4
31-Dec-19 08:00:00 am,65.5
31-Dec-19 12:00:00 pm,63.1
31-Dec-19 04:00:00 pm,57.7
31-Dec-19 08:00:00 pm,61.5