Timestamp,RTU_1 ExhFanValue(%)
01-Jan-19 12:00:00 am,0
01-Jan-19 04:00:00 am,14
01-Jan-19 08:00:00 am,33
01-Jan-19 12:00:00 pm,33
01-Jan-19 04:00:00 pm,19
01-Jan-19 08:00:00 pm,0
02-Jan-19 12:00:00 am,4
02-Jan-19 04:00:00 am,14
02-Jan-19 08:00:00 am,33
02-Jan-19 12:00:00 pm,33
02-Jan-19 04:00:00 pm,19
02-Jan-19 08:00:00 pm,4
03-Jan-19 12:00:00 am,0
03-Jan-19 04:00:00 am,14
03-Jan-19 08:00:00 am,33
03-Jan-19 12:00:00 pm,33
03-Jan-19 04:00:00 pm,19
03-Jan-19 08:00:00 pm,4
04-Jan-19 12:00:00 am,0
04-Jan-19 04:00:00 am,14
04-Jan-19 08:00:00 am,33
04-Jan-19 12:00:00 pm,33
04-Jan-19 04:00:00 pm,19
04-Jan-19 08:00:00 pm,0
05-Jan-19 12:00:00 am,0
05-Jan-19 04:00:00 am,0
05-Jan-19 08:00:00 am,0
05-Jan-19 12:00:00 pm,0
05-Jan-19 04:00:00 pm,0
05-Jan-19 08:00:00 pm,0
06-Jan-19 12:00:00 am,0
06-Jan-19 04:00:00 am,0
06-Jan-19 08:00:00 am,0
06-Jan-19 12:00:00 pm,0
06-Jan-19 04:00:00 pm,4
06-Jan-19 08:00:00 pm,0
07-Jan-19 12:00:00 am,0
07-Jan-19 04:00:00 am,10
07-Jan-19 08:00:00 am,33
07-Jan-19 12:00:00 pm,33
07-Jan-19 04:00:00 pm,19
07-Jan-19 08:00:00 pm,4
08-Jan-19 12:00:00 am,0
08-Jan-19 04:00:00 am,14
08-Jan-19 08:00:00 am,33
08-Jan-19 12:00:00 pm,33
08-Jan-19 04:00:00 pm,19
08-Jan-19 08:00:00 pm,4
09-Jan-19 12:00:00 am,0
09-Jan-19 04:00:00 am,14
09-Jan-19 08:00:00 am,33
09-Jan-19 12:00:00 pm,33
09-Jan-19 04:00:00 pm,19
09-Jan-19 08:00:00 pm,4
10-Jan-19 12:00:00 am,0
10-Jan-19 04:00:00 am,14
10-Jan-19 08:00:00 am,33
10-Jan-19 12:00:00 pm,33
10-Jan-19 04:00:00 pm,19
10-Jan-19 08:00:00 pm,4
11-Jan-19 12:00:00 am,0
11-Jan-19 04:00:00 am,14
11-Jan-19 08:00:00 am,33
11-Jan-19 12:00:00 pm,33
11-Jan-19 04:00:00 pm,19
11-Jan-19 08:00:00 pm,0
12-Jan-19 12:00:00 am,0
12-Jan-19 04:00:00 am,4
12-Jan-19 08:00:00 am,0
12-Jan-19 12:00:00 pm,0
12-Jan-19 04:00:00 pm,0
12-Jan-19 08:00:00 pm,0
13-Jan-19 12:00:00 am,0
13-Jan-19 04:00:00 am,0
13-Jan-19 08:00:00 am,0
13-Jan-19 12:00:00 pm,4
13-Jan-19 04:00:00 pm,4
13-Jan-19 08:00:00 pm,0
14-Jan-19 12:00:00 am,0
14-Jan-19 04:00:00 am,15
14-Jan-19 08:00:00 am,33
14-Jan-19 12:00:00 pm,33
14-Jan-19 04:00:00 pm,19
14-Jan-19 08:00:00 pm,3
15-Jan-19 12:00:00 am,0
15-Jan-19 04:00:00 am,13
15-Jan-19 08:00:00 am,33
15-Jan-19 12:00:00 pm,33
15-Jan-19 04:00:00 pm,19
15-Jan-19 08:00:00 pm,4
16-Jan-19 12:00:00 am,0
16-Jan-19 04:00:00 am,14
16-Jan-19 08:00:00 am,33
16-Jan-19 12:00:00 pm,33
16-Jan-19 04:00:00 pm,19
16-Jan-19 08:00:00 pm,4
17-Jan-19 12:00:00 am,0
17-Jan-19 04:00:00 am,14
17-Jan-19 08:00:00 am,33
17-Jan-19 12:00:00 pm,33
17-Jan-19 04:00:00 pm,19
17-Jan-19 08:00:00 pm,4
18-Jan-19 12:00:00 am,0
18-Jan-19 04:00:00 am,14
18-Jan-19 08:00:00 am,33
18-Jan-19 12:00:00 pm,33
18-Jan-19 04:00:00 pm,19
18-Jan-19 08:00:00 pm,0
19-Jan-19 12:00:00 am,0
19-Jan-19 04:00:00 am,0
19-Jan-19 08:00:00 am,5
19-Jan-19 12:00:00 pm,0
19-Jan-19 04:00:00 pm,0
19-Jan-19 08:00:00 pm,0
20-Jan-19 12:00:00 am,0
20-Jan-19 04:00:00 am,0
20-Jan-19 08:00:00 am,0
20-Jan-19 12:00:00 pm,0
20-Jan-19 04:00:00 pm,0
20-Jan-19 08:00:00 pm,0
21-Jan-19 12:00:00 am,0
21-Jan-19 04:00:00 am,14
21-Jan-19 08:00:00 am,33
21-Jan-19 12:00:00 pm,33
21-Jan-19 04:00:00 pm,19
21-Jan-19 08:00:00 pm,0
22-Jan-19 12:00:00 am,0
22-Jan-19 04:00:00 am,15
22-Jan-19 08:00:00 am,33
22-Jan-19 12:00:00 pm,33
22-Jan-19 04:00:00 pm,19
22-Jan-19 08:00:00 pm,4
23-Jan-19 12:00:00 am,0
23-Jan-19 04:00:00 am,14
23-Jan-19 08:00:00 am,33
23-Jan-19 12:00:00 pm,33
23-Jan-19 04:00:00 pm,19
23-Jan-19 08:00:00 pm,0
24-Jan-19 12:00:00 am,0
24-Jan-19 04:00:00 am,14
24-Jan-19 08:00:00 am,33
24-Jan-19 12:00:00 pm,33
24-Jan-19 04:00:00 pm,19
24-Jan-19 08:00:00 pm,4
25-Jan-19 12:00:00 am,0
25-Jan-19 04:00:00 am,14
25-Jan-19 08:00:00 am,33
25-Jan-19 12:00:00 pm,33
25-Jan-19 04:00:00 pm,19
25-Jan-19 08:00:00 pm,4
26-Jan-19 12:00:00 am,0
26-Jan-19 04:00:00 am,0
26-Jan-19 08:00:00 am,0
26-Jan-19 12:00:00 pm,4
26-Jan-19 04:00:00 pm,0
26-Jan-19 08:00:00 pm,0
27-Jan-19 12:00:00 am,0
27-Jan-19 04:00:00 am,2
27-Jan-19 08:00:00 am,2
27-Jan-19 12:00:00 pm,0
27-Jan-19 04:00:00 pm,0
27-Jan-19 08:00:00 pm,0
28-Jan-19 12:00:00 am,0
28-Jan-19 04:00:00 am,9
28-Jan-19 08:00:00 am,31
28-Jan-19 12:00:00 pm,33
28-Jan-19 04:00:00 pm,19
28-Jan-19 08:00:00 pm,4
29-Jan-19 12:00:00 am,0
29-Jan-19 04:00:00 am,11
29-Jan-19 08:00:00 am,33
29-Jan-19 12:00:00 pm,33
29-Jan-19 04:00:00 pm,19
29-Jan-19 08:00:00 pm,4
30-Jan-19 12:00:00 am,0
30-Jan-19 04:00:00 am,14
30-Jan-19 08:00:00 am,33
30-Jan-19 12:00:00 pm,33
30-Jan-19 04:00:00 pm,19
30-Jan-19 08:00:00 pm,4
31-Jan-19 12:00:00 am,0
31-Jan-19 04:00:00 am,14
31-Jan-19 08:00:00 am,33
31-Jan-19 12:00:00 pm,33
31-Jan-19 04:00:00 pm,19
31-Jan-19 08:00:00 pm,4
01-Feb-19 12:00:00 am,0
01-Feb-19 04:00:00 am,14
01-Feb-19 08:00:00 am,33
01-Feb-19 12:00:00 pm,33
01-Feb-19 04:00:00 pm,19
01-Feb-19 08:00:00 pm,0
02-Feb-19 12:00:00 am,0
02-Feb-19 04:00:00 am,0
02-Feb-19 08:00:00 am,0
02-Feb-19 12:00:00 pm,0
02-Feb-19 04:00:00 pm,0
02-Feb-19 08:00:00 pm,0
03-Feb-19 12:00:00 am,0
03-Feb-19 04:00:00 am,0
03-Feb-19 08:00:00 am,0
03-Feb-19 12:00:00 pm,0
03-Feb-19 04:00:00 pm,4
03-Feb-19 08:00:00 pm,0
04-Feb-19 12:00:00 am,0
04-Feb-19 04:00:00 am,14
04-Feb-19 08:00:00 am,33
04-Feb-19 12:00:00 pm,33
04-Feb-19 04:00:00 pm,23
04-Feb-19 08:00:00 pm,0
05-Feb-19 12:00:00 am,0
05-Feb-19 04:00:00 am,14
05-Feb-19 08:00:00 am,33
05-Feb-19 12:00:00 pm,33
05-Feb-19 04:00:00 pm,19
05-Feb-19 08:00:00 pm,2
06-Feb-19 12:00:00 am,0
06-Feb-19 04:00:00 am,14
06-Feb-19 08:00:00 am,33
06-Feb-19 12:00:00 pm,33
06-Feb-19 04:00:00 pm,19
06-Feb-19 08:00:00 pm,4
07-Feb-19 12:00:00 am,0
07-Feb-19 04:00:00 am,14
07-Feb-19 08:00:00 am,33
07-Feb-19 12:00:00 pm,33
07-Feb-19 04:00:00 pm,19
07-Feb-19 08:00:00 pm,4
08-Feb-19 12:00:00 am,4
08-Feb-19 04:00:00 am,14
08-Feb-19 08:00:00 am,33
08-Feb-19 12:00:00 pm,33
08-Feb-19 04:00:00 pm,19
08-Feb-19 08:00:00 pm,0
09-Feb-19 12:00:00 am,0
09-Feb-19 04:00:00 am,0
09-Feb-19 08:00:00 am,0
09-Feb-19 12:00:00 pm,0
09-Feb-19 04:00:00 pm,0
09-Feb-19 08:00:00 pm,0
10-Feb-19 12:00:00 am,0
10-Feb-19 04:00:00 am,0
10-Feb-19 08:00:00 am,0
10-Feb-19 12:00:00 pm,0
10-Feb-19 04:00:00 pm,0
10-Feb-19 08:00:00 pm,4
11-Feb-19 12:00:00 am,0
11-Feb-19 04:00:00 am,6
11-Feb-19 08:00:00 am,37
11-Feb-19 12:00:00 pm,33
11-Feb-19 04:00:00 pm,19
11-Feb-19 08:00:00 pm,4
12-Feb-19 12:00:00 am,0
12-Feb-19 04:00:00 am,14
12-Feb-19 08:00:00 am,33
12-Feb-19 12:00:00 pm,33
12-Feb-19 04:00:00 pm,19
12-Feb-19 08:00:00 pm,4
13-Feb-19 12:00:00 am,0
13-Feb-19 04:00:00 am,9
13-Feb-19 08:00:00 am,33
13-Feb-19 12:00:00 pm,33
13-Feb-19 04:00:00 pm,19
13-Feb-19 08:00:00 pm,0
14-Feb-19 12:00:00 am,0
14-Feb-19 04:00:00 am,14
14-Feb-19 08:00:00 am,33
14-Feb-19 12:00:00 pm,33
14-Feb-19 04:00:00 pm,19
14-Feb-19 08:00:00 pm,4
15-Feb-19 12:00:00 am,4
15-Feb-19 04:00:00 am,15
15-Feb-19 08:00:00 am,33
15-Feb-19 12:00:00 pm,33
15-Feb-19 04:00:00 pm,19
15-Feb-19 08:00:00 pm,0
16-Feb-19 12:00:00 am,0
16-Feb-19 04:00:00 am,0
16-Feb-19 08:00:00 am,0
16-Feb-19 12:00:00 pm,0
16-Feb-19 04:00:00 pm,0
16-Feb-19 08:00:00 pm,0
17-Feb-19 12:00:00 am,0
17-Feb-19 04:00:00 am,3
17-Feb-19 08:00:00 am,0
17-Feb-19 12:00:00 pm,0
17-Feb-19 04:00:00 pm,4
17-Feb-19 08:00:00 pm,0
18-Feb-19 12:00:00 am,0
18-Feb-19 04:00:00 am,0
18-Feb-19 08:00:00 am,23
18-Feb-19 12:00:00 pm,33
18-Feb-19 04:00:00 pm,21
18-Feb-19 08:00:00 pm,8
19-Feb-19 12:00:00 am,0
19-Feb-19 04:00:00 am,0
19-Feb-19 08:00:00 am,33
19-Feb-19 12:00:00 pm,33
19-Feb-19 04:00:00 pm,23
19-Feb-19 08:00:00 pm,4
20-Feb-19 12:00:00 am,0
20-Feb-19 04:00:00 am,14
20-Feb-19 08:00:00 am,33
20-Feb-19 12:00:00 pm,33
20-Feb-19 04:00:00 pm,19
20-Feb-19 08:00:00 pm,3
21-Feb-19 12:00:00 am,0
21-Feb-19 04:00:00 am,14
21-Feb-19 08:00:00 am,33
21-Feb-19 12:00:00 pm,33
21-Feb-19 04:00:00 pm,19
21-Feb-19 08:00:00 pm,4
22-Feb-19 12:00:00 am,0
22-Feb-19 04:00:00 am,14
22-Feb-19 08:00:00 am,33
22-Feb-19 12:00:00 pm,33
22-Feb-19 04:00:00 pm,19
22-Feb-19 08:00:00 pm,0
23-Feb-19 12:00:00 am,0
23-Feb-19 04:00:00 am,0
23-Feb-19 08:00:00 am,0
23-Feb-19 12:00:00 pm,0
23-Feb-19 04:00:00 pm,0
23-Feb-19 08:00:00 pm,0
24-Feb-19 12:00:00 am,0
24-Feb-19 04:00:00 am,0
24-Feb-19 08:00:00 am,0
24-Feb-19 12:00:00 pm,0
24-Feb-19 04:00:00 pm,0
24-Feb-19 08:00:00 pm,2
25-Feb-19 12:00:00 am,0
25-Feb-19 04:00:00 am,17
25-Feb-19 08:00:00 am,33
25-Feb-19 12:00:00 pm,33
25-Feb-19 04:00:00 pm,19
25-Feb-19 08:00:00 pm,4
26-Feb-19 12:00:00 am,0
26-Feb-19 04:00:00 am,11
26-Feb-19 08:00:00 am,33
26-Feb-19 12:00:00 pm,33
26-Feb-19 04:00:00 pm,19
26-Feb-19 08:00:00 pm,4
27-Feb-19 12:00:00 am,0
27-Feb-19 04:00:00 am,14
27-Feb-19 08:00:00 am,33
27-Feb-19 12:00:00 pm,33
27-Feb-19 04:00:00 pm,21
27-Feb-19 08:00:00 pm,2
28-Feb-19 12:00:00 am,0
28-Feb-19 04:00:00 am,14
28-Feb-19 08:00:00 am,33
28-Feb-19 12:00:00 pm,33
28-Feb-19 04:00:00 pm,19
28-Feb-19 08:00:00 pm,0
01-Mar-19 12:00:00 am,0
01-Mar-19 04:00:00 am,14
01-Mar-19 08:00:00 am,33
01-Mar-19 12:00:00 pm,33
01-Mar-19 04:00:00 pm,19
01-Mar-19 08:00:00 pm,0
02-Mar-19 12:00:00 am,0
02-Mar-19 04:00:00 am,0
02-Mar-19 08:00:00 am,0
02-Mar-19 12:00:00 pm,0
02-Mar-19 04:00:00 pm,0
02-Mar-19 08:00:00 pm,4
03-Mar-19 12:00:00 am,0
03-Mar-19 04:00:00 am,0
03-Mar-19 08:00:00 am,0
03-Mar-19 12:00:00 pm,0
03-Mar-19 04:00:00 pm,0
03-Mar-19 08:00:00 pm,0
04-Mar-19 12:00:00 am,0
04-Mar-19 04:00:00 am,14
04-Mar-19 08:00:00 am,33
04-Mar-19 12:00:00 pm,33
04-Mar-19 04:00:00 pm,19
04-Mar-19 08:00:00 pm,2
05-Mar-19 12:00:00 am,0
05-Mar-19 04:00:00 am,14
05-Mar-19 08:00:00 am,33
05-Mar-19 12:00:00 pm,33
05-Mar-19 04:00:00 pm,19
05-Mar-19 08:00:00 pm,4
06-Mar-19 12:00:00 am,0
06-Mar-19 04:00:00 am,14
06-Mar-19 08:00:00 am,33
06-Mar-19 12:00:00 pm,33
06-Mar-19 04:00:00 pm,19
06-Mar-19 08:00:00 pm,4
07-Mar-19 12:00:00 am,0
07-Mar-19 04:00:00 am,5
07-Mar-19 08:00:00 am,33
07-Mar-19 12:00:00 pm,33
07-Mar-19 04:00:00 pm,19
07-Mar-19 08:00:00 pm,3
08-Mar-19 12:00:00 am,0
08-Mar-19 04:00:00 am,14
08-Mar-19 08:00:00 am,33
08-Mar-19 12:00:00 pm,33
08-Mar-19 04:00:00 pm,19
08-Mar-19 08:00:00 pm,4
09-Mar-19 12:00:00 am,0
09-Mar-19 04:00:00 am,0
09-Mar-19 08:00:00 am,0
09-Mar-19 12:00:00 pm,2
09-Mar-19 04:00:00 pm,0
09-Mar-19 08:00:00 pm,0
10-Mar-19 12:00:00 am,0
10-Mar-19 05:00:00 am,0
10-Mar-19 09:00:00 am,0
10-Mar-19 01:00:00 pm,0
10-Mar-19 05:00:00 pm,0
10-Mar-19 09:00:00 pm,0
11-Mar-19 01:00:00 am,0
11-Mar-19 05:00:00 am,23
11-Mar-19 09:00:00 am,33
11-Mar-19 01:00:00 pm,33
11-Mar-19 05:00:00 pm,10
11-Mar-19 09:00:00 pm,4
12-Mar-19 01:00:00 am,0
12-Mar-19 05:00:00 am,23
12-Mar-19 09:00:00 am,33
12-Mar-19 01:00:00 pm,33
12-Mar-19 05:00:00 pm,12
12-Mar-19 09:00:00 pm,4
13-Mar-19 01:00:00 am,0
13-Mar-19 05:00:00 am,23
13-Mar-19 09:00:00 am,33
13-Mar-19 01:00:00 pm,33
13-Mar-19 05:00:00 pm,11
13-Mar-19 09:00:00 pm,2
14-Mar-19 01:00:00 am,0
14-Mar-19 05:00:00 am,21
14-Mar-19 09:00:00 am,33
14-Mar-19 01:00:00 pm,33
14-Mar-19 05:00:00 pm,10
14-Mar-19 09:00:00 pm,2
15-Mar-19 01:00:00 am,0
15-Mar-19 05:00:00 am,23
15-Mar-19 09:00:00 am,33
15-Mar-19 01:00:00 pm,33
15-Mar-19 05:00:00 pm,10
15-Mar-19 09:00:00 pm,0
16-Mar-19 01:00:00 am,0
16-Mar-19 05:00:00 am,0
16-Mar-19 09:00:00 am,4
16-Mar-19 01:00:00 pm,0
16-Mar-19 05:00:00 pm,2
16-Mar-19 09:00:00 pm,0
17-Mar-19 01:00:00 am,0
17-Mar-19 05:00:00 am,0
17-Mar-19 09:00:00 am,0
17-Mar-19 01:00:00 pm,0
17-Mar-19 05:00:00 pm,5
17-Mar-19 09:00:00 pm,0
18-Mar-19 01:00:00 am,4
18-Mar-19 05:00:00 am,23
18-Mar-19 09:00:00 am,33
18-Mar-19 01:00:00 pm,33
18-Mar-19 05:00:00 pm,10
18-Mar-19 09:00:00 pm,4
19-Mar-19 01:00:00 am,0
19-Mar-19 05:00:00 am,23
19-Mar-19 09:00:00 am,33
19-Mar-19 01:00:00 pm,33
19-Mar-19 05:00:00 pm,10
19-Mar-19 09:00:00 pm,2
20-Mar-19 01:00:00 am,0
20-Mar-19 05:00:00 am,23
20-Mar-19 09:00:00 am,33
20-Mar-19 01:00:00 pm,33
20-Mar-19 05:00:00 pm,10
20-Mar-19 09:00:00 pm,4
21-Mar-19 01:00:00 am,0
21-Mar-19 05:00:00 am,23
21-Mar-19 09:00:00 am,33
21-Mar-19 01:00:00 pm,33
21-Mar-19 05:00:00 pm,14
21-Mar-19 09:00:00 pm,0
22-Mar-19 01:00:00 am,0
22-Mar-19 05:00:00 am,23
22-Mar-19 09:00:00 am,33
22-Mar-19 01:00:00 pm,33
22-Mar-19 05:00:00 pm,10
22-Mar-19 09:00:00 pm,0
23-Mar-19 01:00:00 am,0
23-Mar-19 05:00:00 am,0
23-Mar-19 09:00:00 am,2
23-Mar-19 01:00:00 pm,0
23-Mar-19 05:00:00 pm,0
23-Mar-19 09:00:00 pm,0
24-Mar-19 01:00:00 am,0
24-Mar-19 05:00:00 am,0
24-Mar-19 09:00:00 am,0
24-Mar-19 01:00:00 pm,7
24-Mar-19 05:00:00 pm,2
24-Mar-19 09:00:00 pm,0
25-Mar-19 01:00:00 am,0
25-Mar-19 05:00:00 am,23
25-Mar-19 09:00:00 am,33
25-Mar-19 01:00:00 pm,33
25-Mar-19 05:00:00 pm,10
25-Mar-19 09:00:00 pm,4
26-Mar-19 01:00:00 am,0
26-Mar-19 05:00:00 am,23
26-Mar-19 09:00:00 am,33
26-Mar-19 01:00:00 pm,33
26-Mar-19 05:00:00 pm,10
26-Mar-19 09:00:00 pm,4
27-Mar-19 01:00:00 am,0
27-Mar-19 05:00:00 am,23
27-Mar-19 09:00:00 am,33
27-Mar-19 01:00:00 pm,33
27-Mar-19 05:00:00 pm,10
27-Mar-19 09:00:00 pm,2
28-Mar-19 01:00:00 am,0
28-Mar-19 05:00:00 am,23
28-Mar-19 09:00:00 am,33
28-Mar-19 01:00:00 pm,33
28-Mar-19 05:00:00 pm,14
28-Mar-19 09:00:00 pm,0
29-Mar-19 01:00:00 am,0
29-Mar-19 05:00:00 am,23
29-Mar-19 09:00:00 am,33
29-Mar-19 01:00:00 pm,33
29-Mar-19 05:00:00 pm,10
29-Mar-19 09:00:00 pm,0
30-Mar-19 01:00:00 am,0
30-Mar-19 05:00:00 am,0
30-Mar-19 09:00:00 am,0
30-Mar-19 01:00:00 pm,0
30-Mar-19 05:00:00 pm,0
30-Mar-19 09:00:00 pm,0
31-Mar-19 01:00:00 am,0
31-Mar-19 05:00:00 am,0
31-Mar-19 09:00:00 am,0
31-Mar-19 01:00:00 pm,0
31-Mar-19 05:00:00 pm,4
31-Mar-19 09:00:00 pm,0
01-Apr-19 01:00:00 am,0
01-Apr-19 05:00:00 am,23
01-Apr-19 09:00:00 am,33
01-Apr-19 01:00:00 pm,33
01-Apr-19 05:00:00 pm,14
01-Apr-19 09:00:00 pm,0
02-Apr-19 01:00:00 am,0
02-Apr-19 05:00:00 am,23
02-Apr-19 09:00:00 am,33
02-Apr-19 01:00:00 pm,33
02-Apr-19 05:00:00 pm,12
02-Apr-19 09:00:00 pm,0
03-Apr-19 01:00:00 am,0
03-Apr-19 05:00:00 am,23
03-Apr-19 09:00:00 am,33
03-Apr-19 01:00:00 pm,33
03-Apr-19 05:00:00 pm,19
03-Apr-19 09:00:00 pm,0
04-Apr-19 01:00:00 am,0
04-Apr-19 05:00:00 am,23
04-Apr-19 09:00:00 am,33
04-Apr-19 01:00:00 pm,33
04-Apr-19 05:00:00 pm,10
04-Apr-19 09:00:00 pm,0
05-Apr-19 01:00:00 am,0
05-Apr-19 05:00:00 am,23
05-Apr-19 09:00:00 am,33
05-Apr-19 01:00:00 pm,33
05-Apr-19 05:00:00 pm,10
05-Apr-19 09:00:00 pm,0
06-Apr-19 01:00:00 am,0
06-Apr-19 05:00:00 am,4
06-Apr-19 09:00:00 am,0
06-Apr-19 01:00:00 pm,0
06-Apr-19 05:00:00 pm,0
06-Apr-19 09:00:00 pm,0
07-Apr-19 01:00:00 am,0
07-Apr-19 05:00:00 am,0
07-Apr-19 09:00:00 am,7
07-Apr-19 01:00:00 pm,4
07-Apr-19 05:00:00 pm,0
07-Apr-19 09:00:00 pm,0
08-Apr-19 01:00:00 am,0
08-Apr-19 05:00:00 am,23
08-Apr-19 09:00:00 am,33
08-Apr-19 01:00:00 pm,33
08-Apr-19 05:00:00 pm,10
08-Apr-19 09:00:00 pm,0
09-Apr-19 01:00:00 am,0
09-Apr-19 05:00:00 am,23
09-Apr-19 09:00:00 am,33
09-Apr-19 01:00:00 pm,33
09-Apr-19 05:00:00 pm,10
09-Apr-19 09:00:00 pm,0
10-Apr-19 01:00:00 am,0
10-Apr-19 05:00:00 am,23
10-Apr-19 09:00:00 am,33
10-Apr-19 01:00:00 pm,33
10-Apr-19 05:00:00 pm,10
10-Apr-19 09:00:00 pm,0
11-Apr-19 01:00:00 am,0
11-Apr-19 05:00:00 am,23
11-Apr-19 09:00:00 am,33
11-Apr-19 01:00:00 pm,33
11-Apr-19 05:00:00 pm,12
11-Apr-19 09:00:00 pm,6
12-Apr-19 01:00:00 am,0
12-Apr-19 05:00:00 am,23
12-Apr-19 09:00:00 am,33
12-Apr-19 01:00:00 pm,33
12-Apr-19 05:00:00 pm,10
12-Apr-19 09:00:00 pm,0
13-Apr-19 01:00:00 am,0
13-Apr-19 05:00:00 am,0
13-Apr-19 09:00:00 am,4
13-Apr-19 01:00:00 pm,0
13-Apr-19 05:00:00 pm,0
13-Apr-19 09:00:00 pm,0
14-Apr-19 01:00:00 am,0
14-Apr-19 05:00:00 am,0
14-Apr-19 09:00:00 am,0
14-Apr-19 01:00:00 pm,0
14-Apr-19 05:00:00 pm,0
14-Apr-19 09:00:00 pm,0
15-Apr-19 01:00:00 am,0
15-Apr-19 05:00:00 am,23
15-Apr-19 09:00:00 am,33
15-Apr-19 01:00:00 pm,33
15-Apr-19 05:00:00 pm,12
15-Apr-19 09:00:00 pm,2
16-Apr-19 01:00:00 am,0
16-Apr-19 05:00:00 am,23
16-Apr-19 09:00:00 am,33
16-Apr-19 01:00:00 pm,33
16-Apr-19 05:00:00 pm,10
16-Apr-19 09:00:00 pm,6
17-Apr-19 01:00:00 am,0
17-Apr-19 05:00:00 am,27
17-Apr-19 09:00:00 am,33
17-Apr-19 01:00:00 pm,33
17-Apr-19 05:00:00 pm,14
17-Apr-19 09:00:00 pm,4
18-Apr-19 01:00:00 am,0
18-Apr-19 05:00:00 am,23
18-Apr-19 09:00:00 am,33
18-Apr-19 01:00:00 pm,33
18-Apr-19 05:00:00 pm,10
18-Apr-19 09:00:00 pm,4
19-Apr-19 01:00:00 am,0
19-Apr-19 05:00:00 am,23
19-Apr-19 09:00:00 am,33
19-Apr-19 01:00:00 pm,33
19-Apr-19 05:00:00 pm,10
19-Apr-19 09:00:00 pm,0
20-Apr-19 01:00:00 am,0
20-Apr-19 05:00:00 am,0
20-Apr-19 09:00:00 am,0
20-Apr-19 01:00:00 pm,0
20-Apr-19 05:00:00 pm,0
20-Apr-19 09:00:00 pm,0
21-Apr-19 01:00:00 am,0
21-Apr-19 05:00:00 am,0
21-Apr-19 09:00:00 am,0
21-Apr-19 01:00:00 pm,0
21-Apr-19 05:00:00 pm,0
21-Apr-19 09:00:00 pm,0
22-Apr-19 01:00:00 am,0
22-Apr-19 05:00:00 am,23
22-Apr-19 09:00:00 am,33
22-Apr-19 01:00:00 pm,33
22-Apr-19 05:00:00 pm,10
22-Apr-19 09:00:00 pm,4
23-Apr-19 01:00:00 am,0
23-Apr-19 05:00:00 am,23
23-Apr-19 09:00:00 am,33
23-Apr-19 01:00:00 pm,33
23-Apr-19 05:00:00 pm,10
23-Apr-19 09:00:00 pm,2
24-Apr-19 01:00:00 am,0
24-Apr-19 05:00:00 am,23
24-Apr-19 09:00:00 am,33
24-Apr-19 01:00:00 pm,33
24-Apr-19 05:00:00 pm,14
24-Apr-19 09:00:00 pm,4
25-Apr-19 01:00:00 am,0
25-Apr-19 05:00:00 am,23
25-Apr-19 09:00:00 am,33
25-Apr-19 01:00:00 pm,33
25-Apr-19 05:00:00 pm,10
25-Apr-19 09:00:00 pm,4
26-Apr-19 01:00:00 am,0
26-Apr-19 05:00:00 am,23
26-Apr-19 09:00:00 am,33
26-Apr-19 01:00:00 pm,33
26-Apr-19 05:00:00 pm,10
26-Apr-19 09:00:00 pm,0
27-Apr-19 01:00:00 am,0
27-Apr-19 05:00:00 am,0
27-Apr-19 09:00:00 am,0
27-Apr-19 01:00:00 pm,4
27-Apr-19 05:00:00 pm,0
27-Apr-19 09:00:00 pm,0
28-Apr-19 01:00:00 am,0
28-Apr-19 05:00:00 am,0
28-Apr-19 09:00:00 am,0
28-Apr-19 01:00:00 pm,0
28-Apr-19 05:00:00 pm,2
28-Apr-19 09:00:00 pm,0
29-Apr-19 01:00:00 am,0
29-Apr-19 05:00:00 am,23
29-Apr-19 09:00:00 am,33
29-Apr-19 01:00:00 pm,33
29-Apr-19 05:00:00 pm,10
29-Apr-19 09:00:00 pm,4
30-Apr-19 01:00:00 am,0
30-Apr-19 05:00:00 am,23
30-Apr-19 09:00:00 am,33
30-Apr-19 01:00:00 pm,33
30-Apr-19 05:00:00 pm,12
30-Apr-19 09:00:00 pm,4
01-May-19 01:00:00 am,0
01-May-19 05:00:00 am,23
01-May-19 09:00:00 am,33
01-May-19 01:00:00 pm,33
01-May-19 05:00:00 pm,10
01-May-19 09:00:00 pm,4
02-May-19 01:00:00 am,0
02-May-19 05:00:00 am,23
02-May-19 09:00:00 am,33
02-May-19 01:00:00 pm,33
02-May-19 05:00:00 pm,10
02-May-19 09:00:00 pm,4
03-May-19 01:00:00 am,0
03-May-19 05:00:00 am,23
03-May-19 09:00:00 am,33
03-May-19 01:00:00 pm,33
03-May-19 05:00:00 pm,10
03-May-19 09:00:00 pm,0
04-May-19 01:00:00 am,2
04-May-19 05:00:00 am,0
04-May-19 09:00:00 am,0
04-May-19 01:00:00 pm,0
04-May-19 05:00:00 pm,0
04-May-19 09:00:00 pm,0
05-May-19 01:00:00 am,0
05-May-19 05:00:00 am,0
05-May-19 09:00:00 am,0
05-May-19 01:00:00 pm,0
05-May-19 05:00:00 pm,6
05-May-19 09:00:00 pm,0
06-May-19 01:00:00 am,0
06-May-19 05:00:00 am,23
06-May-19 09:00:00 am,33
06-May-19 01:00:00 pm,33
06-May-19 05:00:00 pm,10
06-May-19 09:00:00 pm,4
07-May-19 01:00:00 am,4
07-May-19 05:00:00 am,23
07-May-19 09:00:00 am,33
07-May-19 01:00:00 pm,33
07-May-19 05:00:00 pm,10
07-May-19 09:00:00 pm,2
08-May-19 01:00:00 am,0
08-May-19 05:00:00 am,23
08-May-19 09:00:00 am,33
08-May-19 01:00:00 pm,33
08-May-19 05:00:00 pm,10
08-May-19 09:00:00 pm,4
09-May-19 01:00:00 am,0
09-May-19 05:00:00 am,23
09-May-19 09:00:00 am,33
09-May-19 01:00:00 pm,33
09-May-19 05:00:00 pm,10
09-May-19 09:00:00 pm,2
10-May-19 01:00:00 am,0
10-May-19 05:00:00 am,23
10-May-19 09:00:00 am,33
10-May-19 01:00:00 pm,33
10-May-19 05:00:00 pm,10
10-May-19 09:00:00 pm,0
11-May-19 01:00:00 am,0
11-May-19 05:00:00 am,0
11-May-19 09:00:00 am,0
11-May-19 01:00:00 pm,8
11-May-19 05:00:00 pm,13
11-May-19 09:00:00 pm,0
12-May-19 01:00:00 am,0
12-May-19 05:00:00 am,0
12-May-19 09:00:00 am,0
12-May-19 01:00:00 pm,0
12-May-19 05:00:00 pm,4
12-May-19 09:00:00 pm,0
13-May-19 01:00:00 am,0
13-May-19 05:00:00 am,23
13-May-19 09:00:00 am,33
13-May-19 01:00:00 pm,33
13-May-19 05:00:00 pm,10
13-May-19 09:00:00 pm,4
14-May-19 01:00:00 am,0
14-May-19 05:00:00 am,23
14-May-19 09:00:00 am,33
14-May-19 01:00:00 pm,33
14-May-19 05:00:00 pm,10
14-May-19 09:00:00 pm,4
15-May-19 01:00:00 am,0
15-May-19 05:00:00 am,23
15-May-19 09:00:00 am,33
15-May-19 01:00:00 pm,33
15-May-19 05:00:00 pm,10
15-May-19 09:00:00 pm,4
16-May-19 01:00:00 am,0
16-May-19 05:00:00 am,23
16-May-19 09:00:00 am,33
16-May-19 01:00:00 pm,33
16-May-19 05:00:00 pm,10
16-May-19 09:00:00 pm,4
17-May-19 01:00:00 am,0
17-May-19 05:00:00 am,23
17-May-19 09:00:00 am,33
17-May-19 01:00:00 pm,33
17-May-19 05:00:00 pm,10
17-May-19 09:00:00 pm,0
18-May-19 01:00:00 am,0
18-May-19 05:00:00 am,0
18-May-19 09:00:00 am,0
18-May-19 01:00:00 pm,0
18-May-19 05:00:00 pm,0
18-May-19 09:00:00 pm,0
19-May-19 01:00:00 am,0
19-May-19 05:00:00 am,0
19-May-19 09:00:00 am,4
19-May-19 01:00:00 pm,0
19-May-19 05:00:00 pm,4
19-May-19 09:00:00 pm,0
20-May-19 01:00:00 am,0
20-May-19 05:00:00 am,23
20-May-19 09:00:00 am,33
20-May-19 01:00:00 pm,33
20-May-19 05:00:00 pm,11
20-May-19 09:00:00 pm,4
21-May-19 01:00:00 am,0
21-May-19 05:00:00 am,23
21-May-19 09:00:00 am,33
21-May-19 01:00:00 pm,33
21-May-19 05:00:00 pm,10
21-May-19 09:00:00 pm,4
22-May-19 01:00:00 am,0
22-May-19 05:00:00 am,23
22-May-19 09:00:00 am,33
22-May-19 01:00:00 pm,33
22-May-19 05:00:00 pm,12
22-May-19 09:00:00 pm,4
23-May-19 01:00:00 am,0
23-May-19 05:00:00 am,23
23-May-19 09:00:00 am,33
23-May-19 01:00:00 pm,33
23-May-19 05:00:00 pm,10
23-May-19 09:00:00 pm,4
24-May-19 01:00:00 am,0
24-May-19 05:00:00 am,23
24-May-19 09:00:00 am,33
24-May-19 01:00:00 pm,33
24-May-19 05:00:00 pm,10
24-May-19 09:00:00 pm,0
25-May-19 01:00:00 am,0
25-May-19 05:00:00 am,0
25-May-19 09:00:00 am,0
25-May-19 01:00:00 pm,0
25-May-19 05:00:00 pm,0
25-May-19 09:00:00 pm,0
26-May-19 01:00:00 am,0
26-May-19 05:00:00 am,0
26-May-19 09:00:00 am,0
26-May-19 01:00:00 pm,0
26-May-19 05:00:00 pm,0
26-May-19 09:00:00 pm,0
27-May-19 01:00:00 am,0
27-May-19 05:00:00 am,23
27-May-19 09:00:00 am,33
27-May-19 01:00:00 pm,33
27-May-19 05:00:00 pm,10
27-May-19 09:00:00 pm,0
28-May-19 01:00:00 am,0
28-May-19 05:00:00 am,23
28-May-19 09:00:00 am,33
28-May-19 01:00:00 pm,33
28-May-19 05:00:00 pm,10
28-May-19 09:00:00 pm,4
29-May-19 01:00:00 am,0
29-May-19 05:00:00 am,23
29-May-19 09:00:00 am,33
29-May-19 01:00:00 pm,33
29-May-19 05:00:00 pm,10
29-May-19 09:00:00 pm,0
30-May-19 01:00:00 am,0
30-May-19 05:00:00 am,23
30-May-19 09:00:00 am,33
30-May-19 01:00:00 pm,33
30-May-19 05:00:00 pm,10
30-May-19 09:00:00 pm,0
31-May-19 01:00:00 am,0
31-May-19 05:00:00 am,23
31-May-19 09:00:00 am,33
31-May-19 01:00:00 pm,33
31-May-19 05:00:00 pm,10
31-May-19 09:00:00 pm,0
01-Jun-19 01:00:00 am,0
01-Jun-19 05:00:00 am,0
01-Jun-19 09:00:00 am,2
01-Jun-19 01:00:00 pm,0
01-Jun-19 05:00:00 pm,4
01-Jun-19 09:00:00 pm,2
02-Jun-19 01:00:00 am,0
02-Jun-19 05:00:00 am,0
02-Jun-19 09:00:00 am,0
02-Jun-19 01:00:00 pm,0
02-Jun-19 05:00:00 pm,6
02-Jun-19 09:00:00 pm,0
03-Jun-19 01:00:00 am,0
03-Jun-19 05:00:00 am,33
03-Jun-19 09:00:00 am,33
03-Jun-19 01:00:00 pm,33
03-Jun-19 05:00:00 pm,10
03-Jun-19 09:00:00 pm,0
04-Jun-19 01:00:00 am,0
04-Jun-19 05:00:00 am,23
04-Jun-19 09:00:00 am,33
04-Jun-19 01:00:00 pm,33
04-Jun-19 05:00:00 pm,10
04-Jun-19 09:00:00 pm,2
05-Jun-19 01:00:00 am,0
05-Jun-19 05:00:00 am,23
05-Jun-19 09:00:00 am,33
05-Jun-19 01:00:00 pm,33
05-Jun-19 05:00:00 pm,10
05-Jun-19 09:00:00 pm,4
06-Jun-19 01:00:00 am,0
06-Jun-19 05:00:00 am,23
06-Jun-19 09:00:00 am,33
06-Jun-19 01:00:00 pm,33
06-Jun-19 05:00:00 pm,10
06-Jun-19 09:00:00 pm,4
07-Jun-19 01:00:00 am,2
07-Jun-19 05:00:00 am,23
07-Jun-19 09:00:00 am,33
07-Jun-19 01:00:00 pm,33
07-Jun-19 05:00:00 pm,10
07-Jun-19 09:00:00 pm,0
08-Jun-19 01:00:00 am,0
08-Jun-19 05:00:00 am,0
08-Jun-19 09:00:00 am,0
08-Jun-19 01:00:00 pm,0
08-Jun-19 05:00:00 pm,0
08-Jun-19 09:00:00 pm,0
09-Jun-19 01:00:00 am,0
09-Jun-19 05:00:00 am,0
09-Jun-19 09:00:00 am,0
09-Jun-19 01:00:00 pm,0
09-Jun-19 05:00:00 pm,0
09-Jun-19 09:00:00 pm,4
10-Jun-19 01:00:00 am,0
10-Jun-19 05:00:00 am,23
10-Jun-19 09:00:00 am,33
10-Jun-19 01:00:00 pm,33
10-Jun-19 05:00:00 pm,10
10-Jun-19 09:00:00 pm,2
11-Jun-19 01:00:00 am,0
11-Jun-19 05:00:00 am,29
11-Jun-19 09:00:00 am,33
11-Jun-19 01:00:00 pm,33
11-Jun-19 05:00:00 pm,10
11-Jun-19 09:00:00 pm,4
12-Jun-19 01:00:00 am,2
12-Jun-19 05:00:00 am,33
12-Jun-19 09:00:00 am,33
12-Jun-19 01:00:00 pm,33
12-Jun-19 05:00:00 pm,10
12-Jun-19 09:00:00 pm,2
13-Jun-19 01:00:00 am,10
13-Jun-19 05:00:00 am,33
13-Jun-19 09:00:00 am,33
13-Jun-19 01:00:00 pm,33
13-Jun-19 05:00:00 pm,10
13-Jun-19 09:00:00 pm,4
14-Jun-19 01:00:00 am,0
14-Jun-19 05:00:00 am,27
14-Jun-19 09:00:00 am,33
14-Jun-19 01:00:00 pm,33
14-Jun-19 05:00:00 pm,10
14-Jun-19 09:00:00 pm,0
15-Jun-19 01:00:00 am,0
15-Jun-19 05:00:00 am,0
15-Jun-19 09:00:00 am,0
15-Jun-19 01:00:00 pm,0
15-Jun-19 05:00:00 pm,0
15-Jun-19 09:00:00 pm,0
16-Jun-19 01:00:00 am,0
16-Jun-19 05:00:00 am,0
16-Jun-19 09:00:00 am,0
16-Jun-19 01:00:00 pm,0
16-Jun-19 05:00:00 pm,8
16-Jun-19 09:00:00 pm,0
17-Jun-19 01:00:00 am,6
17-Jun-19 05:00:00 am,33
17-Jun-19 09:00:00 am,33
17-Jun-19 01:00:00 pm,33
17-Jun-19 05:00:00 pm,10
17-Jun-19 09:00:00 pm,4
18-Jun-19 01:00:00 am,0
18-Jun-19 05:00:00 am,33
18-Jun-19 09:00:00 am,33
18-Jun-19 01:00:00 pm,33
18-Jun-19 05:00:00 pm,10
18-Jun-19 09:00:00 pm,0
19-Jun-19 01:00:00 am,0
19-Jun-19 05:00:00 am,23
19-Jun-19 09:00:00 am,33
19-Jun-19 01:00:00 pm,33
19-Jun-19 05:00:00 pm,10
19-Jun-19 09:00:00 pm,4
20-Jun-19 01:00:00 am,0
20-Jun-19 05:00:00 am,23
20-Jun-19 09:00:00 am,33
20-Jun-19 01:00:00 pm,33
20-Jun-19 05:00:00 pm,10
20-Jun-19 09:00:00 pm,4
21-Jun-19 01:00:00 am,0
21-Jun-19 05:00:00 am,23
21-Jun-19 09:00:00 am,33
21-Jun-19 01:00:00 pm,33
21-Jun-19 05:00:00 pm,10
21-Jun-19 09:00:00 pm,0
22-Jun-19 01:00:00 am,0
22-Jun-19 05:00:00 am,0
22-Jun-19 09:00:00 am,0
22-Jun-19 01:00:00 pm,0
22-Jun-19 05:00:00 pm,0
22-Jun-19 09:00:00 pm,0
23-Jun-19 01:00:00 am,0
23-Jun-19 05:00:00 am,0
23-Jun-19 09:00:00 am,0
23-Jun-19 01:00:00 pm,0
23-Jun-19 05:00:00 pm,0
23-Jun-19 09:00:00 pm,0
24-Jun-19 01:00:00 am,0
24-Jun-19 05:00:00 am,23
24-Jun-19 09:00:00 am,33
24-Jun-19 01:00:00 pm,33
24-Jun-19 05:00:00 pm,10
24-Jun-19 09:00:00 pm,0
25-Jun-19 01:00:00 am,0
25-Jun-19 05:00:00 am,23
25-Jun-19 09:00:00 am,33
25-Jun-19 01:00:00 pm,33
25-Jun-19 05:00:00 pm,10
25-Jun-19 09:00:00 pm,4
26-Jun-19 01:00:00 am,0
26-Jun-19 05:00:00 am,23
26-Jun-19 09:00:00 am,33
26-Jun-19 01:00:00 pm,33
26-Jun-19 05:00:00 pm,10
26-Jun-19 09:00:00 pm,4
27-Jun-19 01:00:00 am,0
27-Jun-19 05:00:00 am,23
27-Jun-19 09:00:00 am,33
27-Jun-19 01:00:00 pm,33
27-Jun-19 05:00:00 pm,10
27-Jun-19 09:00:00 pm,2
28-Jun-19 01:00:00 am,0
28-Jun-19 05:00:00 am,23
28-Jun-19 09:00:00 am,33
28-Jun-19 01:00:00 pm,33
28-Jun-19 05:00:00 pm,10
28-Jun-19 09:00:00 pm,2
29-Jun-19 01:00:00 am,0
29-Jun-19 05:00:00 am,0
29-Jun-19 09:00:00 am,0
29-Jun-19 01:00:00 pm,2
29-Jun-19 05:00:00 pm,4
29-Jun-19 09:00:00 pm,0
30-Jun-19 01:00:00 am,0
30-Jun-19 05:00:00 am,0
30-Jun-19 09:00:00 am,0
30-Jun-19 01:00:00 pm,4
30-Jun-19 05:00:00 pm,8
30-Jun-19 09:00:00 pm,0
01-Jul-19 01:00:00 am,6
01-Jul-19 05:00:00 am,33
01-Jul-19 09:00:00 am,33
01-Jul-19 01:00:00 pm,33
01-Jul-19 05:00:00 pm,10
01-Jul-19 09:00:00 pm,4
02-Jul-19 01:00:00 am,0
02-Jul-19 05:00:00 am,31
02-Jul-19 09:00:00 am,33
02-Jul-19 01:00:00 pm,33
02-Jul-19 05:00:00 pm,10
02-Jul-19 09:00:00 pm,4
03-Jul-19 01:00:00 am,0
03-Jul-19 05:00:00 am,23
03-Jul-19 09:00:00 am,33
03-Jul-19 01:00:00 pm,33
03-Jul-19 05:00:00 pm,10
03-Jul-19 09:00:00 pm,4
04-Jul-19 01:00:00 am,0
04-Jul-19 05:00:00 am,23
04-Jul-19 09:00:00 am,33
04-Jul-19 01:00:00 pm,33
04-Jul-19 05:00:00 pm,10
04-Jul-19 09:00:00 pm,0
05-Jul-19 01:00:00 am,0
05-Jul-19 05:00:00 am,23
05-Jul-19 09:00:00 am,33
05-Jul-19 01:00:00 pm,33
05-Jul-19 05:00:00 pm,10
05-Jul-19 09:00:00 pm,0
06-Jul-19 01:00:00 am,0
06-Jul-19 05:00:00 am,0
06-Jul-19 09:00:00 am,0
06-Jul-19 01:00:00 pm,0
06-Jul-19 05:00:00 pm,0
06-Jul-19 09:00:00 pm,0
07-Jul-19 01:00:00 am,0
07-Jul-19 05:00:00 am,0
07-Jul-19 09:00:00 am,0
07-Jul-19 01:00:00 pm,0
07-Jul-19 05:00:00 pm,0
07-Jul-19 09:00:00 pm,0
08-Jul-19 01:00:00 am,0
08-Jul-19 05:00:00 am,23
08-Jul-19 09:00:00 am,33
08-Jul-19 01:00:00 pm,33
08-Jul-19 05:00:00 pm,10
08-Jul-19 09:00:00 pm,4
09-Jul-19 01:00:00 am,0
09-Jul-19 05:00:00 am,23
09-Jul-19 09:00:00 am,33
09-Jul-19 01:00:00 pm,33
09-Jul-19 05:00:00 pm,10
09-Jul-19 09:00:00 pm,4
10-Jul-19 01:00:00 am,0
10-Jul-19 05:00:00 am,27
10-Jul-19 09:00:00 am,33
10-Jul-19 01:00:00 pm,33
10-Jul-19 05:00:00 pm,13
10-Jul-19 09:00:00 pm,4
11-Jul-19 01:00:00 am,0
11-Jul-19 05:00:00 am,25
11-Jul-19 09:00:00 am,33
11-Jul-19 01:00:00 pm,33
11-Jul-19 05:00:00 pm,10
11-Jul-19 09:00:00 pm,4
12-Jul-19 01:00:00 am,0
12-Jul-19 05:00:00 am,23
12-Jul-19 09:00:00 am,33
12-Jul-19 01:00:00 pm,33
12-Jul-19 05:00:00 pm,10
12-Jul-19 09:00:00 pm,0
13-Jul-19 01:00:00 am,0
13-Jul-19 05:00:00 am,0
13-Jul-19 09:00:00 am,0
13-Jul-19 01:00:00 pm,4
13-Jul-19 05:00:00 pm,8
13-Jul-19 09:00:00 pm,0
14-Jul-19 01:00:00 am,0
14-Jul-19 05:00:00 am,0
14-Jul-19 09:00:00 am,0
14-Jul-19 01:00:00 pm,8
14-Jul-19 05:00:00 pm,11
14-Jul-19 09:00:00 pm,0
15-Jul-19 01:00:00 am,8
15-Jul-19 05:00:00 am,33
15-Jul-19 09:00:00 am,33
15-Jul-19 01:00:00 pm,33
15-Jul-19 05:00:00 pm,10
15-Jul-19 09:00:00 pm,4
16-Jul-19 01:00:00 am,0
16-Jul-19 05:00:00 am,29
16-Jul-19 09:00:00 am,33
16-Jul-19 01:00:00 pm,33
16-Jul-19 05:00:00 pm,10
16-Jul-19 09:00:00 pm,4
17-Jul-19 01:00:00 am,2
17-Jul-19 05:00:00 am,33
17-Jul-19 09:00:00 am,33
17-Jul-19 01:00:00 pm,33
17-Jul-19 05:00:00 pm,10
17-Jul-19 09:00:00 pm,0
18-Jul-19 01:00:00 am,0
18-Jul-19 05:00:00 am,23
18-Jul-19 09:00:00 am,33
18-Jul-19 01:00:00 pm,33
18-Jul-19 05:00:00 pm,10
18-Jul-19 09:00:00 pm,4
19-Jul-19 01:00:00 am,0
19-Jul-19 05:00:00 am,23
19-Jul-19 09:00:00 am,33
19-Jul-19 01:00:00 pm,33
19-Jul-19 05:00:00 pm,10
19-Jul-19 09:00:00 pm,0
20-Jul-19 01:00:00 am,0
20-Jul-19 05:00:00 am,0
20-Jul-19 09:00:00 am,0
20-Jul-19 01:00:00 pm,0
20-Jul-19 05:00:00 pm,6
20-Jul-19 09:00:00 pm,0
21-Jul-19 01:00:00 am,0
21-Jul-19 05:00:00 am,0
21-Jul-19 09:00:00 am,0
21-Jul-19 01:00:00 pm,6
21-Jul-19 05:00:00 pm,11
21-Jul-19 09:00:00 pm,0
22-Jul-19 01:00:00 am,6
22-Jul-19 05:00:00 am,33
22-Jul-19 09:00:00 am,33
22-Jul-19 01:00:00 pm,33
22-Jul-19 05:00:00 pm,10
22-Jul-19 09:00:00 pm,0
23-Jul-19 01:00:00 am,0
23-Jul-19 05:00:00 am,33
23-Jul-19 09:00:00 am,33
23-Jul-19 01:00:00 pm,33
23-Jul-19 05:00:00 pm,10
23-Jul-19 09:00:00 pm,0
24-Jul-19 01:00:00 am,0
24-Jul-19 05:00:00 am,26
24-Jul-19 09:00:00 am,33
24-Jul-19 01:00:00 pm,33
24-Jul-19 05:00:00 pm,10
24-Jul-19 09:00:00 pm,0
25-Jul-19 01:00:00 am,0
25-Jul-19 05:00:00 am,25
25-Jul-19 09:00:00 am,33
25-Jul-19 01:00:00 pm,33
25-Jul-19 05:00:00 pm,10
25-Jul-19 09:00:00 pm,0
26-Jul-19 01:00:00 am,3
26-Jul-19 05:00:00 am,33
26-Jul-19 09:00:00 am,33
26-Jul-19 01:00:00 pm,33
26-Jul-19 05:00:00 pm,10
26-Jul-19 09:00:00 pm,0
27-Jul-19 01:00:00 am,0
27-Jul-19 05:00:00 am,0
27-Jul-19 09:00:00 am,0
27-Jul-19 01:00:00 pm,0
27-Jul-19 05:00:00 pm,2
27-Jul-19 09:00:00 pm,0
28-Jul-19 01:00:00 am,0
28-Jul-19 05:00:00 am,0
28-Jul-19 09:00:00 am,0
28-Jul-19 01:00:00 pm,4
28-Jul-19 05:00:00 pm,15
28-Jul-19 09:00:00 pm,0
29-Jul-19 01:00:00 am,6
29-Jul-19 05:00:00 am,33
29-Jul-19 09:00:00 am,33
29-Jul-19 01:00:00 pm,33
29-Jul-19 05:00:00 pm,10
29-Jul-19 09:00:00 pm,0
30-Jul-19 01:00:00 am,6
30-Jul-19 05:00:00 am,33
30-Jul-19 09:00:00 am,33
30-Jul-19 01:00:00 pm,33
30-Jul-19 05:00:00 pm,10
30-Jul-19 09:00:00 pm,0
31-Jul-19 01:00:00 am,0
31-Jul-19 05:00:00 am,27
31-Jul-19 09:00:00 am,33
31-Jul-19 01:00:00 pm,33
31-Jul-19 05:00:00 pm,10
31-Jul-19 09:00:00 pm,0
01-Aug-19 01:00:00 am,6
01-Aug-19 05:00:00 am,33
01-Aug-19 09:00:00 am,33
01-Aug-19 01:00:00 pm,33
01-Aug-19 05:00:00 pm,10
01-Aug-19 09:00:00 pm,0
02-Aug-19 01:00:00 am,10
02-Aug-19 05:00:00 am,33
02-Aug-19 09:00:00 am,33
02-Aug-19 01:00:00 pm,33
02-Aug-19 05:00:00 pm,10
02-Aug-19 09:00:00 pm,0
03-Aug-19 01:00:00 am,0
03-Aug-19 05:00:00 am,0
03-Aug-19 09:00:00 am,0
03-Aug-19 01:00:00 pm,7
03-Aug-19 05:00:00 pm,8
03-Aug-19 09:00:00 pm,2
04-Aug-19 01:00:00 am,0
04-Aug-19 05:00:00 am,0
04-Aug-19 09:00:00 am,0
04-Aug-19 01:00:00 pm,14
04-Aug-19 05:00:00 pm,12
04-Aug-19 09:00:00 pm,2
05-Aug-19 01:00:00 am,10
05-Aug-19 05:00:00 am,33
05-Aug-19 09:00:00 am,33
05-Aug-19 01:00:00 pm,33
05-Aug-19 05:00:00 pm,10
05-Aug-19 09:00:00 pm,0
06-Aug-19 01:00:00 am,7
06-Aug-19 05:00:00 am,33
06-Aug-19 09:00:00 am,33
06-Aug-19 01:00:00 pm,33
06-Aug-19 05:00:00 pm,10
06-Aug-19 09:00:00 pm,0
07-Aug-19 01:00:00 am,6
07-Aug-19 05:00:00 am,33
07-Aug-19 09:00:00 am,33
07-Aug-19 01:00:00 pm,33
07-Aug-19 05:00:00 pm,10
07-Aug-19 09:00:00 pm,0
08-Aug-19 01:00:00 am,2
08-Aug-19 05:00:00 am,33
08-Aug-19 09:00:00 am,33
08-Aug-19 01:00:00 pm,33
08-Aug-19 05:00:00 pm,10
08-Aug-19 09:00:00 pm,0
09-Aug-19 01:00:00 am,0
09-Aug-19 05:00:00 am,27
09-Aug-19 09:00:00 am,33
09-Aug-19 01:00:00 pm,33
09-Aug-19 05:00:00 pm,10
09-Aug-19 09:00:00 pm,0
10-Aug-19 01:00:00 am,0
10-Aug-19 05:00:00 am,0
10-Aug-19 09:00:00 am,0
10-Aug-19 01:00:00 pm,0
10-Aug-19 05:00:00 pm,0
10-Aug-19 09:00:00 pm,0
11-Aug-19 01:00:00 am,0
11-Aug-19 05:00:00 am,0
11-Aug-19 09:00:00 am,0
11-Aug-19 01:00:00 pm,0
11-Aug-19 05:00:00 pm,0
11-Aug-19 09:00:00 pm,0
12-Aug-19 01:00:00 am,6
12-Aug-19 05:00:00 am,33
12-Aug-19 09:00:00 am,33
12-Aug-19 01:00:00 pm,33
12-Aug-19 05:00:00 pm,10
12-Aug-19 09:00:00 pm,4
13-Aug-19 01:00:00 am,0
13-Aug-19 05:00:00 am,33
13-Aug-19 09:00:00 am,33
13-Aug-19 01:00:00 pm,33
13-Aug-19 05:00:00 pm,10
13-Aug-19 09:00:00 pm,0
14-Aug-19 01:00:00 am,5
14-Aug-19 05:00:00 am,33
14-Aug-19 09:00:00 am,33
14-Aug-19 01:00:00 pm,33
14-Aug-19 05:00:00 pm,10
14-Aug-19 09:00:00 pm,0
15-Aug-19 01:00:00 am,2
15-Aug-19 05:00:00 am,33
15-Aug-19 09:00:00 am,33
15-Aug-19 01:00:00 pm,33
15-Aug-19 05:00:00 pm,10
15-Aug-19 09:00:00 pm,0
16-Aug-19 01:00:00 am,6
16-Aug-19 05:00:00 am,33
16-Aug-19 09:00:00 am,33
16-Aug-19 01:00:00 pm,33
16-Aug-19 05:00:00 pm,10
16-Aug-19 09:00:00 pm,0
17-Aug-19 01:00:00 am,0
17-Aug-19 05:00:00 am,0
17-Aug-19 09:00:00 am,0
17-Aug-19 01:00:00 pm,0
17-Aug-19 05:00:00 pm,0
17-Aug-19 09:00:00 pm,0
18-Aug-19 01:00:00 am,0
18-Aug-19 05:00:00 am,0
18-Aug-19 09:00:00 am,0
18-Aug-19 01:00:00 pm,7
18-Aug-19 05:00:00 pm,6
18-Aug-19 09:00:00 pm,4
19-Aug-19 01:00:00 am,6
19-Aug-19 05:00:00 am,33
19-Aug-19 09:00:00 am,33
19-Aug-19 01:00:00 pm,33
19-Aug-19 05:00:00 pm,10
19-Aug-19 09:00:00 pm,4
20-Aug-19 01:00:00 am,0
20-Aug-19 05:00:00 am,23
20-Aug-19 09:00:00 am,33
20-Aug-19 01:00:00 pm,33
20-Aug-19 05:00:00 pm,17
20-Aug-19 09:00:00 pm,4
21-Aug-19 01:00:00 am,0
21-Aug-19 05:00:00 am,33
21-Aug-19 09:00:00 am,33
21-Aug-19 01:00:00 pm,33
21-Aug-19 05:00:00 pm,10
21-Aug-19 09:00:00 pm,4
22-Aug-19 01:00:00 am,0
22-Aug-19 05:00:00 am,23
22-Aug-19 09:00:00 am,33
22-Aug-19 01:00:00 pm,33
22-Aug-19 05:00:00 pm,10
22-Aug-19 09:00:00 pm,4
23-Aug-19 01:00:00 am,0
23-Aug-19 05:00:00 am,23
23-Aug-19 09:00:00 am,33
23-Aug-19 01:00:00 pm,33
23-Aug-19 05:00:00 pm,10
23-Aug-19 09:00:00 pm,0
24-Aug-19 01:00:00 am,0
24-Aug-19 05:00:00 am,0
24-Aug-19 09:00:00 am,0
24-Aug-19 01:00:00 pm,0
24-Aug-19 05:00:00 pm,0
24-Aug-19 09:00:00 pm,0
25-Aug-19 01:00:00 am,0
25-Aug-19 05:00:00 am,0
25-Aug-19 09:00:00 am,0
25-Aug-19 01:00:00 pm,5
25-Aug-19 05:00:00 pm,12
25-Aug-19 09:00:00 pm,0
26-Aug-19 01:00:00 am,6
26-Aug-19 05:00:00 am,33
26-Aug-19 09:00:00 am,33
26-Aug-19 01:00:00 pm,33
26-Aug-19 05:00:00 pm,10
26-Aug-19 09:00:00 pm,4
27-Aug-19 01:00:00 am,0
27-Aug-19 05:00:00 am,25
27-Aug-19 09:00:00 am,33
27-Aug-19 01:00:00 pm,33
27-Aug-19 05:00:00 pm,10
27-Aug-19 09:00:00 pm,0
28-Aug-19 01:00:00 am,6
28-Aug-19 05:00:00 am,33
28-Aug-19 09:00:00 am,33
28-Aug-19 01:00:00 pm,33
28-Aug-19 05:00:00 pm,10
28-Aug-19 09:00:00 pm,4
29-Aug-19 01:00:00 am,6
29-Aug-19 05:00:00 am,33
29-Aug-19 09:00:00 am,33
29-Aug-19 01:00:00 pm,33
29-Aug-19 05:00:00 pm,10
29-Aug-19 09:00:00 pm,4
30-Aug-19 01:00:00 am,0
30-Aug-19 05:00:00 am,29
30-Aug-19 09:00:00 am,33
30-Aug-19 01:00:00 pm,33
30-Aug-19 05:00:00 pm,10
30-Aug-19 09:00:00 pm,2
31-Aug-19 01:00:00 am,0
31-Aug-19 05:00:00 am,0
31-Aug-19 09:00:00 am,0
31-Aug-19 01:00:00 pm,0
31-Aug-19 05:00:00 pm,0
31-Aug-19 09:00:00 pm,0
01-Sep-19 01:00:00 am,0
01-Sep-19 05:00:00 am,0
01-Sep-19 09:00:00 am,0
01-Sep-19 01:00:00 pm,13
01-Sep-19 05:00:00 pm,8
01-Sep-19 09:00:00 pm,6
02-Sep-19 01:00:00 am,8
02-Sep-19 05:00:00 am,33
02-Sep-19 09:00:00 am,33
02-Sep-19 01:00:00 pm,33
02-Sep-19 05:00:00 pm,10
02-Sep-19 09:00:00 pm,0
03-Sep-19 01:00:00 am,0
03-Sep-19 05:00:00 am,27
03-Sep-19 09:00:00 am,33
03-Sep-19 01:00:00 pm,33
03-Sep-19 05:00:00 pm,10
03-Sep-19 09:00:00 pm,4
04-Sep-19 01:00:00 am,0
04-Sep-19 05:00:00 am,33
04-Sep-19 09:00:00 am,33
04-Sep-19 01:00:00 pm,33
04-Sep-19 05:00:00 pm,10
04-Sep-19 09:00:00 pm,4
05-Sep-19 01:00:00 am,0
05-Sep-19 05:00:00 am,24
05-Sep-19 09:00:00 am,33
05-Sep-19 01:00:00 pm,33
05-Sep-19 05:00:00 pm,10
05-Sep-19 09:00:00 pm,4
06-Sep-19 01:00:00 am,2
06-Sep-19 05:00:00 am,33
06-Sep-19 09:00:00 am,33
06-Sep-19 01:00:00 pm,33
06-Sep-19 05:00:00 pm,10
06-Sep-19 09:00:00 pm,0
07-Sep-19 01:00:00 am,0
07-Sep-19 05:00:00 am,0
07-Sep-19 09:00:00 am,0
07-Sep-19 01:00:00 pm,0
07-Sep-19 05:00:00 pm,0
07-Sep-19 09:00:00 pm,0
08-Sep-19 01:00:00 am,0
08-Sep-19 05:00:00 am,0
08-Sep-19 09:00:00 am,2
08-Sep-19 01:00:00 pm,2
08-Sep-19 05:00:00 pm,0
08-Sep-19 09:00:00 pm,0
09-Sep-19 01:00:00 am,0
09-Sep-19 05:00:00 am,27
09-Sep-19 09:00:00 am,33
09-Sep-19 01:00:00 pm,33
09-Sep-19 05:00:00 pm,10
09-Sep-19 09:00:00 pm,2
10-Sep-19 01:00:00 am,0
10-Sep-19 05:00:00 am,23
10-Sep-19 09:00:00 am,33
10-Sep-19 01:00:00 pm,33
10-Sep-19 05:00:00 pm,10
10-Sep-19 09:00:00 pm,4
11-Sep-19 01:00:00 am,0
11-Sep-19 05:00:00 am,23
11-Sep-19 09:00:00 am,33
11-Sep-19 01:00:00 pm,33
11-Sep-19 05:00:00 pm,10
11-Sep-19 09:00:00 pm,0
12-Sep-19 01:00:00 am,0
12-Sep-19 05:00:00 am,23
12-Sep-19 09:00:00 am,33
12-Sep-19 01:00:00 pm,33
12-Sep-19 05:00:00 pm,10
12-Sep-19 09:00:00 pm,0
13-Sep-19 01:00:00 am,0
13-Sep-19 05:00:00 am,27
13-Sep-19 09:00:00 am,33
13-Sep-19 01:00:00 pm,33
13-Sep-19 05:00:00 pm,10
13-Sep-19 09:00:00 pm,0
14-Sep-19 01:00:00 am,0
14-Sep-19 05:00:00 am,0
14-Sep-19 09:00:00 am,0
14-Sep-19 01:00:00 pm,0
14-Sep-19 05:00:00 pm,0
14-Sep-19 09:00:00 pm,0
15-Sep-19 01:00:00 am,0
15-Sep-19 05:00:00 am,0
15-Sep-19 09:00:00 am,0
15-Sep-19 01:00:00 pm,0
15-Sep-19 05:00:00 pm,0
15-Sep-19 09:00:00 pm,0
16-Sep-19 01:00:00 am,0
16-Sep-19 05:00:00 am,23
16-Sep-19 09:00:00 am,33
16-Sep-19 01:00:00 pm,33
16-Sep-19 05:00:00 pm,10
16-Sep-19 09:00:00 pm,4
17-Sep-19 01:00:00 am,0
17-Sep-19 05:00:00 am,23
17-Sep-19 09:00:00 am,33
17-Sep-19 01:00:00 pm,33
17-Sep-19 05:00:00 pm,10
17-Sep-19 09:00:00 pm,4
18-Sep-19 01:00:00 am,0
18-Sep-19 05:00:00 am,23
18-Sep-19 09:00:00 am,33
18-Sep-19 01:00:00 pm,33
18-Sep-19 05:00:00 pm,10
18-Sep-19 09:00:00 pm,0
19-Sep-19 01:00:00 am,0
19-Sep-19 05:00:00 am,23
19-Sep-19 09:00:00 am,33
19-Sep-19 01:00:00 pm,33
19-Sep-19 05:00:00 pm,10
19-Sep-19 09:00:00 pm,0
20-Sep-19 01:00:00 am,4
20-Sep-19 05:00:00 am,23
20-Sep-19 09:00:00 am,33
20-Sep-19 01:00:00 pm,33
20-Sep-19 05:00:00 pm,10
20-Sep-19 09:00:00 pm,0
21-Sep-19 01:00:00 am,0
21-Sep-19 05:00:00 am,2
21-Sep-19 09:00:00 am,2
21-Sep-19 01:00:00 pm,0
21-Sep-19 05:00:00 pm,0
21-Sep-19 09:00:00 pm,0
22-Sep-19 01:00:00 am,0
22-Sep-19 05:00:00 am,0
22-Sep-19 09:00:00 am,0
22-Sep-19 01:00:00 pm,0
22-Sep-19 05:00:00 pm,4
22-Sep-19 09:00:00 pm,0
23-Sep-19 01:00:00 am,0
23-Sep-19 05:00:00 am,23
23-Sep-19 09:00:00 am,33
23-Sep-19 01:00:00 pm,33
23-Sep-19 05:00:00 pm,10
23-Sep-19 09:00:00 pm,4
24-Sep-19 01:00:00 am,0
24-Sep-19 05:00:00 am,23
24-Sep-19 09:00:00 am,33
24-Sep-19 01:00:00 pm,33
24-Sep-19 05:00:00 pm,10
24-Sep-19 09:00:00 pm,0
25-Sep-19 01:00:00 am,0
25-Sep-19 05:00:00 am,23
25-Sep-19 09:00:00 am,33
25-Sep-19 01:00:00 pm,33
25-Sep-19 05:00:00 pm,14
25-Sep-19 09:00:00 pm,0
26-Sep-19 01:00:00 am,0
26-Sep-19 05:00:00 am,23
26-Sep-19 09:00:00 am,33
26-Sep-19 01:00:00 pm,33
26-Sep-19 05:00:00 pm,10
26-Sep-19 09:00:00 pm,0
27-Sep-19 01:00:00 am,0
27-Sep-19 05:00:00 am,23
27-Sep-19 09:00:00 am,33
27-Sep-19 01:00:00 pm,33
27-Sep-19 05:00:00 pm,10
27-Sep-19 09:00:00 pm,0
28-Sep-19 01:00:00 am,0
28-Sep-19 05:00:00 am,0
28-Sep-19 09:00:00 am,0
28-Sep-19 01:00:00 pm,4
28-Sep-19 05:00:00 pm,0
28-Sep-19 09:00:00 pm,0
29-Sep-19 01:00:00 am,0
29-Sep-19 05:00:00 am,0
29-Sep-19 09:00:00 am,0
29-Sep-19 01:00:00 pm,0
29-Sep-19 05:00:00 pm,0
29-Sep-19 09:00:00 pm,0
30-Sep-19 01:00:00 am,0
30-Sep-19 05:00:00 am,23
30-Sep-19 09:00:00 am,33
30-Sep-19 01:00:00 pm,33
30-Sep-19 05:00:00 pm,10
30-Sep-19 09:00:00 pm,6
01-Oct-19 01:00:00 am,0
01-Oct-19 05:00:00 am,23
01-Oct-19 09:00:00 am,33
01-Oct-19 01:00:00 pm,33
01-Oct-19 05:00:00 pm,10
01-Oct-19 09:00:00 pm,4
02-Oct-19 01:00:00 am,0
02-Oct-19 05:00:00 am,23
02-Oct-19 09:00:00 am,33
02-Oct-19 01:00:00 pm,33
02-Oct-19 05:00:00 pm,10
02-Oct-19 09:00:00 pm,2
03-Oct-19 01:00:00 am,0
03-Oct-19 05:00:00 am,23
03-Oct-19 09:00:00 am,33
03-Oct-19 01:00:00 pm,33
03-Oct-19 05:00:00 pm,10
03-Oct-19 09:00:00 pm,2
04-Oct-19 01:00:00 am,2
04-Oct-19 05:00:00 am,25
04-Oct-19 09:00:00 am,33
04-Oct-19 01:00:00 pm,33
04-Oct-19 05:00:00 pm,10
04-Oct-19 09:00:00 pm,0
05-Oct-19 01:00:00 am,0
05-Oct-19 05:00:00 am,0
05-Oct-19 09:00:00 am,0
05-Oct-19 01:00:00 pm,0
05-Oct-19 05:00:00 pm,0
05-Oct-19 09:00:00 pm,0
06-Oct-19 01:00:00 am,0
06-Oct-19 05:00:00 am,2
06-Oct-19 09:00:00 am,0
06-Oct-19 01:00:00 pm,4
06-Oct-19 05:00:00 pm,0
06-Oct-19 09:00:00 pm,0
07-Oct-19 01:00:00 am,0
07-Oct-19 05:00:00 am,23
07-Oct-19 09:00:00 am,33
07-Oct-19 01:00:00 pm,33
07-Oct-19 05:00:00 pm,10
07-Oct-19 09:00:00 pm,4
08-Oct-19 01:00:00 am,0
08-Oct-19 05:00:00 am,23
08-Oct-19 09:00:00 am,33
08-Oct-19 01:00:00 pm,33
08-Oct-19 05:00:00 pm,10
08-Oct-19 09:00:00 pm,2
09-Oct-19 01:00:00 am,0
09-Oct-19 05:00:00 am,23
09-Oct-19 09:00:00 am,33
09-Oct-19 01:00:00 pm,33
09-Oct-19 05:00:00 pm,12
09-Oct-19 09:00:00 pm,0
10-Oct-19 01:00:00 am,0
10-Oct-19 05:00:00 am,23
10-Oct-19 09:00:00 am,33
10-Oct-19 01:00:00 pm,33
10-Oct-19 05:00:00 pm,14
10-Oct-19 09:00:00 pm,0
11-Oct-19 01:00:00 am,0
11-Oct-19 05:00:00 am,23
11-Oct-19 09:00:00 am,33
11-Oct-19 01:00:00 pm,33
11-Oct-19 05:00:00 pm,10
11-Oct-19 09:00:00 pm,0
12-Oct-19 01:00:00 am,0
12-Oct-19 05:00:00 am,0
12-Oct-19 09:00:00 am,2
12-Oct-19 01:00:00 pm,2
12-Oct-19 05:00:00 pm,0
12-Oct-19 09:00:00 pm,0
13-Oct-19 01:00:00 am,0
13-Oct-19 05:00:00 am,0
13-Oct-19 09:00:00 am,4
13-Oct-19 01:00:00 pm,0
13-Oct-19 05:00:00 pm,0
13-Oct-19 09:00:00 pm,0
14-Oct-19 01:00:00 am,0
14-Oct-19 05:00:00 am,23
14-Oct-19 09:00:00 am,33
14-Oct-19 01:00:00 pm,33
14-Oct-19 05:00:00 pm,14
14-Oct-19 09:00:00 pm,0
15-Oct-19 01:00:00 am,0
15-Oct-19 05:00:00 am,23
15-Oct-19 09:00:00 am,33
15-Oct-19 01:00:00 pm,33
15-Oct-19 05:00:00 pm,14
15-Oct-19 09:00:00 pm,0
16-Oct-19 01:00:00 am,0
16-Oct-19 05:00:00 am,23
16-Oct-19 09:00:00 am,33
16-Oct-19 01:00:00 pm,33
16-Oct-19 05:00:00 pm,12
16-Oct-19 09:00:00 pm,2
17-Oct-19 01:00:00 am,0
17-Oct-19 05:00:00 am,23
17-Oct-19 09:00:00 am,33
17-Oct-19 01:00:00 pm,33
17-Oct-19 05:00:00 pm,10
17-Oct-19 09:00:00 pm,4
18-Oct-19 01:00:00 am,0
18-Oct-19 05:00:00 am,23
18-Oct-19 09:00:00 am,33
18-Oct-19 01:00:00 pm,33
18-Oct-19 05:00:00 pm,10
18-Oct-19 09:00:00 pm,0
19-Oct-19 01:00:00 am,0
19-Oct-19 05:00:00 am,0
19-Oct-19 09:00:00 am,0
19-Oct-19 01:00:00 pm,0
19-Oct-19 05:00:00 pm,0
19-Oct-19 09:00:00 pm,0
20-Oct-19 01:00:00 am,0
20-Oct-19 05:00:00 am,0
20-Oct-19 09:00:00 am,0
20-Oct-19 01:00:00 pm,0
20-Oct-19 05:00:00 pm,2
20-Oct-19 09:00:00 pm,0
21-Oct-19 01:00:00 am,0
21-Oct-19 05:00:00 am,23
21-Oct-19 09:00:00 am,33
21-Oct-19 01:00:00 pm,33
21-Oct-19 05:00:00 pm,10
21-Oct-19 09:00:00 pm,4
22-Oct-19 01:00:00 am,0
22-Oct-19 05:00:00 am,23
22-Oct-19 09:00:00 am,33
22-Oct-19 01:00:00 pm,33
22-Oct-19 05:00:00 pm,10
22-Oct-19 09:00:00 pm,4
23-Oct-19 01:00:00 am,0
23-Oct-19 05:00:00 am,23
23-Oct-19 09:00:00 am,33
23-Oct-19 01:00:00 pm,33
23-Oct-19 05:00:00 pm,10
23-Oct-19 09:00:00 pm,4
24-Oct-19 01:00:00 am,0
24-Oct-19 05:00:00 am,23
24-Oct-19 09:00:00 am,33
24-Oct-19 01:00:00 pm,33
24-Oct-19 05:00:00 pm,12
24-Oct-19 09:00:00 pm,4
25-Oct-19 01:00:00 am,0
25-Oct-19 05:00:00 am,23
25-Oct-19 09:00:00 am,33
25-Oct-19 01:00:00 pm,33
25-Oct-19 05:00:00 pm,10
25-Oct-19 09:00:00 pm,0
26-Oct-19 01:00:00 am,0
26-Oct-19 05:00:00 am,0
26-Oct-19 09:00:00 am,0
26-Oct-19 01:00:00 pm,0
26-Oct-19 05:00:00 pm,0
26-Oct-19 09:00:00 pm,0
27-Oct-19 01:00:00 am,0
27-Oct-19 05:00:00 am,0
27-Oct-19 09:00:00 am,0
27-Oct-19 01:00:00 pm,0
27-Oct-19 05:00:00 pm,0
27-Oct-19 09:00:00 pm,0
28-Oct-19 01:00:00 am,0
28-Oct-19 05:00:00 am,23
28-Oct-19 09:00:00 am,33
28-Oct-19 01:00:00 pm,33
28-Oct-19 05:00:00 pm,10
28-Oct-19 09:00:00 pm,2
29-Oct-19 01:00:00 am,0
29-Oct-19 05:00:00 am,23
29-Oct-19 09:00:00 am,33
29-Oct-19 01:00:00 pm,33
29-Oct-19 05:00:00 pm,10
29-Oct-19 09:00:00 pm,4
30-Oct-19 01:00:00 am,0
30-Oct-19 05:00:00 am,23
30-Oct-19 09:00:00 am,33
30-Oct-19 01:00:00 pm,33
30-Oct-19 05:00:00 pm,10
30-Oct-19 09:00:00 pm,4
31-Oct-19 01:00:00 am,0
31-Oct-19 05:00:00 am,23
31-Oct-19 09:00:00 am,33
31-Oct-19 01:00:00 pm,33
31-Oct-19 05:00:00 pm,12
31-Oct-19 09:00:00 pm,0
01-Nov-19 01:00:00 am,0
01-Nov-19 05:00:00 am,23
01-Nov-19 09:00:00 am,33
01-Nov-19 01:00:00 pm,33
01-Nov-19 05:00:00 pm,10
01-Nov-19 09:00:00 pm,0
02-Nov-19 01:00:00 am,0
02-Nov-19 05:00:00 am,0
02-Nov-19 09:00:00 am,0
02-Nov-19 01:00:00 pm,0
02-Nov-19 05:00:00 pm,0
02-Nov-19 09:00:00 pm,0
03-Nov-19 01:00:00 am,0
03-Nov-19 04:00:00 am,0
03-Nov-19 08:00:00 am,0
03-Nov-19 12:00:00 pm,0
03-Nov-19 04:00:00 pm,0
03-Nov-19 08:00:00 pm,0
04-Nov-19 12:00:00 am,0
04-Nov-19 04:00:00 am,14
04-Nov-19 08:00:00 am,33
04-Nov-19 12:00:00 pm,33
04-Nov-19 04:00:00 pm,19
04-Nov-19 08:00:00 pm,4
05-Nov-19 12:00:00 am,0
05-Nov-19 04:00:00 am,14
05-Nov-19 08:00:00 am,33
05-Nov-19 12:00:00 pm,33
05-Nov-19 04:00:00 pm,19
05-Nov-19 08:00:00 pm,4
06-Nov-19 12:00:00 am,0
06-Nov-19 04:00:00 am,14
06-Nov-19 08:00:00 am,33
06-Nov-19 12:00:00 pm,33
06-Nov-19 04:00:00 pm,19
06-Nov-19 08:00:00 pm,4
07-Nov-19 12:00:00 am,0
07-Nov-19 04:00:00 am,14
07-Nov-19 08:00:00 am,33
07-Nov-19 12:00:00 pm,33
07-Nov-19 04:00:00 pm,19
07-Nov-19 08:00:00 pm,0
08-Nov-19 12:00:00 am,0
08-Nov-19 04:00:00 am,14
08-Nov-19 08:00:00 am,33
08-Nov-19 12:00:00 pm,33
08-Nov-19 04:00:00 pm,19
08-Nov-19 08:00:00 pm,0
09-Nov-19 12:00:00 am,0
09-Nov-19 04:00:00 am,0
09-Nov-19 08:00:00 am,0
09-Nov-19 12:00:00 pm,0
09-Nov-19 04:00:00 pm,0
09-Nov-19 08:00:00 pm,0
10-Nov-19 12:00:00 am,0
10-Nov-19 04:00:00 am,0
10-Nov-19 08:00:00 am,0
10-Nov-19 12:00:00 pm,0
10-Nov-19 04:00:00 pm,4
10-Nov-19 08:00:00 pm,0
11-Nov-19 12:00:00 am,0
11-Nov-19 04:00:00 am,14
11-Nov-19 08:00:00 am,33
11-Nov-19 12:00:00 pm,33
11-Nov-19 04:00:00 pm,19
11-Nov-19 08:00:00 pm,4
12-Nov-19 12:00:00 am,0
12-Nov-19 04:00:00 am,14
12-Nov-19 08:00:00 am,33
12-Nov-19 12:00:00 pm,33
12-Nov-19 04:00:00 pm,19
12-Nov-19 08:00:00 pm,4
13-Nov-19 12:00:00 am,0
13-Nov-19 04:00:00 am,14
13-Nov-19 08:00:00 am,33
13-Nov-19 12:00:00 pm,33
13-Nov-19 04:00:00 pm,19
13-Nov-19 08:00:00 pm,4
14-Nov-19 12:00:00 am,0
14-Nov-19 04:00:00 am,14
14-Nov-19 08:00:00 am,33
14-Nov-19 12:00:00 pm,33
14-Nov-19 04:00:00 pm,19
14-Nov-19 08:00:00 pm,4
15-Nov-19 12:00:00 am,0
15-Nov-19 04:00:00 am,14
15-Nov-19 08:00:00 am,33
15-Nov-19 12:00:00 pm,33
15-Nov-19 04:00:00 pm,19
15-Nov-19 08:00:00 pm,0
16-Nov-19 12:00:00 am,0
16-Nov-19 04:00:00 am,0
16-Nov-19 08:00:00 am,0
16-Nov-19 12:00:00 pm,0
16-Nov-19 04:00:00 pm,0
16-Nov-19 08:00:00 pm,4
17-Nov-19 12:00:00 am,0
17-Nov-19 04:00:00 am,0
17-Nov-19 08:00:00 am,0
17-Nov-19 12:00:00 pm,0
17-Nov-19 04:00:00 pm,0
17-Nov-19 08:00:00 pm,0
18-Nov-19 12:00:00 am,0
18-Nov-19 04:00:00 am,14
18-Nov-19 08:00:00 am,33
18-Nov-19 12:00:00 pm,33
18-Nov-19 04:00:00 pm,19
18-Nov-19 08:00:00 pm,0
19-Nov-19 12:00:00 am,0
19-Nov-19 04:00:00 am,14
19-Nov-19 08:00:00 am,33
19-Nov-19 12:00:00 pm,33
19-Nov-19 04:00:00 pm,19
19-Nov-19 08:00:00 pm,0
20-Nov-19 12:00:00 am,0
20-Nov-19 04:00:00 am,14
20-Nov-19 08:00:00 am,33
20-Nov-19 12:00:00 pm,33
20-Nov-19 04:00:00 pm,19
20-Nov-19 08:00:00 pm,4
21-Nov-19 12:00:00 am,0
21-Nov-19 04:00:00 am,14
21-Nov-19 08:00:00 am,33
21-Nov-19 12:00:00 pm,33
21-Nov-19 04:00:00 pm,19
21-Nov-19 08:00:00 pm,0
22-Nov-19 12:00:00 am,4
22-Nov-19 04:00:00 am,14
22-Nov-19 08:00:00 am,33
22-Nov-19 12:00:00 pm,31
22-Nov-19 04:00:00 pm,19
22-Nov-19 08:00:00 pm,0
23-Nov-19 12:00:00 am,0
23-Nov-19 04:00:00 am,0
23-Nov-19 08:00:00 am,0
23-Nov-19 12:00:00 pm,0
23-Nov-19 04:00:00 pm,0
23-Nov-19 08:00:00 pm,0
24-Nov-19 12:00:00 am,0
24-Nov-19 04:00:00 am,0
24-Nov-19 08:00:00 am,0
24-Nov-19 12:00:00 pm,4
24-Nov-19 04:00:00 pm,0
24-Nov-19 08:00:00 pm,0
25-Nov-19 12:00:00 am,0
25-Nov-19 04:00:00 am,14
25-Nov-19 08:00:00 am,33
25-Nov-19 12:00:00 pm,33
25-Nov-19 04:00:00 pm,19
25-Nov-19 08:00:00 pm,0
26-Nov-19 12:00:00 am,0
26-Nov-19 04:00:00 am,14
26-Nov-19 08:00:00 am,33
26-Nov-19 12:00:00 pm,33
26-Nov-19 04:00:00 pm,19
26-Nov-19 08:00:00 pm,0
27-Nov-19 12:00:00 am,0
27-Nov-19 04:00:00 am,14
27-Nov-19 08:00:00 am,33
27-Nov-19 12:00:00 pm,33
27-Nov-19 04:00:00 pm,19
27-Nov-19 08:00:00 pm,0
28-Nov-19 12:00:00 am,0
28-Nov-19 04:00:00 am,14
28-Nov-19 08:00:00 am,33
28-Nov-19 12:00:00 pm,33
28-Nov-19 04:00:00 pm,19
28-Nov-19 08:00:00 pm,0
29-Nov-19 12:00:00 am,0
29-Nov-19 04:00:00 am,14
29-Nov-19 08:00:00 am,33
29-Nov-19 12:00:00 pm,33
29-Nov-19 04:00:00 pm,19
29-Nov-19 08:00:00 pm,0
30-Nov-19 12:00:00 am,0
30-Nov-19 04:00:00 am,0
30-Nov-19 08:00:00 am,0
30-Nov-19 12:00:00 pm,0
30-Nov-19 04:00:00 pm,0
30-Nov-19 08:00:00 pm,0
01-Dec-19 12:00:00 am,0
01-Dec-19 04:00:00 am,0
01-Dec-19 08:00:00 am,0
01-Dec-19 12:00:00 pm,0
01-Dec-19 04:00:00 pm,0
01-Dec-19 08:00:00 pm,0
02-Dec-19 12:00:00 am,0
02-Dec-19 04:00:00 am,14
02-Dec-19 08:00:00 am,33
02-Dec-19 12:00:00 pm,33
02-Dec-19 04:00:00 pm,19
02-Dec-19 08:00:00 pm,0
03-Dec-19 12:00:00 am,0
03-Dec-19 04:00:00 am,14
03-Dec-19 08:00:00 am,33
03-Dec-19 12:00:00 pm,33
03-Dec-19 04:00:00 pm,19
03-Dec-19 08:00:00 pm,4
04-Dec-19 12:00:00 am,0
04-Dec-19 04:00:00 am,14
04-Dec-19 08:00:00 am,33
04-Dec-19 12:00:00 pm,33
04-Dec-19 04:00:00 pm,19
04-Dec-19 08:00:00 pm,4
05-Dec-19 12:00:00 am,0
05-Dec-19 04:00:00 am,14
05-Dec-19 08:00:00 am,33
05-Dec-19 12:00:00 pm,33
05-Dec-19 04:00:00 pm,21
05-Dec-19 08:00:00 pm,4
06-Dec-19 12:00:00 am,0
06-Dec-19 04:00:00 am,14
06-Dec-19 08:00:00 am,33
06-Dec-19 12:00:00 pm,33
06-Dec-19 04:00:00 pm,19
06-Dec-19 08:00:00 pm,0
07-Dec-19 12:00:00 am,4
07-Dec-19 04:00:00 am,0
07-Dec-19 08:00:00 am,0
07-Dec-19 12:00:00 pm,0
07-Dec-19 04:00:00 pm,5
07-Dec-19 08:00:00 pm,0
08-Dec-19 12:00:00 am,0
08-Dec-19 04:00:00 am,0
08-Dec-19 08:00:00 am,4
08-Dec-19 12:00:00 pm,0
08-Dec-19 04:00:00 pm,0
08-Dec-19 08:00:00 pm,0
09-Dec-19 12:00:00 am,0
09-Dec-19 04:00:00 am,14
09-Dec-19 08:00:00 am,33
09-Dec-19 12:00:00 pm,33
09-Dec-19 04:00:00 pm,19
09-Dec-19 08:00:00 pm,4
10-Dec-19 12:00:00 am,0
10-Dec-19 04:00:00 am,14
10-Dec-19 08:00:00 am,33
10-Dec-19 12:00:00 pm,33
10-Dec-19 04:00:00 pm,19
10-Dec-19 08:00:00 pm,4
11-Dec-19 12:00:00 am,0
11-Dec-19 04:00:00 am,14
11-Dec-19 08:00:00 am,33
11-Dec-19 12:00:00 pm,33
11-Dec-19 04:00:00 pm,19
11-Dec-19 08:00:00 pm,0
12-Dec-19 12:00:00 am,0
12-Dec-19 04:00:00 am,14
12-Dec-19 08:00:00 am,33
12-Dec-19 12:00:00 pm,33
12-Dec-19 04:00:00 pm,19
12-Dec-19 08:00:00 pm,3
13-Dec-19 12:00:00 am,0
13-Dec-19 04:00:00 am,14
13-Dec-19 08:00:00 am,33
13-Dec-19 12:00:00 pm,33
13-Dec-19 04:00:00 pm,19
13-Dec-19 08:00:00 pm,0
14-Dec-19 12:00:00 am,0
14-Dec-19 04:00:00 am,0
14-Dec-19 08:00:00 am,0
14-Dec-19 12:00:00 pm,0
14-Dec-19 04:00:00 pm,4
14-Dec-19 08:00:00 pm,0
15-Dec-19 12:00:00 am,0
15-Dec-19 04:00:00 am,0
15-Dec-19 08:00:00 am,0
15-Dec-19 12:00:00 pm,0
15-Dec-19 04:00:00 pm,4
15-Dec-19 08:00:00 pm,0
16-Dec-19 12:00:00 am,0
16-Dec-19 04:00:00 am,14
16-Dec-19 08:00:00 am,33
16-Dec-19 12:00:00 pm,33
16-Dec-19 04:00:00 pm,19
16-Dec-19 08:00:00 pm,4
17-Dec-19 12:00:00 am,0
17-Dec-19 04:00:00 am,14
17-Dec-19 08:00:00 am,33
17-Dec-19 12:00:00 pm,33
17-Dec-19 04:00:00 pm,19
17-Dec-19 08:00:00 pm,2
18-Dec-19 12:00:00 am,0
18-Dec-19 04:00:00 am,14
18-Dec-19 08:00:00 am,33
18-Dec-19 12:00:00 pm,33
18-Dec-19 04:00:00 pm,19
18-Dec-19 08:00:00 pm,5
19-Dec-19 12:00:00 am,0
19-Dec-19 04:00:00 am,14
19-Dec-19 08:00:00 am,33
19-Dec-19 12:00:00 pm,33
19-Dec-19 04:00:00 pm,19
19-Dec-19 08:00:00 pm,2
20-Dec-19 12:00:00 am,0
20-Dec-19 04:00:00 am,14
20-Dec-19 08:00:00 am,33
20-Dec-19 12:00:00 pm,33
20-Dec-19 04:00:00 pm,19
20-Dec-19 08:00:00 pm,0
21-Dec-19 12:00:00 am,0
21-Dec-19 04:00:00 am,0
21-Dec-19 08:00:00 am,0
21-Dec-19 12:00:00 pm,0
21-Dec-19 04:00:00 pm,0
21-Dec-19 08:00:00 pm,0
22-Dec-19 12:00:00 am,0
22-Dec-19 04:00:00 am,0
22-Dec-19 08:00:00 am,0
22-Dec-19 12:00:00 pm,4
22-Dec-19 04:00:00 pm,0
22-Dec-19 08:00:00 pm,0
23-Dec-19 12:00:00 am,0
23-Dec-19 04:00:00 am,14
23-Dec-19 08:00:00 am,33
23-Dec-19 12:00:00 pm,33
23-Dec-19 04:00:00 pm,19
23-Dec-19 08:00:00 pm,4
24-Dec-19 12:00:00 am,0
24-Dec-19 04:00:00 am,14
24-Dec-19 08:00:00 am,33
24-Dec-19 12:00:00 pm,33
24-Dec-19 04:00:00 pm,19
24-Dec-19 08:00:00 pm,0
25-Dec-19 12:00:00 am,0
25-Dec-19 04:00:00 am,14
25-Dec-19 08:00:00 am,33
25-Dec-19 12:00:00 pm,33
25-Dec-19 04:00:00 pm,19
25-Dec-19 08:00:00 pm,0
26-Dec-19 12:00:00 am,0
26-Dec-19 04:00:00 am,14
26-Dec-19 08:00:00 am,33
26-Dec-19 12:00:00 pm,33
26-Dec-19 04:00:00 pm,19
26-Dec-19 08:00:00 pm,4
27-Dec-19 12:00:00 am,0
27-Dec-19 04:00:00 am,14
27-Dec-19 08:00:00 am,33
27-Dec-19 12:00:00 pm,33
27-Dec-19 04:00:00 pm,19
27-Dec-19 08:00:00 pm,0
28-Dec-19 12:00:00 am,0
28-Dec-19 04:00:00 am,0
28-Dec-19 08:00:00 am,0
28-Dec-19 12:00:00 pm,0
28-Dec-19 04:00:00 pm,4
28-Dec-19 08:00:00 pm,0
29-Dec-19 12:00:00 am,0
29-Dec-19 04:00:00 am,0
29-Dec-19 08:00:00 am,0
29-Dec-19 12:00:00 pm,0
29-Dec-19 04:00:00 pm,0
29-Dec-19 08:00:00 pm,0
30-Dec-19 12:00:00 am,0
30-Dec-19 04:00:00 am,14
30-Dec-19 08:00:00 am,33
30-Dec-19 12:00:00 pm,33
30-Dec-19 04:00:00 pm,19
30-Dec-19 08:00:00 pm,4
31-Dec-19 12:00:00 am,0
31-Dec-19 04:00:00 am,14
31-Dec-19 08:00:00 am,33
31-Dec-19 12:00:00 pm,33
31-Dec-19 04:00:00 pm,19
31-Dec-19 08:00:00 pm,0