Timestamp,RTU_1 DuctStatPress(in/wc)
01-Jan-19 12:00:00 am,0.13
01-Jan-19 04:00:00 am,0.86
01-Jan-19 08:00:00 am,1.80
01-Jan-19 12:00:00 pm,1.79
01-Jan-19 04:00:00 pm,1.09
01-Jan-19 08:00:00 pm,0.14
02-Jan-19 12:00:00 am,0.26
02-Jan-19 04:00:00 am,0.86
02-Jan-19 08:00:00 am,1.80
02-Jan-19 12:00:00 pm,1.80
02-Jan-19 04:00:00 pm,1.07
02-Jan-19 08:00:00 pm,0.23
03-Jan-19 12:00:00 am,0.11
03-Jan-19 04:00:00 am,0.66
03-Jan-19 08:00:00 am,1.79
03-Jan-19 12:00:00 pm,1.79
03-Jan-19 04:00:00 pm,1.07
03-Jan-19 08:00:00 pm,0.24
04-Jan-19 12:00:00 am,0.12
04-Jan-19 04:00:00 am,0.84
04-Jan-19 08:00:00 am,1.79
04-Jan-19 12:00:00 pm,1.80
04-Jan-19 04:00:00 pm,1.06
04-Jan-19 08:00:00 pm,0.12
05-Jan-19 12:00:00 am,0.11
05-Jan-19 04:00:00 am,0.11
05-Jan-19 08:00:00 am,0.12
05-Jan-19 12:00:00 pm,0.10
05-Jan-19 04:00:00 pm,0.10
05-Jan-19 08:00:00 pm,0.11
06-Jan-19 12:00:00 am,0.13
06-Jan-19 04:00:00 am,0.13
06-Jan-19 08:00:00 am,0.12
06-Jan-19 12:00:00 pm,0.11
06-Jan-19 04:00:00 pm,0.22
06-Jan-19 08:00:00 pm,0.13
07-Jan-19 12:00:00 am,0.13
07-Jan-19 04:00:00 am,0.45
07-Jan-19 08:00:00 am,1.80
07-Jan-19 12:00:00 pm,1.80
07-Jan-19 04:00:00 pm,1.07
07-Jan-19 08:00:00 pm,0.25
08-Jan-19 12:00:00 am,0.13
08-Jan-19 04:00:00 am,0.85
08-Jan-19 08:00:00 am,1.80
08-Jan-19 12:00:00 pm,1.80
08-Jan-19 04:00:00 pm,1.08
08-Jan-19 08:00:00 pm,0.24
09-Jan-19 12:00:00 am,0.12
09-Jan-19 04:00:00 am,0.84
09-Jan-19 08:00:00 am,1.80
09-Jan-19 12:00:00 pm,1.79
09-Jan-19 04:00:00 pm,1.07
09-Jan-19 08:00:00 pm,0.23
10-Jan-19 12:00:00 am,0.12
10-Jan-19 04:00:00 am,0.84
10-Jan-19 08:00:00 am,1.79
10-Jan-19 12:00:00 pm,1.80
10-Jan-19 04:00:00 pm,1.08
10-Jan-19 08:00:00 pm,0.26
11-Jan-19 12:00:00 am,0.13
11-Jan-19 04:00:00 am,0.85
11-Jan-19 08:00:00 am,1.79
11-Jan-19 12:00:00 pm,1.80
11-Jan-19 04:00:00 pm,1.08
11-Jan-19 08:00:00 pm,0.13
12-Jan-19 12:00:00 am,0.12
12-Jan-19 04:00:00 am,0.25
12-Jan-19 08:00:00 am,0.13
12-Jan-19 12:00:00 pm,0.09
12-Jan-19 04:00:00 pm,0.09
12-Jan-19 08:00:00 pm,0.11
13-Jan-19 12:00:00 am,0.12
13-Jan-19 04:00:00 am,0.13
13-Jan-19 08:00:00 am,0.13
13-Jan-19 12:00:00 pm,0.22
13-Jan-19 04:00:00 pm,0.21
13-Jan-19 08:00:00 pm,0.13
14-Jan-19 12:00:00 am,0.13
14-Jan-19 04:00:00 am,0.50
14-Jan-19 08:00:00 am,1.81
14-Jan-19 12:00:00 pm,1.80
14-Jan-19 04:00:00 pm,1.09
14-Jan-19 08:00:00 pm,0.23
15-Jan-19 12:00:00 am,0.13
15-Jan-19 04:00:00 am,0.75
15-Jan-19 08:00:00 am,1.80
15-Jan-19 12:00:00 pm,1.81
15-Jan-19 04:00:00 pm,1.07
15-Jan-19 08:00:00 pm,0.24
16-Jan-19 12:00:00 am,0.13
16-Jan-19 04:00:00 am,0.85
16-Jan-19 08:00:00 am,1.79
16-Jan-19 12:00:00 pm,1.79
16-Jan-19 04:00:00 pm,1.08
16-Jan-19 08:00:00 pm,0.24
17-Jan-19 12:00:00 am,0.11
17-Jan-19 04:00:00 am,0.84
17-Jan-19 08:00:00 am,1.79
17-Jan-19 12:00:00 pm,1.81
17-Jan-19 04:00:00 pm,1.07
17-Jan-19 08:00:00 pm,0.24
18-Jan-19 12:00:00 am,0.12
18-Jan-19 04:00:00 am,0.83
18-Jan-19 08:00:00 am,1.79
18-Jan-19 12:00:00 pm,1.81
18-Jan-19 04:00:00 pm,1.09
18-Jan-19 08:00:00 pm,0.13
19-Jan-19 12:00:00 am,0.12
19-Jan-19 04:00:00 am,0.11
19-Jan-19 08:00:00 am,0.28
19-Jan-19 12:00:00 pm,0.11
19-Jan-19 04:00:00 pm,0.11
19-Jan-19 08:00:00 pm,0.12
20-Jan-19 12:00:00 am,0.12
20-Jan-19 04:00:00 am,0.13
20-Jan-19 08:00:00 am,0.13
20-Jan-19 12:00:00 pm,0.11
20-Jan-19 04:00:00 pm,0.11
20-Jan-19 08:00:00 pm,0.12
21-Jan-19 12:00:00 am,0.13
21-Jan-19 04:00:00 am,0.85
21-Jan-19 08:00:00 am,1.80
21-Jan-19 12:00:00 pm,1.79
21-Jan-19 04:00:00 pm,1.07
21-Jan-19 08:00:00 pm,0.13
22-Jan-19 12:00:00 am,0.12
22-Jan-19 04:00:00 am,0.53
22-Jan-19 08:00:00 am,1.80
22-Jan-19 12:00:00 pm,1.81
22-Jan-19 04:00:00 pm,1.09
22-Jan-19 08:00:00 pm,0.24
23-Jan-19 12:00:00 am,0.12
23-Jan-19 04:00:00 am,0.84
23-Jan-19 08:00:00 am,1.80
23-Jan-19 12:00:00 pm,1.80
23-Jan-19 04:00:00 pm,1.08
23-Jan-19 08:00:00 pm,0.13
24-Jan-19 12:00:00 am,0.12
24-Jan-19 04:00:00 am,0.84
24-Jan-19 08:00:00 am,1.81
24-Jan-19 12:00:00 pm,1.80
24-Jan-19 04:00:00 pm,1.08
24-Jan-19 08:00:00 pm,0.24
25-Jan-19 12:00:00 am,0.12
25-Jan-19 04:00:00 am,0.84
25-Jan-19 08:00:00 am,1.80
25-Jan-19 12:00:00 pm,1.80
25-Jan-19 04:00:00 pm,1.08
25-Jan-19 08:00:00 pm,0.25
26-Jan-19 12:00:00 am,0.13
26-Jan-19 04:00:00 am,0.13
26-Jan-19 08:00:00 am,0.13
26-Jan-19 12:00:00 pm,0.21
26-Jan-19 04:00:00 pm,0.11
26-Jan-19 08:00:00 pm,0.12
27-Jan-19 12:00:00 am,0.13
27-Jan-19 04:00:00 am,0.19
27-Jan-19 08:00:00 am,0.18
27-Jan-19 12:00:00 pm,0.12
27-Jan-19 04:00:00 pm,0.11
27-Jan-19 08:00:00 pm,0.12
28-Jan-19 12:00:00 am,0.12
28-Jan-19 04:00:00 am,0.10
28-Jan-19 08:00:00 am,1.69
28-Jan-19 12:00:00 pm,1.79
28-Jan-19 04:00:00 pm,1.08
28-Jan-19 08:00:00 pm,0.25
29-Jan-19 12:00:00 am,0.13
29-Jan-19 04:00:00 am,0.27
29-Jan-19 08:00:00 am,1.78
29-Jan-19 12:00:00 pm,1.80
29-Jan-19 04:00:00 pm,1.08
29-Jan-19 08:00:00 pm,0.25
30-Jan-19 12:00:00 am,0.13
30-Jan-19 04:00:00 am,0.85
30-Jan-19 08:00:00 am,1.80
30-Jan-19 12:00:00 pm,1.79
30-Jan-19 04:00:00 pm,1.07
30-Jan-19 08:00:00 pm,0.24
31-Jan-19 12:00:00 am,0.12
31-Jan-19 04:00:00 am,0.84
31-Jan-19 08:00:00 am,1.81
31-Jan-19 12:00:00 pm,1.80
31-Jan-19 04:00:00 pm,1.07
31-Jan-19 08:00:00 pm,0.22
01-Feb-19 12:00:00 am,0.11
01-Feb-19 04:00:00 am,0.84
01-Feb-19 08:00:00 am,1.80
01-Feb-19 12:00:00 pm,1.81
01-Feb-19 04:00:00 pm,1.08
01-Feb-19 08:00:00 pm,0.13
02-Feb-19 12:00:00 am,0.12
02-Feb-19 04:00:00 am,0.11
02-Feb-19 08:00:00 am,0.11
02-Feb-19 12:00:00 pm,0.10
02-Feb-19 04:00:00 pm,0.10
02-Feb-19 08:00:00 pm,0.11
03-Feb-19 12:00:00 am,0.12
03-Feb-19 04:00:00 am,0.12
03-Feb-19 08:00:00 am,0.13
03-Feb-19 12:00:00 pm,0.12
03-Feb-19 04:00:00 pm,0.24
03-Feb-19 08:00:00 pm,0.13
04-Feb-19 12:00:00 am,0.14
04-Feb-19 04:00:00 am,0.86
04-Feb-19 08:00:00 am,1.81
04-Feb-19 12:00:00 pm,1.80
04-Feb-19 04:00:00 pm,1.20
04-Feb-19 08:00:00 pm,0.16
05-Feb-19 12:00:00 am,0.15
05-Feb-19 04:00:00 am,0.86
05-Feb-19 08:00:00 am,1.81
05-Feb-19 12:00:00 pm,1.79
05-Feb-19 04:00:00 pm,1.09
05-Feb-19 08:00:00 pm,0.22
06-Feb-19 12:00:00 am,0.15
06-Feb-19 04:00:00 am,0.87
06-Feb-19 08:00:00 am,1.80
06-Feb-19 12:00:00 pm,1.80
06-Feb-19 04:00:00 pm,1.08
06-Feb-19 08:00:00 pm,0.26
07-Feb-19 12:00:00 am,0.15
07-Feb-19 04:00:00 am,0.86
07-Feb-19 08:00:00 am,1.80
07-Feb-19 12:00:00 pm,1.80
07-Feb-19 04:00:00 pm,1.07
07-Feb-19 08:00:00 pm,0.25
08-Feb-19 12:00:00 am,0.24
08-Feb-19 04:00:00 am,0.86
08-Feb-19 08:00:00 am,1.81
08-Feb-19 12:00:00 pm,1.80
08-Feb-19 04:00:00 pm,1.09
08-Feb-19 08:00:00 pm,0.15
09-Feb-19 12:00:00 am,0.14
09-Feb-19 04:00:00 am,0.14
09-Feb-19 08:00:00 am,0.14
09-Feb-19 12:00:00 pm,0.13
09-Feb-19 04:00:00 pm,0.13
09-Feb-19 08:00:00 pm,0.15
10-Feb-19 12:00:00 am,0.15
10-Feb-19 04:00:00 am,0.16
10-Feb-19 08:00:00 am,0.16
10-Feb-19 12:00:00 pm,0.14
10-Feb-19 04:00:00 pm,0.14
10-Feb-19 08:00:00 pm,0.29
11-Feb-19 12:00:00 am,0.14
11-Feb-19 04:00:00 am,0.15
11-Feb-19 08:00:00 am,1.87
11-Feb-19 12:00:00 pm,1.79
11-Feb-19 04:00:00 pm,1.08
11-Feb-19 08:00:00 pm,0.25
12-Feb-19 12:00:00 am,0.13
12-Feb-19 04:00:00 am,0.86
12-Feb-19 08:00:00 am,1.79
12-Feb-19 12:00:00 pm,1.79
12-Feb-19 04:00:00 pm,1.09
12-Feb-19 08:00:00 pm,0.25
13-Feb-19 12:00:00 am,0.13
13-Feb-19 04:00:00 am,0.37
13-Feb-19 08:00:00 am,1.80
13-Feb-19 12:00:00 pm,1.80
13-Feb-19 04:00:00 pm,1.07
13-Feb-19 08:00:00 pm,0.13
14-Feb-19 12:00:00 am,0.14
14-Feb-19 04:00:00 am,0.86
14-Feb-19 08:00:00 am,1.80
14-Feb-19 12:00:00 pm,1.80
14-Feb-19 04:00:00 pm,1.08
14-Feb-19 08:00:00 pm,0.25
15-Feb-19 12:00:00 am,0.24
15-Feb-19 04:00:00 am,0.45
15-Feb-19 08:00:00 am,1.79
15-Feb-19 12:00:00 pm,1.79
15-Feb-19 04:00:00 pm,1.08
15-Feb-19 08:00:00 pm,0.14
16-Feb-19 12:00:00 am,0.13
16-Feb-19 04:00:00 am,0.13
16-Feb-19 08:00:00 am,0.13
16-Feb-19 12:00:00 pm,0.12
16-Feb-19 04:00:00 pm,0.12
16-Feb-19 08:00:00 pm,0.13
17-Feb-19 12:00:00 am,0.13
17-Feb-19 04:00:00 am,0.25
17-Feb-19 08:00:00 am,0.13
17-Feb-19 12:00:00 pm,0.12
17-Feb-19 04:00:00 pm,0.23
17-Feb-19 08:00:00 pm,0.13
18-Feb-19 12:00:00 am,0.13
18-Feb-19 04:00:00 am,0.18
18-Feb-19 08:00:00 am,0.90
18-Feb-19 12:00:00 pm,1.79
18-Feb-19 04:00:00 pm,1.12
18-Feb-19 08:00:00 pm,0.35
19-Feb-19 12:00:00 am,0.13
19-Feb-19 04:00:00 am,0.14
19-Feb-19 08:00:00 am,1.80
19-Feb-19 12:00:00 pm,1.79
19-Feb-19 04:00:00 pm,1.19
19-Feb-19 08:00:00 pm,0.24
20-Feb-19 12:00:00 am,0.13
20-Feb-19 04:00:00 am,0.86
20-Feb-19 08:00:00 am,1.79
20-Feb-19 12:00:00 pm,1.79
20-Feb-19 04:00:00 pm,1.08
20-Feb-19 08:00:00 pm,0.21
21-Feb-19 12:00:00 am,0.13
21-Feb-19 04:00:00 am,0.86
21-Feb-19 08:00:00 am,1.80
21-Feb-19 12:00:00 pm,1.79
21-Feb-19 04:00:00 pm,1.09
21-Feb-19 08:00:00 pm,0.26
22-Feb-19 12:00:00 am,0.13
22-Feb-19 04:00:00 am,0.85
22-Feb-19 08:00:00 am,1.79
22-Feb-19 12:00:00 pm,1.80
22-Feb-19 04:00:00 pm,1.08
22-Feb-19 08:00:00 pm,0.13
23-Feb-19 12:00:00 am,0.13
23-Feb-19 04:00:00 am,0.13
23-Feb-19 08:00:00 am,0.13
23-Feb-19 12:00:00 pm,0.11
23-Feb-19 04:00:00 pm,0.12
23-Feb-19 08:00:00 pm,0.12
24-Feb-19 12:00:00 am,0.13
24-Feb-19 04:00:00 am,0.13
24-Feb-19 08:00:00 am,0.13
24-Feb-19 12:00:00 pm,0.11
24-Feb-19 04:00:00 pm,0.11
24-Feb-19 08:00:00 pm,0.19
25-Feb-19 12:00:00 am,0.14
25-Feb-19 04:00:00 am,0.96
25-Feb-19 08:00:00 am,1.80
25-Feb-19 12:00:00 pm,1.80
25-Feb-19 04:00:00 pm,1.08
25-Feb-19 08:00:00 pm,0.25
26-Feb-19 12:00:00 am,0.13
26-Feb-19 04:00:00 am,0.48
26-Feb-19 08:00:00 am,1.79
26-Feb-19 12:00:00 pm,1.80
26-Feb-19 04:00:00 pm,1.09
26-Feb-19 08:00:00 pm,0.26
27-Feb-19 12:00:00 am,0.14
27-Feb-19 04:00:00 am,0.86
27-Feb-19 08:00:00 am,1.79
27-Feb-19 12:00:00 pm,1.82
27-Feb-19 04:00:00 pm,1.14
27-Feb-19 08:00:00 pm,0.20
28-Feb-19 12:00:00 am,0.13
28-Feb-19 04:00:00 am,0.85
28-Feb-19 08:00:00 am,1.79
28-Feb-19 12:00:00 pm,1.80
28-Feb-19 04:00:00 pm,1.08
28-Feb-19 08:00:00 pm,0.14
01-Mar-19 12:00:00 am,0.13
01-Mar-19 04:00:00 am,0.85
01-Mar-19 08:00:00 am,1.81
01-Mar-19 12:00:00 pm,1.79
01-Mar-19 04:00:00 pm,1.08
01-Mar-19 08:00:00 pm,0.14
02-Mar-19 12:00:00 am,0.13
02-Mar-19 04:00:00 am,0.14
02-Mar-19 08:00:00 am,0.13
02-Mar-19 12:00:00 pm,0.10
02-Mar-19 04:00:00 pm,0.09
02-Mar-19 08:00:00 pm,0.23
03-Mar-19 12:00:00 am,0.14
03-Mar-19 04:00:00 am,0.14
03-Mar-19 08:00:00 am,0.14
03-Mar-19 12:00:00 pm,0.10
03-Mar-19 04:00:00 pm,0.08
03-Mar-19 08:00:00 pm,0.13
04-Mar-19 12:00:00 am,0.14
04-Mar-19 04:00:00 am,0.87
04-Mar-19 08:00:00 am,1.81
04-Mar-19 12:00:00 pm,1.80
04-Mar-19 04:00:00 pm,1.01
04-Mar-19 08:00:00 pm,0.20
05-Mar-19 12:00:00 am,0.14
05-Mar-19 04:00:00 am,0.85
05-Mar-19 08:00:00 am,1.79
05-Mar-19 12:00:00 pm,1.79
05-Mar-19 04:00:00 pm,1.09
05-Mar-19 08:00:00 pm,0.25
06-Mar-19 12:00:00 am,0.13
06-Mar-19 04:00:00 am,0.85
06-Mar-19 08:00:00 am,1.79
06-Mar-19 12:00:00 pm,1.78
06-Mar-19 04:00:00 pm,1.08
06-Mar-19 08:00:00 pm,0.24
07-Mar-19 12:00:00 am,0.13
07-Mar-19 04:00:00 am,0.25
07-Mar-19 08:00:00 am,1.80
07-Mar-19 12:00:00 pm,1.79
07-Mar-19 04:00:00 pm,1.09
07-Mar-19 08:00:00 pm,0.22
08-Mar-19 12:00:00 am,0.13
08-Mar-19 04:00:00 am,0.85
08-Mar-19 08:00:00 am,1.79
08-Mar-19 12:00:00 pm,1.81
08-Mar-19 04:00:00 pm,1.09
08-Mar-19 08:00:00 pm,0.25
09-Mar-19 12:00:00 am,0.14
09-Mar-19 04:00:00 am,0.14
09-Mar-19 08:00:00 am,0.13
09-Mar-19 12:00:00 pm,0.16
09-Mar-19 04:00:00 pm,0.10
09-Mar-19 08:00:00 pm,0.13
10-Mar-19 12:00:00 am,0.14
10-Mar-19 05:00:00 am,0.15
10-Mar-19 09:00:00 am,0.14
10-Mar-19 01:00:00 pm,0.10
10-Mar-19 05:00:00 pm,0.08
10-Mar-19 09:00:00 pm,0.12
11-Mar-19 01:00:00 am,0.13
11-Mar-19 05:00:00 am,1.28
11-Mar-19 09:00:00 am,1.79
11-Mar-19 01:00:00 pm,1.78
11-Mar-19 05:00:00 pm,0.66
11-Mar-19 09:00:00 pm,0.24
12-Mar-19 01:00:00 am,0.12
12-Mar-19 05:00:00 am,1.26
12-Mar-19 09:00:00 am,1.80
12-Mar-19 01:00:00 pm,1.80
12-Mar-19 05:00:00 pm,0.72
12-Mar-19 09:00:00 pm,0.25
13-Mar-19 01:00:00 am,0.12
13-Mar-19 05:00:00 am,1.27
13-Mar-19 09:00:00 am,1.79
13-Mar-19 01:00:00 pm,1.80
13-Mar-19 05:00:00 pm,0.51
13-Mar-19 09:00:00 pm,0.18
14-Mar-19 01:00:00 am,0.12
14-Mar-19 05:00:00 am,1.16
14-Mar-19 09:00:00 am,1.79
14-Mar-19 01:00:00 pm,1.79
14-Mar-19 05:00:00 pm,0.65
14-Mar-19 09:00:00 pm,0.18
15-Mar-19 01:00:00 am,0.12
15-Mar-19 05:00:00 am,1.27
15-Mar-19 09:00:00 am,1.79
15-Mar-19 01:00:00 pm,1.80
15-Mar-19 05:00:00 pm,0.67
15-Mar-19 09:00:00 pm,0.13
16-Mar-19 01:00:00 am,0.12
16-Mar-19 05:00:00 am,0.13
16-Mar-19 09:00:00 am,0.24
16-Mar-19 01:00:00 pm,0.09
16-Mar-19 05:00:00 pm,0.13
16-Mar-19 09:00:00 pm,0.11
17-Mar-19 01:00:00 am,0.12
17-Mar-19 05:00:00 am,0.13
17-Mar-19 09:00:00 am,0.12
17-Mar-19 01:00:00 pm,0.08
17-Mar-19 05:00:00 pm,0.31
17-Mar-19 09:00:00 pm,0.11
18-Mar-19 01:00:00 am,0.23
18-Mar-19 05:00:00 am,1.27
18-Mar-19 09:00:00 am,1.79
18-Mar-19 01:00:00 pm,1.80
18-Mar-19 05:00:00 pm,0.65
18-Mar-19 09:00:00 pm,0.23
19-Mar-19 01:00:00 am,0.11
19-Mar-19 05:00:00 am,1.26
19-Mar-19 09:00:00 am,1.79
19-Mar-19 01:00:00 pm,1.79
19-Mar-19 05:00:00 pm,0.65
19-Mar-19 09:00:00 pm,0.17
20-Mar-19 01:00:00 am,0.10
20-Mar-19 05:00:00 am,1.25
20-Mar-19 09:00:00 am,1.79
20-Mar-19 01:00:00 pm,1.80
20-Mar-19 05:00:00 pm,0.65
20-Mar-19 09:00:00 pm,0.22
21-Mar-19 01:00:00 am,0.11
21-Mar-19 05:00:00 am,1.27
21-Mar-19 09:00:00 am,1.79
21-Mar-19 01:00:00 pm,1.79
21-Mar-19 05:00:00 pm,0.77
21-Mar-19 09:00:00 pm,0.13
22-Mar-19 01:00:00 am,0.11
22-Mar-19 05:00:00 am,1.28
22-Mar-19 09:00:00 am,1.80
22-Mar-19 01:00:00 pm,1.80
22-Mar-19 05:00:00 pm,0.67
22-Mar-19 09:00:00 pm,0.12
23-Mar-19 01:00:00 am,0.11
23-Mar-19 05:00:00 am,0.12
23-Mar-19 09:00:00 am,0.17
23-Mar-19 01:00:00 pm,0.08
23-Mar-19 05:00:00 pm,0.06
23-Mar-19 09:00:00 pm,0.09
24-Mar-19 01:00:00 am,0.11
24-Mar-19 05:00:00 am,0.12
24-Mar-19 09:00:00 am,0.11
24-Mar-19 01:00:00 pm,0.26
24-Mar-19 05:00:00 pm,0.15
24-Mar-19 09:00:00 pm,0.10
25-Mar-19 01:00:00 am,0.11
25-Mar-19 05:00:00 am,1.27
25-Mar-19 09:00:00 am,1.79
25-Mar-19 01:00:00 pm,1.81
25-Mar-19 05:00:00 pm,0.65
25-Mar-19 09:00:00 pm,0.23
26-Mar-19 01:00:00 am,0.11
26-Mar-19 05:00:00 am,1.27
26-Mar-19 09:00:00 am,1.79
26-Mar-19 01:00:00 pm,1.80
26-Mar-19 05:00:00 pm,0.66
26-Mar-19 09:00:00 pm,0.23
27-Mar-19 01:00:00 am,0.12
27-Mar-19 05:00:00 am,1.28
27-Mar-19 09:00:00 am,1.81
27-Mar-19 01:00:00 pm,1.80
27-Mar-19 05:00:00 pm,0.66
27-Mar-19 09:00:00 pm,0.18
28-Mar-19 01:00:00 am,0.11
28-Mar-19 05:00:00 am,1.27
28-Mar-19 09:00:00 am,1.79
28-Mar-19 01:00:00 pm,1.79
28-Mar-19 05:00:00 pm,0.76
28-Mar-19 09:00:00 pm,0.12
29-Mar-19 01:00:00 am,0.11
29-Mar-19 05:00:00 am,1.26
29-Mar-19 09:00:00 am,1.80
29-Mar-19 01:00:00 pm,1.79
29-Mar-19 05:00:00 pm,0.66
29-Mar-19 09:00:00 pm,0.11
30-Mar-19 01:00:00 am,0.12
30-Mar-19 05:00:00 am,0.12
30-Mar-19 09:00:00 am,0.11
30-Mar-19 01:00:00 pm,0.07
30-Mar-19 05:00:00 pm,0.05
30-Mar-19 09:00:00 pm,0.09
31-Mar-19 01:00:00 am,0.11
31-Mar-19 05:00:00 am,0.12
31-Mar-19 09:00:00 am,0.11
31-Mar-19 01:00:00 pm,0.06
31-Mar-19 05:00:00 pm,0.30
31-Mar-19 09:00:00 pm,0.10
01-Apr-19 01:00:00 am,0.11
01-Apr-19 05:00:00 am,1.08
01-Apr-19 09:00:00 am,1.62
01-Apr-19 01:00:00 pm,1.79
01-Apr-19 05:00:00 pm,0.76
01-Apr-19 09:00:00 pm,0.12
02-Apr-19 01:00:00 am,0.11
02-Apr-19 05:00:00 am,1.11
02-Apr-19 09:00:00 am,1.79
02-Apr-19 01:00:00 pm,1.80
02-Apr-19 05:00:00 pm,0.70
02-Apr-19 09:00:00 pm,0.11
03-Apr-19 01:00:00 am,0.10
03-Apr-19 05:00:00 am,1.06
03-Apr-19 09:00:00 am,1.79
03-Apr-19 01:00:00 pm,1.81
03-Apr-19 05:00:00 pm,0.88
03-Apr-19 09:00:00 pm,0.13
04-Apr-19 01:00:00 am,0.11
04-Apr-19 05:00:00 am,0.94
04-Apr-19 09:00:00 am,1.71
04-Apr-19 01:00:00 pm,1.80
04-Apr-19 05:00:00 pm,0.65
04-Apr-19 09:00:00 pm,0.11
05-Apr-19 01:00:00 am,0.10
05-Apr-19 05:00:00 am,0.95
05-Apr-19 09:00:00 am,1.36
05-Apr-19 01:00:00 pm,1.36
05-Apr-19 05:00:00 pm,0.52
05-Apr-19 09:00:00 pm,0.12
06-Apr-19 01:00:00 am,0.11
06-Apr-19 05:00:00 am,0.23
06-Apr-19 09:00:00 am,0.11
06-Apr-19 01:00:00 pm,0.10
06-Apr-19 05:00:00 pm,0.08
06-Apr-19 09:00:00 pm,0.10
07-Apr-19 01:00:00 am,0.11
07-Apr-19 05:00:00 am,0.12
07-Apr-19 09:00:00 am,0.34
07-Apr-19 01:00:00 pm,0.22
07-Apr-19 05:00:00 pm,0.10
07-Apr-19 09:00:00 pm,0.11
08-Apr-19 01:00:00 am,0.11
08-Apr-19 05:00:00 am,1.26
08-Apr-19 09:00:00 am,1.79
08-Apr-19 01:00:00 pm,1.80
08-Apr-19 05:00:00 pm,0.66
08-Apr-19 09:00:00 pm,0.12
09-Apr-19 01:00:00 am,0.11
09-Apr-19 05:00:00 am,1.20
09-Apr-19 09:00:00 am,1.80
09-Apr-19 01:00:00 pm,1.80
09-Apr-19 05:00:00 pm,0.66
09-Apr-19 09:00:00 pm,0.12
10-Apr-19 01:00:00 am,0.11
10-Apr-19 05:00:00 am,1.14
10-Apr-19 09:00:00 am,1.69
10-Apr-19 01:00:00 pm,1.69
10-Apr-19 05:00:00 pm,0.63
10-Apr-19 09:00:00 pm,0.12
11-Apr-19 01:00:00 am,0.11
11-Apr-19 05:00:00 am,0.99
11-Apr-19 09:00:00 am,1.55
11-Apr-19 01:00:00 pm,1.54
11-Apr-19 05:00:00 pm,0.64
11-Apr-19 09:00:00 pm,0.29
12-Apr-19 01:00:00 am,0.12
12-Apr-19 05:00:00 am,0.95
12-Apr-19 09:00:00 am,1.44
12-Apr-19 01:00:00 pm,1.58
12-Apr-19 05:00:00 pm,0.65
12-Apr-19 09:00:00 pm,0.11
13-Apr-19 01:00:00 am,0.11
13-Apr-19 05:00:00 am,0.11
13-Apr-19 09:00:00 am,0.23
13-Apr-19 01:00:00 pm,0.11
13-Apr-19 05:00:00 pm,0.09
13-Apr-19 09:00:00 pm,0.11
14-Apr-19 01:00:00 am,0.12
14-Apr-19 05:00:00 am,0.12
14-Apr-19 09:00:00 am,0.11
14-Apr-19 01:00:00 pm,0.10
14-Apr-19 05:00:00 pm,0.09
14-Apr-19 09:00:00 pm,0.11
15-Apr-19 01:00:00 am,0.11
15-Apr-19 05:00:00 am,1.23
15-Apr-19 09:00:00 am,1.75
15-Apr-19 01:00:00 pm,1.81
15-Apr-19 05:00:00 pm,0.71
15-Apr-19 09:00:00 pm,0.17
16-Apr-19 01:00:00 am,0.11
16-Apr-19 05:00:00 am,0.95
16-Apr-19 09:00:00 am,1.37
16-Apr-19 01:00:00 pm,1.36
16-Apr-19 05:00:00 pm,0.53
16-Apr-19 09:00:00 pm,0.38
17-Apr-19 01:00:00 am,0.12
17-Apr-19 05:00:00 am,1.34
17-Apr-19 09:00:00 am,1.81
17-Apr-19 01:00:00 pm,1.81
17-Apr-19 05:00:00 pm,0.77
17-Apr-19 09:00:00 pm,0.23
18-Apr-19 01:00:00 am,0.10
18-Apr-19 05:00:00 am,0.98
18-Apr-19 09:00:00 am,1.42
18-Apr-19 01:00:00 pm,1.41
18-Apr-19 05:00:00 pm,0.53
18-Apr-19 09:00:00 pm,0.23
19-Apr-19 01:00:00 am,0.11
19-Apr-19 05:00:00 am,1.02
19-Apr-19 09:00:00 am,1.80
19-Apr-19 01:00:00 pm,1.80
19-Apr-19 05:00:00 pm,0.66
19-Apr-19 09:00:00 pm,0.11
20-Apr-19 01:00:00 am,0.10
20-Apr-19 05:00:00 am,0.11
20-Apr-19 09:00:00 am,0.10
20-Apr-19 01:00:00 pm,0.09
20-Apr-19 05:00:00 pm,0.05
20-Apr-19 09:00:00 pm,0.09
21-Apr-19 01:00:00 am,0.11
21-Apr-19 05:00:00 am,0.12
21-Apr-19 09:00:00 am,0.11
21-Apr-19 01:00:00 pm,0.08
21-Apr-19 05:00:00 pm,0.06
21-Apr-19 09:00:00 pm,0.09
22-Apr-19 01:00:00 am,0.10
22-Apr-19 05:00:00 am,1.22
22-Apr-19 09:00:00 am,1.79
22-Apr-19 01:00:00 pm,1.81
22-Apr-19 05:00:00 pm,0.66
22-Apr-19 09:00:00 pm,0.23
23-Apr-19 01:00:00 am,0.11
23-Apr-19 05:00:00 am,0.93
23-Apr-19 09:00:00 am,1.35
23-Apr-19 01:00:00 pm,1.34
23-Apr-19 05:00:00 pm,0.54
23-Apr-19 09:00:00 pm,0.18
24-Apr-19 01:00:00 am,0.11
24-Apr-19 05:00:00 am,0.99
24-Apr-19 09:00:00 am,1.37
24-Apr-19 01:00:00 pm,1.76
24-Apr-19 05:00:00 pm,0.76
24-Apr-19 09:00:00 pm,0.23
25-Apr-19 01:00:00 am,0.12
25-Apr-19 05:00:00 am,1.19
25-Apr-19 09:00:00 am,1.72
25-Apr-19 01:00:00 pm,1.72
25-Apr-19 05:00:00 pm,0.64
25-Apr-19 09:00:00 pm,0.23
26-Apr-19 01:00:00 am,0.11
26-Apr-19 05:00:00 am,1.07
26-Apr-19 09:00:00 am,1.79
26-Apr-19 01:00:00 pm,1.80
26-Apr-19 05:00:00 pm,0.66
26-Apr-19 09:00:00 pm,0.11
27-Apr-19 01:00:00 am,0.10
27-Apr-19 05:00:00 am,0.10
27-Apr-19 09:00:00 am,0.09
27-Apr-19 01:00:00 pm,0.20
27-Apr-19 05:00:00 pm,0.09
27-Apr-19 09:00:00 pm,0.10
28-Apr-19 01:00:00 am,0.12
28-Apr-19 05:00:00 am,0.13
28-Apr-19 09:00:00 am,0.11
28-Apr-19 01:00:00 pm,0.07
28-Apr-19 05:00:00 pm,0.12
28-Apr-19 09:00:00 pm,0.10
29-Apr-19 01:00:00 am,0.11
29-Apr-19 05:00:00 am,1.26
29-Apr-19 09:00:00 am,1.79
29-Apr-19 01:00:00 pm,1.80
29-Apr-19 05:00:00 pm,0.66
29-Apr-19 09:00:00 pm,0.22
30-Apr-19 01:00:00 am,0.11
30-Apr-19 05:00:00 am,1.01
30-Apr-19 09:00:00 am,1.63
30-Apr-19 01:00:00 pm,1.80
30-Apr-19 05:00:00 pm,0.71
30-Apr-19 09:00:00 pm,0.22
01-May-19 01:00:00 am,0.11
01-May-19 05:00:00 am,0.99
01-May-19 09:00:00 am,1.65
01-May-19 01:00:00 pm,1.80
01-May-19 05:00:00 pm,0.65
01-May-19 09:00:00 pm,0.23
02-May-19 01:00:00 am,0.11
02-May-19 05:00:00 am,0.96
02-May-19 09:00:00 am,1.66
02-May-19 01:00:00 pm,1.79
02-May-19 05:00:00 pm,0.66
02-May-19 09:00:00 pm,0.23
03-May-19 01:00:00 am,0.11
03-May-19 05:00:00 am,1.02
03-May-19 09:00:00 am,1.51
03-May-19 01:00:00 pm,1.69
03-May-19 05:00:00 pm,0.64
03-May-19 09:00:00 pm,0.10
04-May-19 01:00:00 am,0.16
04-May-19 05:00:00 am,0.11
04-May-19 09:00:00 am,0.09
04-May-19 01:00:00 pm,0.06
04-May-19 05:00:00 pm,0.04
04-May-19 09:00:00 pm,0.07
05-May-19 01:00:00 am,0.09
05-May-19 05:00:00 am,0.10
05-May-19 09:00:00 am,0.09
05-May-19 01:00:00 pm,0.05
05-May-19 05:00:00 pm,0.45
05-May-19 09:00:00 pm,0.09
06-May-19 01:00:00 am,0.10
06-May-19 05:00:00 am,0.92
06-May-19 09:00:00 am,1.52
06-May-19 01:00:00 pm,1.81
06-May-19 05:00:00 pm,0.64
06-May-19 09:00:00 pm,0.21
07-May-19 01:00:00 am,0.22
07-May-19 05:00:00 am,1.02
07-May-19 09:00:00 am,1.74
07-May-19 01:00:00 pm,1.80
07-May-19 05:00:00 pm,0.64
07-May-19 09:00:00 pm,0.19
08-May-19 01:00:00 am,0.10
08-May-19 05:00:00 am,0.96
08-May-19 09:00:00 am,1.43
08-May-19 01:00:00 pm,1.81
08-May-19 05:00:00 pm,0.64
08-May-19 09:00:00 pm,0.21
09-May-19 01:00:00 am,0.10
09-May-19 05:00:00 am,1.27
09-May-19 09:00:00 am,1.80
09-May-19 01:00:00 pm,1.80
09-May-19 05:00:00 pm,0.64
09-May-19 09:00:00 pm,0.15
10-May-19 01:00:00 am,0.10
10-May-19 05:00:00 am,1.26
10-May-19 09:00:00 am,1.80
10-May-19 01:00:00 pm,1.81
10-May-19 05:00:00 pm,0.64
10-May-19 09:00:00 pm,0.07
11-May-19 01:00:00 am,0.08
11-May-19 05:00:00 am,0.09
11-May-19 09:00:00 am,0.07
11-May-19 01:00:00 pm,0.50
11-May-19 05:00:00 pm,0.50
11-May-19 09:00:00 pm,0.11
12-May-19 01:00:00 am,0.10
12-May-19 05:00:00 am,0.10
12-May-19 09:00:00 am,0.09
12-May-19 01:00:00 pm,0.07
12-May-19 05:00:00 pm,0.18
12-May-19 09:00:00 pm,0.09
13-May-19 01:00:00 am,0.10
13-May-19 05:00:00 am,1.27
13-May-19 09:00:00 am,1.79
13-May-19 01:00:00 pm,1.80
13-May-19 05:00:00 pm,0.64
13-May-19 09:00:00 pm,0.23
14-May-19 01:00:00 am,0.10
14-May-19 05:00:00 am,0.93
14-May-19 09:00:00 am,1.39
14-May-19 01:00:00 pm,1.40
14-May-19 05:00:00 pm,0.61
14-May-19 09:00:00 pm,0.23
15-May-19 01:00:00 am,0.10
15-May-19 05:00:00 am,1.02
15-May-19 09:00:00 am,1.69
15-May-19 01:00:00 pm,1.81
15-May-19 05:00:00 pm,0.66
15-May-19 09:00:00 pm,0.23
16-May-19 01:00:00 am,0.10
16-May-19 05:00:00 am,0.96
16-May-19 09:00:00 am,1.39
16-May-19 01:00:00 pm,1.40
16-May-19 05:00:00 pm,0.53
16-May-19 09:00:00 pm,0.23
17-May-19 01:00:00 am,0.10
17-May-19 05:00:00 am,0.99
17-May-19 09:00:00 am,1.58
17-May-19 01:00:00 pm,1.79
17-May-19 05:00:00 pm,0.65
17-May-19 09:00:00 pm,0.09
18-May-19 01:00:00 am,0.09
18-May-19 05:00:00 am,0.09
18-May-19 09:00:00 am,0.08
18-May-19 01:00:00 pm,0.05
18-May-19 05:00:00 pm,0.04
18-May-19 09:00:00 pm,0.07
19-May-19 01:00:00 am,0.08
19-May-19 05:00:00 am,0.09
19-May-19 09:00:00 am,0.21
19-May-19 01:00:00 pm,0.05
19-May-19 05:00:00 pm,0.27
19-May-19 09:00:00 pm,0.08
20-May-19 01:00:00 am,0.09
20-May-19 05:00:00 am,1.27
20-May-19 09:00:00 am,1.79
20-May-19 01:00:00 pm,1.81
20-May-19 05:00:00 pm,0.70
20-May-19 09:00:00 pm,0.23
21-May-19 01:00:00 am,0.10
21-May-19 05:00:00 am,1.01
21-May-19 09:00:00 am,1.80
21-May-19 01:00:00 pm,1.80
21-May-19 05:00:00 pm,0.65
21-May-19 09:00:00 pm,0.22
22-May-19 01:00:00 am,0.10
22-May-19 05:00:00 am,1.06
22-May-19 09:00:00 am,1.59
22-May-19 01:00:00 pm,1.82
22-May-19 05:00:00 pm,0.69
22-May-19 09:00:00 pm,0.21
23-May-19 01:00:00 am,0.09
23-May-19 05:00:00 am,1.26
23-May-19 09:00:00 am,1.79
23-May-19 01:00:00 pm,1.79
23-May-19 05:00:00 pm,0.63
23-May-19 09:00:00 pm,0.20
24-May-19 01:00:00 am,0.10
24-May-19 05:00:00 am,1.25
24-May-19 09:00:00 am,1.81
24-May-19 01:00:00 pm,1.81
24-May-19 05:00:00 pm,0.65
24-May-19 09:00:00 pm,0.10
25-May-19 01:00:00 am,0.09
25-May-19 05:00:00 am,0.09
25-May-19 09:00:00 am,0.09
25-May-19 01:00:00 pm,0.08
25-May-19 05:00:00 pm,0.08
25-May-19 09:00:00 pm,0.09
26-May-19 01:00:00 am,0.09
26-May-19 05:00:00 am,0.09
26-May-19 09:00:00 am,0.09
26-May-19 01:00:00 pm,0.06
26-May-19 05:00:00 pm,0.03
26-May-19 09:00:00 pm,0.05
27-May-19 01:00:00 am,0.08
27-May-19 05:00:00 am,0.92
27-May-19 09:00:00 am,1.63
27-May-19 01:00:00 pm,1.79
27-May-19 05:00:00 pm,0.63
27-May-19 09:00:00 pm,0.08
28-May-19 01:00:00 am,0.09
28-May-19 05:00:00 am,1.23
28-May-19 09:00:00 am,1.79
28-May-19 01:00:00 pm,1.80
28-May-19 05:00:00 pm,0.64
28-May-19 09:00:00 pm,0.21
29-May-19 01:00:00 am,0.09
29-May-19 05:00:00 am,0.91
29-May-19 09:00:00 am,1.80
29-May-19 01:00:00 pm,1.81
29-May-19 05:00:00 pm,0.64
29-May-19 09:00:00 pm,0.08
30-May-19 01:00:00 am,0.08
30-May-19 05:00:00 am,1.00
30-May-19 09:00:00 am,1.80
30-May-19 01:00:00 pm,1.80
30-May-19 05:00:00 pm,0.64
30-May-19 09:00:00 pm,0.08
31-May-19 01:00:00 am,0.08
31-May-19 05:00:00 am,1.27
31-May-19 09:00:00 am,1.80
31-May-19 01:00:00 pm,1.79
31-May-19 05:00:00 pm,0.63
31-May-19 09:00:00 pm,0.08
01-Jun-19 01:00:00 am,0.09
01-Jun-19 05:00:00 am,0.09
01-Jun-19 09:00:00 am,0.15
01-Jun-19 01:00:00 pm,0.06
01-Jun-19 05:00:00 pm,0.28
01-Jun-19 09:00:00 pm,0.19
02-Jun-19 01:00:00 am,0.09
02-Jun-19 05:00:00 am,0.09
02-Jun-19 09:00:00 am,0.07
02-Jun-19 01:00:00 pm,0.04
02-Jun-19 05:00:00 pm,0.45
02-Jun-19 09:00:00 pm,0.09
03-Jun-19 01:00:00 am,0.08
03-Jun-19 05:00:00 am,1.20
03-Jun-19 09:00:00 am,1.10
03-Jun-19 01:00:00 pm,1.72
03-Jun-19 05:00:00 pm,0.63
03-Jun-19 09:00:00 pm,0.08
04-Jun-19 01:00:00 am,0.09
04-Jun-19 05:00:00 am,0.99
04-Jun-19 09:00:00 am,1.80
04-Jun-19 01:00:00 pm,1.80
04-Jun-19 05:00:00 pm,0.64
04-Jun-19 09:00:00 pm,0.15
05-Jun-19 01:00:00 am,0.09
05-Jun-19 05:00:00 am,1.09
05-Jun-19 09:00:00 am,1.81
05-Jun-19 01:00:00 pm,1.80
05-Jun-19 05:00:00 pm,0.64
05-Jun-19 09:00:00 pm,0.21
06-Jun-19 01:00:00 am,0.10
06-Jun-19 05:00:00 am,0.95
06-Jun-19 09:00:00 am,1.66
06-Jun-19 01:00:00 pm,1.80
06-Jun-19 05:00:00 pm,0.64
06-Jun-19 09:00:00 pm,0.22
07-Jun-19 01:00:00 am,0.23
07-Jun-19 05:00:00 am,1.01
07-Jun-19 09:00:00 am,1.79
07-Jun-19 01:00:00 pm,1.79
07-Jun-19 05:00:00 pm,0.66
07-Jun-19 09:00:00 pm,0.11
08-Jun-19 01:00:00 am,0.09
08-Jun-19 05:00:00 am,0.09
08-Jun-19 09:00:00 am,0.08
08-Jun-19 01:00:00 pm,0.06
08-Jun-19 05:00:00 pm,0.03
08-Jun-19 09:00:00 pm,0.06
09-Jun-19 01:00:00 am,0.09
09-Jun-19 05:00:00 am,0.10
09-Jun-19 09:00:00 am,0.07
09-Jun-19 01:00:00 pm,0.04
09-Jun-19 05:00:00 pm,0.03
09-Jun-19 09:00:00 pm,0.25
10-Jun-19 01:00:00 am,0.09
10-Jun-19 05:00:00 am,0.93
10-Jun-19 09:00:00 am,1.67
10-Jun-19 01:00:00 pm,1.80
10-Jun-19 05:00:00 pm,0.63
10-Jun-19 09:00:00 pm,0.14
11-Jun-19 01:00:00 am,0.09
11-Jun-19 05:00:00 am,1.04
11-Jun-19 09:00:00 am,1.68
11-Jun-19 01:00:00 pm,1.79
11-Jun-19 05:00:00 pm,0.63
11-Jun-19 09:00:00 pm,0.19
12-Jun-19 01:00:00 am,0.19
12-Jun-19 05:00:00 am,1.36
12-Jun-19 09:00:00 am,1.81
12-Jun-19 01:00:00 pm,1.80
12-Jun-19 05:00:00 pm,0.63
12-Jun-19 09:00:00 pm,0.20
13-Jun-19 01:00:00 am,0.34
13-Jun-19 05:00:00 am,1.38
13-Jun-19 09:00:00 am,1.72
13-Jun-19 01:00:00 pm,1.80
13-Jun-19 05:00:00 pm,0.63
13-Jun-19 09:00:00 pm,0.20
14-Jun-19 01:00:00 am,0.09
14-Jun-19 05:00:00 am,1.26
14-Jun-19 09:00:00 am,1.78
14-Jun-19 01:00:00 pm,1.80
14-Jun-19 05:00:00 pm,0.64
14-Jun-19 09:00:00 pm,0.08
15-Jun-19 01:00:00 am,0.09
15-Jun-19 05:00:00 am,0.08
15-Jun-19 09:00:00 am,0.08
15-Jun-19 01:00:00 pm,0.05
15-Jun-19 05:00:00 pm,0.02
15-Jun-19 09:00:00 pm,0.05
16-Jun-19 01:00:00 am,0.07
16-Jun-19 05:00:00 am,0.09
16-Jun-19 09:00:00 am,0.06
16-Jun-19 01:00:00 pm,0.03
16-Jun-19 05:00:00 pm,0.55
16-Jun-19 09:00:00 pm,0.08
17-Jun-19 01:00:00 am,0.32
17-Jun-19 05:00:00 am,1.80
17-Jun-19 09:00:00 am,1.80
17-Jun-19 01:00:00 pm,1.79
17-Jun-19 05:00:00 pm,0.63
17-Jun-19 09:00:00 pm,0.20
18-Jun-19 01:00:00 am,0.08
18-Jun-19 05:00:00 am,1.79
18-Jun-19 09:00:00 am,1.79
18-Jun-19 01:00:00 pm,1.80
18-Jun-19 05:00:00 pm,0.65
18-Jun-19 09:00:00 pm,0.09
19-Jun-19 01:00:00 am,0.08
19-Jun-19 05:00:00 am,1.03
19-Jun-19 09:00:00 am,1.81
19-Jun-19 01:00:00 pm,1.81
19-Jun-19 05:00:00 pm,0.65
19-Jun-19 09:00:00 pm,0.22
20-Jun-19 01:00:00 am,0.10
20-Jun-19 05:00:00 am,0.96
20-Jun-19 09:00:00 am,1.56
20-Jun-19 01:00:00 pm,1.79
20-Jun-19 05:00:00 pm,0.65
20-Jun-19 09:00:00 pm,0.22
21-Jun-19 01:00:00 am,0.09
21-Jun-19 05:00:00 am,1.04
21-Jun-19 09:00:00 am,1.80
21-Jun-19 01:00:00 pm,1.81
21-Jun-19 05:00:00 pm,0.64
21-Jun-19 09:00:00 pm,0.08
22-Jun-19 01:00:00 am,0.08
22-Jun-19 05:00:00 am,0.09
22-Jun-19 09:00:00 am,0.08
22-Jun-19 01:00:00 pm,0.07
22-Jun-19 05:00:00 pm,0.06
22-Jun-19 09:00:00 pm,0.06
23-Jun-19 01:00:00 am,0.08
23-Jun-19 05:00:00 am,0.08
23-Jun-19 09:00:00 am,0.08
23-Jun-19 01:00:00 pm,0.07
23-Jun-19 05:00:00 pm,0.07
23-Jun-19 09:00:00 pm,0.08
24-Jun-19 01:00:00 am,0.09
24-Jun-19 05:00:00 am,0.96
24-Jun-19 09:00:00 am,1.75
24-Jun-19 01:00:00 pm,1.79
24-Jun-19 05:00:00 pm,0.63
24-Jun-19 09:00:00 pm,0.08
25-Jun-19 01:00:00 am,0.09
25-Jun-19 05:00:00 am,1.01
25-Jun-19 09:00:00 am,1.80
25-Jun-19 01:00:00 pm,1.80
25-Jun-19 05:00:00 pm,0.64
25-Jun-19 09:00:00 pm,0.20
26-Jun-19 01:00:00 am,0.09
26-Jun-19 05:00:00 am,1.04
26-Jun-19 09:00:00 am,1.80
26-Jun-19 01:00:00 pm,1.80
26-Jun-19 05:00:00 pm,0.64
26-Jun-19 09:00:00 pm,0.21
27-Jun-19 01:00:00 am,0.09
27-Jun-19 05:00:00 am,1.05
27-Jun-19 09:00:00 am,1.80
27-Jun-19 01:00:00 pm,1.80
27-Jun-19 05:00:00 pm,0.64
27-Jun-19 09:00:00 pm,0.15
28-Jun-19 01:00:00 am,0.09
28-Jun-19 05:00:00 am,1.07
28-Jun-19 09:00:00 am,1.81
28-Jun-19 01:00:00 pm,1.80
28-Jun-19 05:00:00 pm,0.64
28-Jun-19 09:00:00 pm,0.15
29-Jun-19 01:00:00 am,0.10
29-Jun-19 05:00:00 am,0.09
29-Jun-19 09:00:00 am,0.07
29-Jun-19 01:00:00 pm,0.21
29-Jun-19 05:00:00 pm,0.30
29-Jun-19 09:00:00 pm,0.08
30-Jun-19 01:00:00 am,0.09
30-Jun-19 05:00:00 am,0.09
30-Jun-19 09:00:00 am,0.07
30-Jun-19 01:00:00 pm,0.26
30-Jun-19 05:00:00 pm,0.56
30-Jun-19 09:00:00 pm,0.08
01-Jul-19 01:00:00 am,0.39
01-Jul-19 05:00:00 am,1.25
01-Jul-19 09:00:00 am,1.67
01-Jul-19 01:00:00 pm,1.80
01-Jul-19 05:00:00 pm,0.63
01-Jul-19 09:00:00 pm,0.20
02-Jul-19 01:00:00 am,0.09
02-Jul-19 05:00:00 am,1.22
02-Jul-19 09:00:00 am,1.39
02-Jul-19 01:00:00 pm,1.79
02-Jul-19 05:00:00 pm,0.65
02-Jul-19 09:00:00 pm,0.22
03-Jul-19 01:00:00 am,0.09
03-Jul-19 05:00:00 am,1.06
03-Jul-19 09:00:00 am,1.79
03-Jul-19 01:00:00 pm,1.79
03-Jul-19 05:00:00 pm,0.65
03-Jul-19 09:00:00 pm,0.21
04-Jul-19 01:00:00 am,0.09
04-Jul-19 05:00:00 am,1.07
04-Jul-19 09:00:00 am,1.80
04-Jul-19 01:00:00 pm,1.81
04-Jul-19 05:00:00 pm,0.62
04-Jul-19 09:00:00 pm,0.08
05-Jul-19 01:00:00 am,0.08
05-Jul-19 05:00:00 am,1.26
05-Jul-19 09:00:00 am,1.81
05-Jul-19 01:00:00 pm,1.80
05-Jul-19 05:00:00 pm,0.65
05-Jul-19 09:00:00 pm,0.08
06-Jul-19 01:00:00 am,0.08
06-Jul-19 05:00:00 am,0.08
06-Jul-19 09:00:00 am,0.07
06-Jul-19 01:00:00 pm,0.05
06-Jul-19 05:00:00 pm,0.04
06-Jul-19 09:00:00 pm,0.05
07-Jul-19 01:00:00 am,0.07
07-Jul-19 05:00:00 am,0.08
07-Jul-19 09:00:00 am,0.07
07-Jul-19 01:00:00 pm,0.05
07-Jul-19 05:00:00 pm,0.05
07-Jul-19 09:00:00 pm,0.07
08-Jul-19 01:00:00 am,0.08
08-Jul-19 05:00:00 am,1.26
08-Jul-19 09:00:00 am,1.80
08-Jul-19 01:00:00 pm,1.80
08-Jul-19 05:00:00 pm,0.63
08-Jul-19 09:00:00 pm,0.20
09-Jul-19 01:00:00 am,0.09
09-Jul-19 05:00:00 am,0.92
09-Jul-19 09:00:00 am,1.81
09-Jul-19 01:00:00 pm,1.79
09-Jul-19 05:00:00 pm,0.61
09-Jul-19 09:00:00 pm,0.21
10-Jul-19 01:00:00 am,0.08
10-Jul-19 05:00:00 am,1.27
10-Jul-19 09:00:00 am,1.80
10-Jul-19 01:00:00 pm,1.81
10-Jul-19 05:00:00 pm,0.57
10-Jul-19 09:00:00 pm,0.21
11-Jul-19 01:00:00 am,0.08
11-Jul-19 05:00:00 am,1.04
11-Jul-19 09:00:00 am,1.66
11-Jul-19 01:00:00 pm,1.80
11-Jul-19 05:00:00 pm,0.64
11-Jul-19 09:00:00 pm,0.21
12-Jul-19 01:00:00 am,0.09
12-Jul-19 05:00:00 am,1.26
12-Jul-19 09:00:00 am,1.80
12-Jul-19 01:00:00 pm,1.80
12-Jul-19 05:00:00 pm,0.63
12-Jul-19 09:00:00 pm,0.07
13-Jul-19 01:00:00 am,0.07
13-Jul-19 05:00:00 am,0.07
13-Jul-19 09:00:00 am,0.06
13-Jul-19 01:00:00 pm,0.26
13-Jul-19 05:00:00 pm,0.52
13-Jul-19 09:00:00 pm,0.09
14-Jul-19 01:00:00 am,0.08
14-Jul-19 05:00:00 am,0.08
14-Jul-19 09:00:00 am,0.06
14-Jul-19 01:00:00 pm,0.49
14-Jul-19 05:00:00 pm,0.47
14-Jul-19 09:00:00 pm,0.10
15-Jul-19 01:00:00 am,0.38
15-Jul-19 05:00:00 am,1.79
15-Jul-19 09:00:00 am,1.80
15-Jul-19 01:00:00 pm,1.80
15-Jul-19 05:00:00 pm,0.64
15-Jul-19 09:00:00 pm,0.20
16-Jul-19 01:00:00 am,0.08
16-Jul-19 05:00:00 am,1.18
16-Jul-19 09:00:00 am,1.69
16-Jul-19 01:00:00 pm,1.71
16-Jul-19 05:00:00 pm,0.63
16-Jul-19 09:00:00 pm,0.20
17-Jul-19 01:00:00 am,0.19
17-Jul-19 05:00:00 am,1.25
17-Jul-19 09:00:00 am,1.67
17-Jul-19 01:00:00 pm,1.80
17-Jul-19 05:00:00 pm,0.65
17-Jul-19 09:00:00 pm,0.08
18-Jul-19 01:00:00 am,0.08
18-Jul-19 05:00:00 am,0.99
18-Jul-19 09:00:00 am,1.72
18-Jul-19 01:00:00 pm,1.81
18-Jul-19 05:00:00 pm,0.65
18-Jul-19 09:00:00 pm,0.21
19-Jul-19 01:00:00 am,0.09
19-Jul-19 05:00:00 am,1.02
19-Jul-19 09:00:00 am,1.79
19-Jul-19 01:00:00 pm,1.80
19-Jul-19 05:00:00 pm,0.63
19-Jul-19 09:00:00 pm,0.08
20-Jul-19 01:00:00 am,0.09
20-Jul-19 05:00:00 am,0.09
20-Jul-19 09:00:00 am,0.07
20-Jul-19 01:00:00 pm,0.04
20-Jul-19 05:00:00 pm,0.39
20-Jul-19 09:00:00 pm,0.08
21-Jul-19 01:00:00 am,0.08
21-Jul-19 05:00:00 am,0.08
21-Jul-19 09:00:00 am,0.06
21-Jul-19 01:00:00 pm,0.41
21-Jul-19 05:00:00 pm,0.72
21-Jul-19 09:00:00 pm,0.09
22-Jul-19 01:00:00 am,0.38
22-Jul-19 05:00:00 am,1.25
22-Jul-19 09:00:00 am,1.78
22-Jul-19 01:00:00 pm,1.78
22-Jul-19 05:00:00 pm,0.62
22-Jul-19 09:00:00 pm,0.07
23-Jul-19 01:00:00 am,0.07
23-Jul-19 05:00:00 am,1.24
23-Jul-19 09:00:00 am,1.09
23-Jul-19 01:00:00 pm,1.34
23-Jul-19 05:00:00 pm,0.46
23-Jul-19 09:00:00 pm,0.08
24-Jul-19 01:00:00 am,0.07
24-Jul-19 05:00:00 am,0.98
24-Jul-19 09:00:00 am,1.63
24-Jul-19 01:00:00 pm,1.79
24-Jul-19 05:00:00 pm,0.63
24-Jul-19 09:00:00 pm,0.07
25-Jul-19 01:00:00 am,0.08
25-Jul-19 05:00:00 am,0.98
25-Jul-19 09:00:00 am,1.65
25-Jul-19 01:00:00 pm,1.79
25-Jul-19 05:00:00 pm,0.62
25-Jul-19 09:00:00 pm,0.06
26-Jul-19 01:00:00 am,0.16
26-Jul-19 05:00:00 am,1.23
26-Jul-19 09:00:00 am,1.64
26-Jul-19 01:00:00 pm,1.79
26-Jul-19 05:00:00 pm,0.62
26-Jul-19 09:00:00 pm,0.06
27-Jul-19 01:00:00 am,0.07
27-Jul-19 05:00:00 am,0.07
27-Jul-19 09:00:00 am,0.06
27-Jul-19 01:00:00 pm,0.04
27-Jul-19 05:00:00 pm,0.17
27-Jul-19 09:00:00 pm,0.08
28-Jul-19 01:00:00 am,0.08
28-Jul-19 05:00:00 am,0.09
28-Jul-19 09:00:00 am,0.07
28-Jul-19 01:00:00 pm,0.21
28-Jul-19 05:00:00 pm,0.74
28-Jul-19 09:00:00 pm,0.09
29-Jul-19 01:00:00 am,0.40
29-Jul-19 05:00:00 am,1.26
29-Jul-19 09:00:00 am,1.59
29-Jul-19 01:00:00 pm,1.80
29-Jul-19 05:00:00 pm,0.62
29-Jul-19 09:00:00 pm,0.06
30-Jul-19 01:00:00 am,0.40
30-Jul-19 05:00:00 am,1.19
30-Jul-19 09:00:00 am,1.33
30-Jul-19 01:00:00 pm,1.76
30-Jul-19 05:00:00 pm,0.63
30-Jul-19 09:00:00 pm,0.07
31-Jul-19 01:00:00 am,0.08
31-Jul-19 05:00:00 am,0.94
31-Jul-19 09:00:00 am,1.62
31-Jul-19 01:00:00 pm,1.81
31-Jul-19 05:00:00 pm,0.63
31-Jul-19 09:00:00 pm,0.06
01-Aug-19 01:00:00 am,0.39
01-Aug-19 05:00:00 am,1.29
01-Aug-19 09:00:00 am,1.70
01-Aug-19 01:00:00 pm,1.81
01-Aug-19 05:00:00 pm,0.62
01-Aug-19 09:00:00 pm,0.07
02-Aug-19 01:00:00 am,0.36
02-Aug-19 05:00:00 am,1.80
02-Aug-19 09:00:00 am,1.81
02-Aug-19 01:00:00 pm,1.78
02-Aug-19 05:00:00 pm,0.64
02-Aug-19 09:00:00 pm,0.07
03-Aug-19 01:00:00 am,0.07
03-Aug-19 05:00:00 am,0.08
03-Aug-19 09:00:00 am,0.07
03-Aug-19 01:00:00 pm,0.37
03-Aug-19 05:00:00 pm,0.52
03-Aug-19 09:00:00 pm,0.21
04-Aug-19 01:00:00 am,0.08
04-Aug-19 05:00:00 am,0.08
04-Aug-19 09:00:00 am,0.06
04-Aug-19 01:00:00 pm,0.71
04-Aug-19 05:00:00 pm,0.73
04-Aug-19 09:00:00 pm,0.21
05-Aug-19 01:00:00 am,0.34
05-Aug-19 05:00:00 am,1.80
05-Aug-19 09:00:00 am,1.80
05-Aug-19 01:00:00 pm,1.79
05-Aug-19 05:00:00 pm,0.63
05-Aug-19 09:00:00 pm,0.06
06-Aug-19 01:00:00 am,0.40
06-Aug-19 05:00:00 am,1.23
06-Aug-19 09:00:00 am,1.29
06-Aug-19 01:00:00 pm,1.80
06-Aug-19 05:00:00 pm,0.63
06-Aug-19 09:00:00 pm,0.07
07-Aug-19 01:00:00 am,0.38
07-Aug-19 05:00:00 am,1.26
07-Aug-19 09:00:00 am,1.63
07-Aug-19 01:00:00 pm,1.80
07-Aug-19 05:00:00 pm,0.63
07-Aug-19 09:00:00 pm,0.07
08-Aug-19 01:00:00 am,0.18
08-Aug-19 05:00:00 am,1.26
08-Aug-19 09:00:00 am,1.53
08-Aug-19 01:00:00 pm,1.81
08-Aug-19 05:00:00 pm,0.65
08-Aug-19 09:00:00 pm,0.08
09-Aug-19 01:00:00 am,0.07
09-Aug-19 05:00:00 am,1.07
09-Aug-19 09:00:00 am,1.16
09-Aug-19 01:00:00 pm,1.78
09-Aug-19 05:00:00 pm,0.63
09-Aug-19 09:00:00 pm,0.08
10-Aug-19 01:00:00 am,0.07
10-Aug-19 05:00:00 am,0.07
10-Aug-19 09:00:00 am,0.07
10-Aug-19 01:00:00 pm,0.04
10-Aug-19 05:00:00 pm,0.03
10-Aug-19 09:00:00 pm,0.06
11-Aug-19 01:00:00 am,0.07
11-Aug-19 05:00:00 am,0.08
11-Aug-19 09:00:00 am,0.08
11-Aug-19 01:00:00 pm,0.05
11-Aug-19 05:00:00 pm,0.05
11-Aug-19 09:00:00 pm,0.06
12-Aug-19 01:00:00 am,0.39
12-Aug-19 05:00:00 am,1.25
12-Aug-19 09:00:00 am,1.41
12-Aug-19 01:00:00 pm,1.79
12-Aug-19 05:00:00 pm,0.63
12-Aug-19 09:00:00 pm,0.20
13-Aug-19 01:00:00 am,0.08
13-Aug-19 05:00:00 am,1.25
13-Aug-19 09:00:00 am,1.64
13-Aug-19 01:00:00 pm,1.79
13-Aug-19 05:00:00 pm,0.63
13-Aug-19 09:00:00 pm,0.07
14-Aug-19 01:00:00 am,0.26
14-Aug-19 05:00:00 am,1.24
14-Aug-19 09:00:00 am,1.62
14-Aug-19 01:00:00 pm,1.80
14-Aug-19 05:00:00 pm,0.64
14-Aug-19 09:00:00 pm,0.07
15-Aug-19 01:00:00 am,0.18
15-Aug-19 05:00:00 am,1.28
15-Aug-19 09:00:00 am,1.62
15-Aug-19 01:00:00 pm,1.79
15-Aug-19 05:00:00 pm,0.63
15-Aug-19 09:00:00 pm,0.07
16-Aug-19 01:00:00 am,0.26
16-Aug-19 05:00:00 am,1.25
16-Aug-19 09:00:00 am,1.00
16-Aug-19 01:00:00 pm,1.00
16-Aug-19 05:00:00 pm,0.39
16-Aug-19 09:00:00 pm,0.08
17-Aug-19 01:00:00 am,0.07
17-Aug-19 05:00:00 am,0.07
17-Aug-19 09:00:00 am,0.06
17-Aug-19 01:00:00 pm,0.04
17-Aug-19 05:00:00 pm,0.04
17-Aug-19 09:00:00 pm,0.06
18-Aug-19 01:00:00 am,0.07
18-Aug-19 05:00:00 am,0.08
18-Aug-19 09:00:00 am,0.07
18-Aug-19 01:00:00 pm,0.26
18-Aug-19 05:00:00 pm,0.49
18-Aug-19 09:00:00 pm,0.24
19-Aug-19 01:00:00 am,0.39
19-Aug-19 05:00:00 am,1.55
19-Aug-19 09:00:00 am,1.79
19-Aug-19 01:00:00 pm,1.77
19-Aug-19 05:00:00 pm,0.64
19-Aug-19 09:00:00 pm,0.21
20-Aug-19 01:00:00 am,0.09
20-Aug-19 05:00:00 am,1.26
20-Aug-19 09:00:00 am,1.80
20-Aug-19 01:00:00 pm,1.80
20-Aug-19 05:00:00 pm,0.80
20-Aug-19 09:00:00 pm,0.20
21-Aug-19 01:00:00 am,0.08
21-Aug-19 05:00:00 am,1.26
21-Aug-19 09:00:00 am,1.65
21-Aug-19 01:00:00 pm,1.80
21-Aug-19 05:00:00 pm,0.60
21-Aug-19 09:00:00 pm,0.21
22-Aug-19 01:00:00 am,0.08
22-Aug-19 05:00:00 am,0.98
22-Aug-19 09:00:00 am,1.78
22-Aug-19 01:00:00 pm,1.79
22-Aug-19 05:00:00 pm,0.64
22-Aug-19 09:00:00 pm,0.21
23-Aug-19 01:00:00 am,0.08
23-Aug-19 05:00:00 am,1.01
23-Aug-19 09:00:00 am,1.72
23-Aug-19 01:00:00 pm,1.80
23-Aug-19 05:00:00 pm,0.64
23-Aug-19 09:00:00 pm,0.08
24-Aug-19 01:00:00 am,0.07
24-Aug-19 05:00:00 am,0.07
24-Aug-19 09:00:00 am,0.07
24-Aug-19 01:00:00 pm,0.04
24-Aug-19 05:00:00 pm,0.03
24-Aug-19 09:00:00 pm,0.06
25-Aug-19 01:00:00 am,0.07
25-Aug-19 05:00:00 am,0.08
25-Aug-19 09:00:00 am,0.07
25-Aug-19 01:00:00 pm,0.27
25-Aug-19 05:00:00 pm,0.63
25-Aug-19 09:00:00 pm,0.08
26-Aug-19 01:00:00 am,0.40
26-Aug-19 05:00:00 am,1.49
26-Aug-19 09:00:00 am,1.69
26-Aug-19 01:00:00 pm,1.80
26-Aug-19 05:00:00 pm,0.64
26-Aug-19 09:00:00 pm,0.20
27-Aug-19 01:00:00 am,0.08
27-Aug-19 05:00:00 am,0.89
27-Aug-19 09:00:00 am,1.60
27-Aug-19 01:00:00 pm,1.80
27-Aug-19 05:00:00 pm,0.63
27-Aug-19 09:00:00 pm,0.07
28-Aug-19 01:00:00 am,0.40
28-Aug-19 05:00:00 am,1.17
28-Aug-19 09:00:00 am,1.62
28-Aug-19 01:00:00 pm,1.80
28-Aug-19 05:00:00 pm,0.63
28-Aug-19 09:00:00 pm,0.21
29-Aug-19 01:00:00 am,0.41
29-Aug-19 05:00:00 am,1.40
29-Aug-19 09:00:00 am,1.59
29-Aug-19 01:00:00 pm,1.79
29-Aug-19 05:00:00 pm,0.65
29-Aug-19 09:00:00 pm,0.21
30-Aug-19 01:00:00 am,0.08
30-Aug-19 05:00:00 am,1.18
30-Aug-19 09:00:00 am,1.53
30-Aug-19 01:00:00 pm,1.79
30-Aug-19 05:00:00 pm,0.64
30-Aug-19 09:00:00 pm,0.14
31-Aug-19 01:00:00 am,0.08
31-Aug-19 05:00:00 am,0.08
31-Aug-19 09:00:00 am,0.06
31-Aug-19 01:00:00 pm,0.04
31-Aug-19 05:00:00 pm,0.04
31-Aug-19 09:00:00 pm,0.05
01-Sep-19 01:00:00 am,0.07
01-Sep-19 05:00:00 am,0.07
01-Sep-19 09:00:00 am,0.06
01-Sep-19 01:00:00 pm,0.60
01-Sep-19 05:00:00 pm,0.52
01-Sep-19 09:00:00 pm,0.29
02-Sep-19 01:00:00 am,0.40
02-Sep-19 05:00:00 am,1.80
02-Sep-19 09:00:00 am,1.79
02-Sep-19 01:00:00 pm,1.79
02-Sep-19 05:00:00 pm,0.63
02-Sep-19 09:00:00 pm,0.08
03-Sep-19 01:00:00 am,0.07
03-Sep-19 05:00:00 am,1.00
03-Sep-19 09:00:00 am,1.63
03-Sep-19 01:00:00 pm,1.80
03-Sep-19 05:00:00 pm,0.64
03-Sep-19 09:00:00 pm,0.20
04-Sep-19 01:00:00 am,0.08
04-Sep-19 05:00:00 am,1.25
04-Sep-19 09:00:00 am,1.71
04-Sep-19 01:00:00 pm,1.80
04-Sep-19 05:00:00 pm,0.63
04-Sep-19 09:00:00 pm,0.20
05-Sep-19 01:00:00 am,0.09
05-Sep-19 05:00:00 am,0.83
05-Sep-19 09:00:00 am,1.61
05-Sep-19 01:00:00 pm,1.80
05-Sep-19 05:00:00 pm,0.63
05-Sep-19 09:00:00 pm,0.20
06-Sep-19 01:00:00 am,0.19
06-Sep-19 05:00:00 am,1.33
06-Sep-19 09:00:00 am,1.80
06-Sep-19 01:00:00 pm,1.80
06-Sep-19 05:00:00 pm,0.64
06-Sep-19 09:00:00 pm,0.08
07-Sep-19 01:00:00 am,0.06
07-Sep-19 05:00:00 am,0.06
07-Sep-19 09:00:00 am,0.06
07-Sep-19 01:00:00 pm,0.05
07-Sep-19 05:00:00 pm,0.05
07-Sep-19 09:00:00 pm,0.07
08-Sep-19 01:00:00 am,0.08
08-Sep-19 05:00:00 am,0.08
08-Sep-19 09:00:00 am,0.14
08-Sep-19 01:00:00 pm,0.12
08-Sep-19 05:00:00 pm,0.05
08-Sep-19 09:00:00 pm,0.06
09-Sep-19 01:00:00 am,0.07
09-Sep-19 05:00:00 am,1.12
09-Sep-19 09:00:00 am,1.13
09-Sep-19 01:00:00 pm,1.14
09-Sep-19 05:00:00 pm,0.48
09-Sep-19 09:00:00 pm,0.15
10-Sep-19 01:00:00 am,0.08
10-Sep-19 05:00:00 am,1.05
10-Sep-19 09:00:00 am,1.58
10-Sep-19 01:00:00 pm,1.68
10-Sep-19 05:00:00 pm,0.64
10-Sep-19 09:00:00 pm,0.20
11-Sep-19 01:00:00 am,0.09
11-Sep-19 05:00:00 am,0.96
11-Sep-19 09:00:00 am,1.40
11-Sep-19 01:00:00 pm,1.79
11-Sep-19 05:00:00 pm,0.64
11-Sep-19 09:00:00 pm,0.09
12-Sep-19 01:00:00 am,0.08
12-Sep-19 05:00:00 am,1.24
12-Sep-19 09:00:00 am,1.80
12-Sep-19 01:00:00 pm,1.80
12-Sep-19 05:00:00 pm,0.64
12-Sep-19 09:00:00 pm,0.08
13-Sep-19 01:00:00 am,0.08
13-Sep-19 05:00:00 am,1.06
13-Sep-19 09:00:00 am,1.12
13-Sep-19 01:00:00 pm,1.76
13-Sep-19 05:00:00 pm,0.65
13-Sep-19 09:00:00 pm,0.08
14-Sep-19 01:00:00 am,0.07
14-Sep-19 05:00:00 am,0.07
14-Sep-19 09:00:00 am,0.07
14-Sep-19 01:00:00 pm,0.05
14-Sep-19 05:00:00 pm,0.06
14-Sep-19 09:00:00 pm,0.07
15-Sep-19 01:00:00 am,0.08
15-Sep-19 05:00:00 am,0.08
15-Sep-19 09:00:00 am,0.08
15-Sep-19 01:00:00 pm,0.07
15-Sep-19 05:00:00 pm,0.07
15-Sep-19 09:00:00 pm,0.08
16-Sep-19 01:00:00 am,0.08
16-Sep-19 05:00:00 am,1.00
16-Sep-19 09:00:00 am,1.79
16-Sep-19 01:00:00 pm,1.80
16-Sep-19 05:00:00 pm,0.65
16-Sep-19 09:00:00 pm,0.21
17-Sep-19 01:00:00 am,0.09
17-Sep-19 05:00:00 am,0.99
17-Sep-19 09:00:00 am,1.46
17-Sep-19 01:00:00 pm,1.51
17-Sep-19 05:00:00 pm,0.64
17-Sep-19 09:00:00 pm,0.21
18-Sep-19 01:00:00 am,0.09
18-Sep-19 05:00:00 am,1.03
18-Sep-19 09:00:00 am,1.75
18-Sep-19 01:00:00 pm,1.80
18-Sep-19 05:00:00 pm,0.65
18-Sep-19 09:00:00 pm,0.09
19-Sep-19 01:00:00 am,0.09
19-Sep-19 05:00:00 am,0.93
19-Sep-19 09:00:00 am,1.71
19-Sep-19 01:00:00 pm,1.79
19-Sep-19 05:00:00 pm,0.64
19-Sep-19 09:00:00 pm,0.08
20-Sep-19 01:00:00 am,0.20
20-Sep-19 05:00:00 am,1.02
20-Sep-19 09:00:00 am,1.81
20-Sep-19 01:00:00 pm,1.79
20-Sep-19 05:00:00 pm,0.64
20-Sep-19 09:00:00 pm,0.09
21-Sep-19 01:00:00 am,0.08
21-Sep-19 05:00:00 am,0.14
21-Sep-19 09:00:00 am,0.14
21-Sep-19 01:00:00 pm,0.05
21-Sep-19 05:00:00 pm,0.05
21-Sep-19 09:00:00 pm,0.06
22-Sep-19 01:00:00 am,0.07
22-Sep-19 05:00:00 am,0.08
22-Sep-19 09:00:00 am,0.08
22-Sep-19 01:00:00 pm,0.07
22-Sep-19 05:00:00 pm,0.19
22-Sep-19 09:00:00 pm,0.08
23-Sep-19 01:00:00 am,0.08
23-Sep-19 05:00:00 am,1.00
23-Sep-19 09:00:00 am,1.80
23-Sep-19 01:00:00 pm,1.79
23-Sep-19 05:00:00 pm,0.65
23-Sep-19 09:00:00 pm,0.21
24-Sep-19 01:00:00 am,0.08
24-Sep-19 05:00:00 am,1.01
24-Sep-19 09:00:00 am,1.80
24-Sep-19 01:00:00 pm,1.79
24-Sep-19 05:00:00 pm,0.64
24-Sep-19 09:00:00 pm,0.09
25-Sep-19 01:00:00 am,0.08
25-Sep-19 05:00:00 am,1.02
25-Sep-19 09:00:00 am,1.80
25-Sep-19 01:00:00 pm,1.80
25-Sep-19 05:00:00 pm,0.80
25-Sep-19 09:00:00 pm,0.10
26-Sep-19 01:00:00 am,0.09
26-Sep-19 05:00:00 am,1.01
26-Sep-19 09:00:00 am,1.81
26-Sep-19 01:00:00 pm,1.80
26-Sep-19 05:00:00 pm,0.65
26-Sep-19 09:00:00 pm,0.09
27-Sep-19 01:00:00 am,0.08
27-Sep-19 05:00:00 am,0.89
27-Sep-19 09:00:00 am,1.71
27-Sep-19 01:00:00 pm,1.80
27-Sep-19 05:00:00 pm,0.66
27-Sep-19 09:00:00 pm,0.10
28-Sep-19 01:00:00 am,0.09
28-Sep-19 05:00:00 am,0.09
28-Sep-19 09:00:00 am,0.08
28-Sep-19 01:00:00 pm,0.14
28-Sep-19 05:00:00 pm,0.06
28-Sep-19 09:00:00 pm,0.08
29-Sep-19 01:00:00 am,0.09
29-Sep-19 05:00:00 am,0.10
29-Sep-19 09:00:00 am,0.09
29-Sep-19 01:00:00 pm,0.07
29-Sep-19 05:00:00 pm,0.07
29-Sep-19 09:00:00 pm,0.09
30-Sep-19 01:00:00 am,0.11
30-Sep-19 05:00:00 am,1.27
30-Sep-19 09:00:00 am,1.81
30-Sep-19 01:00:00 pm,1.80
30-Sep-19 05:00:00 pm,0.65
30-Sep-19 09:00:00 pm,0.33
01-Oct-19 01:00:00 am,0.11
01-Oct-19 05:00:00 am,1.26
01-Oct-19 09:00:00 am,1.80
01-Oct-19 01:00:00 pm,1.81
01-Oct-19 05:00:00 pm,0.65
01-Oct-19 09:00:00 pm,0.22
02-Oct-19 01:00:00 am,0.10
02-Oct-19 05:00:00 am,1.26
02-Oct-19 09:00:00 am,1.80
02-Oct-19 01:00:00 pm,1.79
02-Oct-19 05:00:00 pm,0.65
02-Oct-19 09:00:00 pm,0.18
03-Oct-19 01:00:00 am,0.09
03-Oct-19 05:00:00 am,0.78
03-Oct-19 09:00:00 am,1.44
03-Oct-19 01:00:00 pm,1.80
03-Oct-19 05:00:00 pm,0.65
03-Oct-19 09:00:00 pm,0.20
04-Oct-19 01:00:00 am,0.15
04-Oct-19 05:00:00 am,0.94
04-Oct-19 09:00:00 am,1.24
04-Oct-19 01:00:00 pm,1.23
04-Oct-19 05:00:00 pm,0.48
04-Oct-19 09:00:00 pm,0.10
05-Oct-19 01:00:00 am,0.08
05-Oct-19 05:00:00 am,0.08
05-Oct-19 09:00:00 am,0.08
05-Oct-19 01:00:00 pm,0.06
05-Oct-19 05:00:00 pm,0.05
05-Oct-19 09:00:00 pm,0.08
06-Oct-19 01:00:00 am,0.09
06-Oct-19 05:00:00 am,0.16
06-Oct-19 09:00:00 am,0.09
06-Oct-19 01:00:00 pm,0.18
06-Oct-19 05:00:00 pm,0.08
06-Oct-19 09:00:00 pm,0.09
07-Oct-19 01:00:00 am,0.09
07-Oct-19 05:00:00 am,1.26
07-Oct-19 09:00:00 am,1.24
07-Oct-19 01:00:00 pm,1.52
07-Oct-19 05:00:00 pm,0.65
07-Oct-19 09:00:00 pm,0.22
08-Oct-19 01:00:00 am,0.10
08-Oct-19 05:00:00 am,0.95
08-Oct-19 09:00:00 am,1.35
08-Oct-19 01:00:00 pm,1.43
08-Oct-19 05:00:00 pm,0.65
08-Oct-19 09:00:00 pm,0.22
09-Oct-19 01:00:00 am,0.11
09-Oct-19 05:00:00 am,1.28
09-Oct-19 09:00:00 am,1.80
09-Oct-19 01:00:00 pm,1.80
09-Oct-19 05:00:00 pm,0.73
09-Oct-19 09:00:00 pm,0.12
10-Oct-19 01:00:00 am,0.11
10-Oct-19 05:00:00 am,1.27
10-Oct-19 09:00:00 am,1.80
10-Oct-19 01:00:00 pm,1.79
10-Oct-19 05:00:00 pm,0.77
10-Oct-19 09:00:00 pm,0.12
11-Oct-19 01:00:00 am,0.11
11-Oct-19 05:00:00 am,1.27
11-Oct-19 09:00:00 am,1.79
11-Oct-19 01:00:00 pm,1.81
11-Oct-19 05:00:00 pm,0.65
11-Oct-19 09:00:00 pm,0.10
12-Oct-19 01:00:00 am,0.10
12-Oct-19 05:00:00 am,0.11
12-Oct-19 09:00:00 am,0.19
12-Oct-19 01:00:00 pm,0.14
12-Oct-19 05:00:00 pm,0.06
12-Oct-19 09:00:00 pm,0.08
13-Oct-19 01:00:00 am,0.09
13-Oct-19 05:00:00 am,0.09
13-Oct-19 09:00:00 am,0.22
13-Oct-19 01:00:00 pm,0.08
13-Oct-19 05:00:00 pm,0.07
13-Oct-19 09:00:00 pm,0.09
14-Oct-19 01:00:00 am,0.09
14-Oct-19 05:00:00 am,1.26
14-Oct-19 09:00:00 am,1.81
14-Oct-19 01:00:00 pm,1.79
14-Oct-19 05:00:00 pm,0.77
14-Oct-19 09:00:00 pm,0.11
15-Oct-19 01:00:00 am,0.10
15-Oct-19 05:00:00 am,1.27
15-Oct-19 09:00:00 am,1.79
15-Oct-19 01:00:00 pm,1.79
15-Oct-19 05:00:00 pm,0.76
15-Oct-19 09:00:00 pm,0.11
16-Oct-19 01:00:00 am,0.09
16-Oct-19 05:00:00 am,0.93
16-Oct-19 09:00:00 am,1.81
16-Oct-19 01:00:00 pm,1.80
16-Oct-19 05:00:00 pm,0.72
16-Oct-19 09:00:00 pm,0.22
17-Oct-19 01:00:00 am,0.09
17-Oct-19 05:00:00 am,0.88
17-Oct-19 09:00:00 am,1.73
17-Oct-19 01:00:00 pm,1.79
17-Oct-19 05:00:00 pm,0.66
17-Oct-19 09:00:00 pm,0.23
18-Oct-19 01:00:00 am,0.11
18-Oct-19 05:00:00 am,1.26
18-Oct-19 09:00:00 am,1.80
18-Oct-19 01:00:00 pm,1.80
18-Oct-19 05:00:00 pm,0.64
18-Oct-19 09:00:00 pm,0.10
19-Oct-19 01:00:00 am,0.10
19-Oct-19 05:00:00 am,0.09
19-Oct-19 09:00:00 am,0.10
19-Oct-19 01:00:00 pm,0.09
19-Oct-19 05:00:00 pm,0.09
19-Oct-19 09:00:00 pm,0.10
20-Oct-19 01:00:00 am,0.10
20-Oct-19 05:00:00 am,0.10
20-Oct-19 09:00:00 am,0.10
20-Oct-19 01:00:00 pm,0.09
20-Oct-19 05:00:00 pm,0.21
20-Oct-19 09:00:00 pm,0.09
21-Oct-19 01:00:00 am,0.09
21-Oct-19 05:00:00 am,1.25
21-Oct-19 09:00:00 am,1.80
21-Oct-19 01:00:00 pm,1.79
21-Oct-19 05:00:00 pm,0.65
21-Oct-19 09:00:00 pm,0.22
22-Oct-19 01:00:00 am,0.09
22-Oct-19 05:00:00 am,0.91
22-Oct-19 09:00:00 am,1.58
22-Oct-19 01:00:00 pm,1.80
22-Oct-19 05:00:00 pm,0.66
22-Oct-19 09:00:00 pm,0.23
23-Oct-19 01:00:00 am,0.10
23-Oct-19 05:00:00 am,1.26
23-Oct-19 09:00:00 am,1.79
23-Oct-19 01:00:00 pm,1.81
23-Oct-19 05:00:00 pm,0.66
23-Oct-19 09:00:00 pm,0.22
24-Oct-19 01:00:00 am,0.11
24-Oct-19 05:00:00 am,1.26
24-Oct-19 09:00:00 am,1.81
24-Oct-19 01:00:00 pm,1.79
24-Oct-19 05:00:00 pm,0.71
24-Oct-19 09:00:00 pm,0.27
25-Oct-19 01:00:00 am,0.09
25-Oct-19 05:00:00 am,1.01
25-Oct-19 09:00:00 am,1.44
25-Oct-19 01:00:00 pm,1.44
25-Oct-19 05:00:00 pm,0.54
25-Oct-19 09:00:00 pm,0.11
26-Oct-19 01:00:00 am,0.10
26-Oct-19 05:00:00 am,0.10
26-Oct-19 09:00:00 am,0.09
26-Oct-19 01:00:00 pm,0.08
26-Oct-19 05:00:00 pm,0.08
26-Oct-19 09:00:00 pm,0.10
27-Oct-19 01:00:00 am,0.12
27-Oct-19 05:00:00 am,0.12
27-Oct-19 09:00:00 am,0.12
27-Oct-19 01:00:00 pm,0.07
27-Oct-19 05:00:00 pm,0.07
27-Oct-19 09:00:00 pm,0.11
28-Oct-19 01:00:00 am,0.12
28-Oct-19 05:00:00 am,1.26
28-Oct-19 09:00:00 am,1.80
28-Oct-19 01:00:00 pm,1.79
28-Oct-19 05:00:00 pm,0.66
28-Oct-19 09:00:00 pm,0.19
29-Oct-19 01:00:00 am,0.11
29-Oct-19 05:00:00 am,1.27
29-Oct-19 09:00:00 am,1.80
29-Oct-19 01:00:00 pm,1.79
29-Oct-19 05:00:00 pm,0.66
29-Oct-19 09:00:00 pm,0.24
30-Oct-19 01:00:00 am,0.12
30-Oct-19 05:00:00 am,1.27
30-Oct-19 09:00:00 am,1.79
30-Oct-19 01:00:00 pm,1.80
30-Oct-19 05:00:00 pm,0.66
30-Oct-19 09:00:00 pm,0.23
31-Oct-19 01:00:00 am,0.12
31-Oct-19 05:00:00 am,1.28
31-Oct-19 09:00:00 am,1.80
31-Oct-19 01:00:00 pm,1.80
31-Oct-19 05:00:00 pm,0.71
31-Oct-19 09:00:00 pm,0.12
01-Nov-19 01:00:00 am,0.11
01-Nov-19 05:00:00 am,1.26
01-Nov-19 09:00:00 am,1.81
01-Nov-19 01:00:00 pm,1.79
01-Nov-19 05:00:00 pm,0.66
01-Nov-19 09:00:00 pm,0.12
02-Nov-19 01:00:00 am,0.11
02-Nov-19 05:00:00 am,0.12
02-Nov-19 09:00:00 am,0.11
02-Nov-19 01:00:00 pm,0.07
02-Nov-19 05:00:00 pm,0.07
02-Nov-19 09:00:00 pm,0.09
03-Nov-19 01:00:00 am,0.11
03-Nov-19 04:00:00 am,0.12
03-Nov-19 08:00:00 am,0.11
03-Nov-19 12:00:00 pm,0.07
03-Nov-19 04:00:00 pm,0.07
03-Nov-19 08:00:00 pm,0.10
04-Nov-19 12:00:00 am,0.11
04-Nov-19 04:00:00 am,0.84
04-Nov-19 08:00:00 am,1.80
04-Nov-19 12:00:00 pm,1.80
04-Nov-19 04:00:00 pm,1.07
04-Nov-19 08:00:00 pm,0.23
05-Nov-19 12:00:00 am,0.11
05-Nov-19 04:00:00 am,0.84
05-Nov-19 08:00:00 am,1.80
05-Nov-19 12:00:00 pm,1.79
05-Nov-19 04:00:00 pm,1.08
05-Nov-19 08:00:00 pm,0.24
06-Nov-19 12:00:00 am,0.11
06-Nov-19 04:00:00 am,0.83
06-Nov-19 08:00:00 am,1.80
06-Nov-19 12:00:00 pm,1.80
06-Nov-19 04:00:00 pm,1.08
06-Nov-19 08:00:00 pm,0.24
07-Nov-19 12:00:00 am,0.12
07-Nov-19 04:00:00 am,0.84
07-Nov-19 08:00:00 am,1.79
07-Nov-19 12:00:00 pm,1.79
07-Nov-19 04:00:00 pm,1.08
07-Nov-19 08:00:00 pm,0.12
08-Nov-19 12:00:00 am,0.11
08-Nov-19 04:00:00 am,0.83
08-Nov-19 08:00:00 am,1.80
08-Nov-19 12:00:00 pm,1.79
08-Nov-19 04:00:00 pm,1.07
08-Nov-19 08:00:00 pm,0.11
09-Nov-19 12:00:00 am,0.10
09-Nov-19 04:00:00 am,0.09
09-Nov-19 08:00:00 am,0.09
09-Nov-19 12:00:00 pm,0.08
09-Nov-19 04:00:00 pm,0.08
09-Nov-19 08:00:00 pm,0.08
10-Nov-19 12:00:00 am,0.09
10-Nov-19 04:00:00 am,0.08
10-Nov-19 08:00:00 am,0.08
10-Nov-19 12:00:00 pm,0.08
10-Nov-19 04:00:00 pm,0.20
10-Nov-19 08:00:00 pm,0.11
11-Nov-19 12:00:00 am,0.09
11-Nov-19 04:00:00 am,0.83
11-Nov-19 08:00:00 am,1.79
11-Nov-19 12:00:00 pm,1.79
11-Nov-19 04:00:00 pm,1.08
11-Nov-19 08:00:00 pm,0.23
12-Nov-19 12:00:00 am,0.10
12-Nov-19 04:00:00 am,0.84
12-Nov-19 08:00:00 am,1.80
12-Nov-19 12:00:00 pm,1.79
12-Nov-19 04:00:00 pm,1.08
12-Nov-19 08:00:00 pm,0.23
13-Nov-19 12:00:00 am,0.10
13-Nov-19 04:00:00 am,0.84
13-Nov-19 08:00:00 am,1.80
13-Nov-19 12:00:00 pm,1.80
13-Nov-19 04:00:00 pm,1.07
13-Nov-19 08:00:00 pm,0.23
14-Nov-19 12:00:00 am,0.11
14-Nov-19 04:00:00 am,0.83
14-Nov-19 08:00:00 am,1.81
14-Nov-19 12:00:00 pm,1.80
14-Nov-19 04:00:00 pm,1.08
14-Nov-19 08:00:00 pm,0.21
15-Nov-19 12:00:00 am,0.11
15-Nov-19 04:00:00 am,0.83
15-Nov-19 08:00:00 am,1.80
15-Nov-19 12:00:00 pm,1.79
15-Nov-19 04:00:00 pm,1.07
15-Nov-19 08:00:00 pm,0.10
16-Nov-19 12:00:00 am,0.09
16-Nov-19 04:00:00 am,0.09
16-Nov-19 08:00:00 am,0.09
16-Nov-19 12:00:00 pm,0.08
16-Nov-19 04:00:00 pm,0.08
16-Nov-19 08:00:00 pm,0.23
17-Nov-19 12:00:00 am,0.09
17-Nov-19 04:00:00 am,0.09
17-Nov-19 08:00:00 am,0.09
17-Nov-19 12:00:00 pm,0.08
17-Nov-19 04:00:00 pm,0.08
17-Nov-19 08:00:00 pm,0.08
18-Nov-19 12:00:00 am,0.09
18-Nov-19 04:00:00 am,0.83
18-Nov-19 08:00:00 am,1.80
18-Nov-19 12:00:00 pm,1.79
18-Nov-19 04:00:00 pm,1.06
18-Nov-19 08:00:00 pm,0.10
19-Nov-19 12:00:00 am,0.09
19-Nov-19 04:00:00 am,0.83
19-Nov-19 08:00:00 am,1.81
19-Nov-19 12:00:00 pm,1.81
19-Nov-19 04:00:00 pm,1.06
19-Nov-19 08:00:00 pm,0.11
20-Nov-19 12:00:00 am,0.11
20-Nov-19 04:00:00 am,0.84
20-Nov-19 08:00:00 am,1.81
20-Nov-19 12:00:00 pm,1.79
20-Nov-19 04:00:00 pm,1.07
20-Nov-19 08:00:00 pm,0.24
21-Nov-19 12:00:00 am,0.12
21-Nov-19 04:00:00 am,0.84
21-Nov-19 08:00:00 am,1.79
21-Nov-19 12:00:00 pm,1.80
21-Nov-19 04:00:00 pm,1.07
21-Nov-19 08:00:00 pm,0.13
22-Nov-19 12:00:00 am,0.24
22-Nov-19 04:00:00 am,0.84
22-Nov-19 08:00:00 am,1.79
22-Nov-19 12:00:00 pm,1.69
22-Nov-19 04:00:00 pm,1.07
22-Nov-19 08:00:00 pm,0.12
23-Nov-19 12:00:00 am,0.11
23-Nov-19 04:00:00 am,0.12
23-Nov-19 08:00:00 am,0.12
23-Nov-19 12:00:00 pm,0.10
23-Nov-19 04:00:00 pm,0.09
23-Nov-19 08:00:00 pm,0.10
24-Nov-19 12:00:00 am,0.09
24-Nov-19 04:00:00 am,0.09
24-Nov-19 08:00:00 am,0.10
24-Nov-19 12:00:00 pm,0.21
24-Nov-19 04:00:00 pm,0.08
24-Nov-19 08:00:00 pm,0.10
25-Nov-19 12:00:00 am,0.10
25-Nov-19 04:00:00 am,0.83
25-Nov-19 08:00:00 am,1.79
25-Nov-19 12:00:00 pm,1.78
25-Nov-19 04:00:00 pm,1.06
25-Nov-19 08:00:00 pm,0.12
26-Nov-19 12:00:00 am,0.11
26-Nov-19 04:00:00 am,0.84
26-Nov-19 08:00:00 am,1.79
26-Nov-19 12:00:00 pm,1.79
26-Nov-19 04:00:00 pm,1.06
26-Nov-19 08:00:00 pm,0.11
27-Nov-19 12:00:00 am,0.12
27-Nov-19 04:00:00 am,0.84
27-Nov-19 08:00:00 am,1.79
27-Nov-19 12:00:00 pm,1.80
27-Nov-19 04:00:00 pm,1.08
27-Nov-19 08:00:00 pm,0.13
28-Nov-19 12:00:00 am,0.12
28-Nov-19 04:00:00 am,0.85
28-Nov-19 08:00:00 am,1.80
28-Nov-19 12:00:00 pm,1.79
28-Nov-19 04:00:00 pm,1.08
28-Nov-19 08:00:00 pm,0.13
29-Nov-19 12:00:00 am,0.13
29-Nov-19 04:00:00 am,0.86
29-Nov-19 08:00:00 am,1.81
29-Nov-19 12:00:00 pm,1.80
29-Nov-19 04:00:00 pm,1.08
29-Nov-19 08:00:00 pm,0.13
30-Nov-19 12:00:00 am,0.13
30-Nov-19 04:00:00 am,0.13
30-Nov-19 08:00:00 am,0.13
30-Nov-19 12:00:00 pm,0.10
30-Nov-19 04:00:00 pm,0.10
30-Nov-19 08:00:00 pm,0.12
01-Dec-19 12:00:00 am,0.12
01-Dec-19 04:00:00 am,0.11
01-Dec-19 08:00:00 am,0.11
01-Dec-19 12:00:00 pm,0.10
01-Dec-19 04:00:00 pm,0.10
01-Dec-19 08:00:00 pm,0.10
02-Dec-19 12:00:00 am,0.10
02-Dec-19 04:00:00 am,0.84
02-Dec-19 08:00:00 am,1.79
02-Dec-19 12:00:00 pm,1.80
02-Dec-19 04:00:00 pm,1.07
02-Dec-19 08:00:00 pm,0.12
03-Dec-19 12:00:00 am,0.10
03-Dec-19 04:00:00 am,0.84
03-Dec-19 08:00:00 am,1.80
03-Dec-19 12:00:00 pm,1.79
03-Dec-19 04:00:00 pm,1.06
03-Dec-19 08:00:00 pm,0.23
04-Dec-19 12:00:00 am,0.10
04-Dec-19 04:00:00 am,0.83
04-Dec-19 08:00:00 am,1.79
04-Dec-19 12:00:00 pm,1.80
04-Dec-19 04:00:00 pm,1.06
04-Dec-19 08:00:00 pm,0.22
05-Dec-19 12:00:00 am,0.11
05-Dec-19 04:00:00 am,0.83
05-Dec-19 08:00:00 am,1.80
05-Dec-19 12:00:00 pm,1.80
05-Dec-19 04:00:00 pm,1.14
05-Dec-19 08:00:00 pm,0.25
06-Dec-19 12:00:00 am,0.10
06-Dec-19 04:00:00 am,0.84
06-Dec-19 08:00:00 am,1.80
06-Dec-19 12:00:00 pm,1.80
06-Dec-19 04:00:00 pm,1.07
06-Dec-19 08:00:00 pm,0.10
07-Dec-19 12:00:00 am,0.21
07-Dec-19 04:00:00 am,0.10
07-Dec-19 08:00:00 am,0.09
07-Dec-19 12:00:00 pm,0.09
07-Dec-19 04:00:00 pm,0.24
07-Dec-19 08:00:00 pm,0.10
08-Dec-19 12:00:00 am,0.09
08-Dec-19 04:00:00 am,0.09
08-Dec-19 08:00:00 am,0.22
08-Dec-19 12:00:00 pm,0.08
08-Dec-19 04:00:00 pm,0.09
08-Dec-19 08:00:00 pm,0.09
09-Dec-19 12:00:00 am,0.10
09-Dec-19 04:00:00 am,0.83
09-Dec-19 08:00:00 am,1.79
09-Dec-19 12:00:00 pm,1.80
09-Dec-19 04:00:00 pm,1.07
09-Dec-19 08:00:00 pm,0.24
10-Dec-19 12:00:00 am,0.11
10-Dec-19 04:00:00 am,0.83
10-Dec-19 08:00:00 am,1.79
10-Dec-19 12:00:00 pm,1.80
10-Dec-19 04:00:00 pm,1.06
10-Dec-19 08:00:00 pm,0.22
11-Dec-19 12:00:00 am,0.10
11-Dec-19 04:00:00 am,0.82
11-Dec-19 08:00:00 am,1.80
11-Dec-19 12:00:00 pm,1.80
11-Dec-19 04:00:00 pm,1.06
11-Dec-19 08:00:00 pm,0.11
12-Dec-19 12:00:00 am,0.11
12-Dec-19 04:00:00 am,0.85
12-Dec-19 08:00:00 am,1.80
12-Dec-19 12:00:00 pm,1.80
12-Dec-19 04:00:00 pm,1.07
12-Dec-19 08:00:00 pm,0.21
13-Dec-19 12:00:00 am,0.11
13-Dec-19 04:00:00 am,0.84
13-Dec-19 08:00:00 am,1.80
13-Dec-19 12:00:00 pm,1.79
13-Dec-19 04:00:00 pm,1.06
13-Dec-19 08:00:00 pm,0.11
14-Dec-19 12:00:00 am,0.10
14-Dec-19 04:00:00 am,0.10
14-Dec-19 08:00:00 am,0.10
14-Dec-19 12:00:00 pm,0.10
14-Dec-19 04:00:00 pm,0.22
14-Dec-19 08:00:00 pm,0.10
15-Dec-19 12:00:00 am,0.11
15-Dec-19 04:00:00 am,0.12
15-Dec-19 08:00:00 am,0.12
15-Dec-19 12:00:00 pm,0.10
15-Dec-19 04:00:00 pm,0.24
15-Dec-19 08:00:00 pm,0.12
16-Dec-19 12:00:00 am,0.11
16-Dec-19 04:00:00 am,0.84
16-Dec-19 08:00:00 am,1.79
16-Dec-19 12:00:00 pm,1.80
16-Dec-19 04:00:00 pm,1.06
16-Dec-19 08:00:00 pm,0.26
17-Dec-19 12:00:00 am,0.11
17-Dec-19 04:00:00 am,0.85
17-Dec-19 08:00:00 am,1.79
17-Dec-19 12:00:00 pm,1.79
17-Dec-19 04:00:00 pm,1.07
17-Dec-19 08:00:00 pm,0.17
18-Dec-19 12:00:00 am,0.11
18-Dec-19 04:00:00 am,0.84
18-Dec-19 08:00:00 am,1.80
18-Dec-19 12:00:00 pm,1.81
18-Dec-19 04:00:00 pm,1.07
18-Dec-19 08:00:00 pm,0.28
19-Dec-19 12:00:00 am,0.11
19-Dec-19 04:00:00 am,0.85
19-Dec-19 08:00:00 am,1.81
19-Dec-19 12:00:00 pm,1.79
19-Dec-19 04:00:00 pm,1.08
19-Dec-19 08:00:00 pm,0.19
20-Dec-19 12:00:00 am,0.11
20-Dec-19 04:00:00 am,0.82
20-Dec-19 08:00:00 am,1.79
20-Dec-19 12:00:00 pm,1.80
20-Dec-19 04:00:00 pm,1.07
20-Dec-19 08:00:00 pm,0.10
21-Dec-19 12:00:00 am,0.09
21-Dec-19 04:00:00 am,0.10
21-Dec-19 08:00:00 am,0.10
21-Dec-19 12:00:00 pm,0.10
21-Dec-19 04:00:00 pm,0.10
21-Dec-19 08:00:00 pm,0.10
22-Dec-19 12:00:00 am,0.11
22-Dec-19 04:00:00 am,0.11
22-Dec-19 08:00:00 am,0.11
22-Dec-19 12:00:00 pm,0.24
22-Dec-19 04:00:00 pm,0.11
22-Dec-19 08:00:00 pm,0.10
23-Dec-19 12:00:00 am,0.11
23-Dec-19 04:00:00 am,0.84
23-Dec-19 08:00:00 am,1.80
23-Dec-19 12:00:00 pm,1.79
23-Dec-19 04:00:00 pm,1.07
23-Dec-19 08:00:00 pm,0.26
24-Dec-19 12:00:00 am,0.12
24-Dec-19 04:00:00 am,0.84
24-Dec-19 08:00:00 am,1.80
24-Dec-19 12:00:00 pm,1.80
24-Dec-19 04:00:00 pm,1.08
24-Dec-19 08:00:00 pm,0.12
25-Dec-19 12:00:00 am,0.12
25-Dec-19 04:00:00 am,0.85
25-Dec-19 08:00:00 am,1.81
25-Dec-19 12:00:00 pm,1.80
25-Dec-19 04:00:00 pm,1.07
25-Dec-19 08:00:00 pm,0.13
26-Dec-19 12:00:00 am,0.13
26-Dec-19 04:00:00 am,0.86
26-Dec-19 08:00:00 am,1.80
26-Dec-19 12:00:00 pm,1.81
26-Dec-19 04:00:00 pm,1.07
26-Dec-19 08:00:00 pm,0.22
27-Dec-19 12:00:00 am,0.11
27-Dec-19 04:00:00 am,0.85
27-Dec-19 08:00:00 am,1.80
27-Dec-19 12:00:00 pm,1.80
27-Dec-19 04:00:00 pm,1.06
27-Dec-19 08:00:00 pm,0.12
28-Dec-19 12:00:00 am,0.11
28-Dec-19 04:00:00 am,0.11
28-Dec-19 08:00:00 am,0.11
28-Dec-19 12:00:00 pm,0.09
28-Dec-19 04:00:00 pm,0.23
28-Dec-19 08:00:00 pm,0.10
29-Dec-19 12:00:00 am,0.10
29-Dec-19 04:00:00 am,0.10
29-Dec-19 08:00:00 am,0.10
29-Dec-19 12:00:00 pm,0.08
29-Dec-19 04:00:00 pm,0.08
29-Dec-19 08:00:00 pm,0.09
30-Dec-19 12:00:00 am,0.10
30-Dec-19 04:00:00 am,0.84
30-Dec-19 08:00:00 am,1.80
30-Dec-19 12:00:00 pm,1.80
30-Dec-19 04:00:00 pm,1.07
30-Dec-19 08:00:00 pm,0.22
31-Dec-19 12:00:00 am,0.10
31-Dec-19 04:00:00 am,0.84
31-Dec-19 08:00:00 am,1.80
31-Dec-19 12:00:00 pm,1.80
31-Dec-19 04:00:00 pm,1.08
31-Dec-19 08:00:00 pm,0.12