Timestamp,RTU_1 RATemp(°F)
01-Jan-19 12:00:00 am,58.1
01-Jan-19 04:00:00 am,64.4
01-Jan-19 08:00:00 am,66.4
01-Jan-19 12:00:00 pm,66.5
01-Jan-19 04:00:00 pm,64.9
01-Jan-19 08:00:00 pm,60.9
02-Jan-19 12:00:00 am,60.8
02-Jan-19 04:00:00 am,64.6
02-Jan-19 08:00:00 am,67.6
02-Jan-19 12:00:00 pm,69.1
02-Jan-19 04:00:00 pm,67.3
02-Jan-19 08:00:00 pm,63.4
03-Jan-19 12:00:00 am,61.6
03-Jan-19 04:00:00 am,66.0
03-Jan-19 08:00:00 am,69.5
03-Jan-19 12:00:00 pm,70.6
03-Jan-19 04:00:00 pm,68.1
03-Jan-19 08:00:00 pm,64.7
04-Jan-19 12:00:00 am,63.1
04-Jan-19 04:00:00 am,67.0
04-Jan-19 08:00:00 am,69.8
04-Jan-19 12:00:00 pm,70.3
04-Jan-19 04:00:00 pm,68.4
04-Jan-19 08:00:00 pm,63.7
05-Jan-19 12:00:00 am,62.0
05-Jan-19 04:00:00 am,60.6
05-Jan-19 08:00:00 am,59.7
05-Jan-19 12:00:00 pm,61.2
05-Jan-19 04:00:00 pm,60.5
05-Jan-19 08:00:00 pm,59.6
06-Jan-19 12:00:00 am,60.3
06-Jan-19 04:00:00 am,60.4
06-Jan-19 08:00:00 am,59.8
06-Jan-19 12:00:00 pm,59.8
06-Jan-19 04:00:00 pm,59.7
06-Jan-19 08:00:00 pm,59.7
07-Jan-19 12:00:00 am,59.4
07-Jan-19 04:00:00 am,64.5
07-Jan-19 08:00:00 am,68.3
07-Jan-19 12:00:00 pm,69.8
07-Jan-19 04:00:00 pm,66.4
07-Jan-19 08:00:00 pm,61.9
08-Jan-19 12:00:00 am,59.7
08-Jan-19 04:00:00 am,64.9
08-Jan-19 08:00:00 am,68.4
08-Jan-19 12:00:00 pm,69.6
08-Jan-19 04:00:00 pm,67.5
08-Jan-19 08:00:00 pm,63.8
09-Jan-19 12:00:00 am,62.1
09-Jan-19 04:00:00 am,66.3
09-Jan-19 08:00:00 am,69.6
09-Jan-19 12:00:00 pm,70.3
09-Jan-19 04:00:00 pm,68.5
09-Jan-19 08:00:00 pm,64.8
10-Jan-19 12:00:00 am,63.0
10-Jan-19 04:00:00 am,67.2
10-Jan-19 08:00:00 am,70.2
10-Jan-19 12:00:00 pm,70.9
10-Jan-19 04:00:00 pm,67.5
10-Jan-19 08:00:00 pm,65.2
11-Jan-19 12:00:00 am,62.8
11-Jan-19 04:00:00 am,66.5
11-Jan-19 08:00:00 am,69.3
11-Jan-19 12:00:00 pm,70.3
11-Jan-19 04:00:00 pm,67.1
11-Jan-19 08:00:00 pm,63.1
12-Jan-19 12:00:00 am,61.2
12-Jan-19 04:00:00 am,61.3
12-Jan-19 08:00:00 am,59.1
12-Jan-19 12:00:00 pm,62.8
12-Jan-19 04:00:00 pm,61.0
12-Jan-19 08:00:00 pm,58.8
13-Jan-19 12:00:00 am,58.9
13-Jan-19 04:00:00 am,60.1
13-Jan-19 08:00:00 am,60.2
13-Jan-19 12:00:00 pm,63.3
13-Jan-19 04:00:00 pm,61.9
13-Jan-19 08:00:00 pm,60.0
14-Jan-19 12:00:00 am,60.4
14-Jan-19 04:00:00 am,64.2
14-Jan-19 08:00:00 am,68.0
14-Jan-19 12:00:00 pm,68.7
14-Jan-19 04:00:00 pm,66.3
14-Jan-19 08:00:00 pm,62.3
15-Jan-19 12:00:00 am,60.1
15-Jan-19 04:00:00 am,64.9
15-Jan-19 08:00:00 am,68.1
15-Jan-19 12:00:00 pm,69.5
15-Jan-19 04:00:00 pm,67.3
15-Jan-19 08:00:00 pm,63.2
16-Jan-19 12:00:00 am,60.7
16-Jan-19 04:00:00 am,65.1
16-Jan-19 08:00:00 am,68.6
16-Jan-19 12:00:00 pm,69.0
16-Jan-19 04:00:00 pm,66.4
16-Jan-19 08:00:00 pm,63.4
17-Jan-19 12:00:00 am,62.6
17-Jan-19 04:00:00 am,66.7
17-Jan-19 08:00:00 am,69.9
17-Jan-19 12:00:00 pm,69.4
17-Jan-19 04:00:00 pm,66.8
17-Jan-19 08:00:00 pm,64.9
18-Jan-19 12:00:00 am,63.6
18-Jan-19 04:00:00 am,67.3
18-Jan-19 08:00:00 am,69.9
18-Jan-19 12:00:00 pm,70.7
18-Jan-19 04:00:00 pm,67.3
18-Jan-19 08:00:00 pm,63.4
19-Jan-19 12:00:00 am,62.3
19-Jan-19 04:00:00 am,61.6
19-Jan-19 08:00:00 am,62.5
19-Jan-19 12:00:00 pm,62.2
19-Jan-19 04:00:00 pm,61.4
19-Jan-19 08:00:00 pm,60.5
20-Jan-19 12:00:00 am,59.9
20-Jan-19 04:00:00 am,59.8
20-Jan-19 08:00:00 am,59.9
20-Jan-19 12:00:00 pm,60.0
20-Jan-19 04:00:00 pm,59.7
20-Jan-19 08:00:00 pm,59.6
21-Jan-19 12:00:00 am,59.6
21-Jan-19 04:00:00 am,64.7
21-Jan-19 08:00:00 am,67.9
21-Jan-19 12:00:00 pm,69.0
21-Jan-19 04:00:00 pm,66.9
21-Jan-19 08:00:00 pm,61.3
22-Jan-19 12:00:00 am,60.1
22-Jan-19 04:00:00 am,65.5
22-Jan-19 08:00:00 am,69.1
22-Jan-19 12:00:00 pm,69.5
22-Jan-19 04:00:00 pm,66.5
22-Jan-19 08:00:00 pm,64.1
23-Jan-19 12:00:00 am,62.9
23-Jan-19 04:00:00 am,67.2
23-Jan-19 08:00:00 am,69.5
23-Jan-19 12:00:00 pm,70.7
23-Jan-19 04:00:00 pm,67.8
23-Jan-19 08:00:00 pm,63.3
24-Jan-19 12:00:00 am,62.8
24-Jan-19 04:00:00 am,66.8
24-Jan-19 08:00:00 am,69.7
24-Jan-19 12:00:00 pm,70.7
24-Jan-19 04:00:00 pm,66.9
24-Jan-19 08:00:00 pm,64.1
25-Jan-19 12:00:00 am,62.2
25-Jan-19 04:00:00 am,66.3
25-Jan-19 08:00:00 am,68.2
25-Jan-19 12:00:00 pm,69.9
25-Jan-19 04:00:00 pm,66.6
25-Jan-19 08:00:00 pm,62.9
26-Jan-19 12:00:00 am,59.5
26-Jan-19 04:00:00 am,58.3
26-Jan-19 08:00:00 am,58.7
26-Jan-19 12:00:00 pm,62.8
26-Jan-19 04:00:00 pm,60.8
26-Jan-19 08:00:00 pm,58.5
27-Jan-19 12:00:00 am,58.0
27-Jan-19 04:00:00 am,58.4
27-Jan-19 08:00:00 am,59.6
27-Jan-19 12:00:00 pm,58.4
27-Jan-19 04:00:00 pm,58.2
27-Jan-19 08:00:00 pm,58.5
28-Jan-19 12:00:00 am,59.2
28-Jan-19 04:00:00 am,64.1
28-Jan-19 08:00:00 am,68.7
28-Jan-19 12:00:00 pm,69.4
28-Jan-19 04:00:00 pm,66.2
28-Jan-19 08:00:00 pm,62.2
29-Jan-19 12:00:00 am,59.8
29-Jan-19 04:00:00 am,64.2
29-Jan-19 08:00:00 am,68.5
29-Jan-19 12:00:00 pm,68.7
29-Jan-19 04:00:00 pm,66.3
29-Jan-19 08:00:00 pm,62.6
30-Jan-19 12:00:00 am,60.3
30-Jan-19 04:00:00 am,64.9
30-Jan-19 08:00:00 am,68.5
30-Jan-19 12:00:00 pm,69.6
30-Jan-19 04:00:00 pm,68.0
30-Jan-19 08:00:00 pm,64.3
31-Jan-19 12:00:00 am,61.8
31-Jan-19 04:00:00 am,65.9
31-Jan-19 08:00:00 am,68.8
31-Jan-19 12:00:00 pm,70.5
31-Jan-19 04:00:00 pm,69.0
31-Jan-19 08:00:00 pm,65.7
01-Feb-19 12:00:00 am,64.0
01-Feb-19 04:00:00 am,67.3
01-Feb-19 08:00:00 am,69.7
01-Feb-19 12:00:00 pm,69.8
01-Feb-19 04:00:00 pm,67.0
01-Feb-19 08:00:00 pm,63.1
02-Feb-19 12:00:00 am,62.4
02-Feb-19 04:00:00 am,61.3
02-Feb-19 08:00:00 am,61.6
02-Feb-19 12:00:00 pm,62.0
02-Feb-19 04:00:00 pm,60.1
02-Feb-19 08:00:00 pm,58.6
03-Feb-19 12:00:00 am,58.4
03-Feb-19 04:00:00 am,57.7
03-Feb-19 08:00:00 am,58.6
03-Feb-19 12:00:00 pm,58.7
03-Feb-19 04:00:00 pm,59.4
03-Feb-19 08:00:00 pm,59.5
04-Feb-19 12:00:00 am,59.9
04-Feb-19 04:00:00 am,63.7
04-Feb-19 08:00:00 am,67.3
04-Feb-19 12:00:00 pm,67.3
04-Feb-19 04:00:00 pm,64.0
04-Feb-19 08:00:00 pm,59.7
05-Feb-19 12:00:00 am,60.4
05-Feb-19 04:00:00 am,63.2
05-Feb-19 08:00:00 am,67.3
05-Feb-19 12:00:00 pm,68.1
05-Feb-19 04:00:00 pm,64.1
05-Feb-19 08:00:00 pm,59.9
06-Feb-19 12:00:00 am,60.4
06-Feb-19 04:00:00 am,63.4
06-Feb-19 08:00:00 am,66.8
06-Feb-19 12:00:00 pm,67.5
06-Feb-19 04:00:00 pm,64.4
06-Feb-19 08:00:00 pm,59.3
07-Feb-19 12:00:00 am,59.8
07-Feb-19 04:00:00 am,63.5
07-Feb-19 08:00:00 am,67.1
07-Feb-19 12:00:00 pm,68.2
07-Feb-19 04:00:00 pm,65.9
07-Feb-19 08:00:00 pm,60.1
08-Feb-19 12:00:00 am,59.5
08-Feb-19 04:00:00 am,64.8
08-Feb-19 08:00:00 am,67.9
08-Feb-19 12:00:00 pm,67.8
08-Feb-19 04:00:00 pm,63.9
08-Feb-19 08:00:00 pm,57.6
09-Feb-19 12:00:00 am,56.5
09-Feb-19 04:00:00 am,57.2
09-Feb-19 08:00:00 am,57.6
09-Feb-19 12:00:00 pm,56.1
09-Feb-19 04:00:00 pm,56.8
09-Feb-19 08:00:00 pm,59.8
10-Feb-19 12:00:00 am,59.6
10-Feb-19 04:00:00 am,59.3
10-Feb-19 08:00:00 am,59.1
10-Feb-19 12:00:00 pm,56.2
10-Feb-19 04:00:00 pm,55.8
10-Feb-19 08:00:00 pm,59.0
11-Feb-19 12:00:00 am,56.9
11-Feb-19 04:00:00 am,62.5
11-Feb-19 08:00:00 am,67.7
11-Feb-19 12:00:00 pm,67.6
11-Feb-19 04:00:00 pm,65.2
11-Feb-19 08:00:00 pm,60.4
12-Feb-19 12:00:00 am,58.1
12-Feb-19 04:00:00 am,64.2
12-Feb-19 08:00:00 am,66.8
12-Feb-19 12:00:00 pm,66.6
12-Feb-19 04:00:00 pm,64.1
12-Feb-19 08:00:00 pm,60.0
13-Feb-19 12:00:00 am,58.3
13-Feb-19 04:00:00 am,64.1
13-Feb-19 08:00:00 am,67.6
13-Feb-19 12:00:00 pm,69.2
13-Feb-19 04:00:00 pm,66.7
13-Feb-19 08:00:00 pm,59.0
14-Feb-19 12:00:00 am,58.4
14-Feb-19 04:00:00 am,64.2
14-Feb-19 08:00:00 am,68.2
14-Feb-19 12:00:00 pm,69.2
14-Feb-19 04:00:00 pm,66.8
14-Feb-19 08:00:00 pm,61.8
15-Feb-19 12:00:00 am,61.3
15-Feb-19 04:00:00 am,64.9
15-Feb-19 08:00:00 am,68.1
15-Feb-19 12:00:00 pm,69.6
15-Feb-19 04:00:00 pm,66.2
15-Feb-19 08:00:00 pm,59.9
16-Feb-19 12:00:00 am,58.1
16-Feb-19 04:00:00 am,57.6
16-Feb-19 08:00:00 am,57.5
16-Feb-19 12:00:00 pm,58.1
16-Feb-19 04:00:00 pm,57.8
16-Feb-19 08:00:00 pm,57.4
17-Feb-19 12:00:00 am,56.9
17-Feb-19 04:00:00 am,58.9
17-Feb-19 08:00:00 am,57.1
17-Feb-19 12:00:00 pm,57.7
17-Feb-19 04:00:00 pm,58.8
17-Feb-19 08:00:00 pm,58.3
18-Feb-19 12:00:00 am,57.7
18-Feb-19 04:00:00 am,63.4
18-Feb-19 08:00:00 am,67.8
18-Feb-19 12:00:00 pm,69.0
18-Feb-19 04:00:00 pm,67.6
18-Feb-19 08:00:00 pm,63.1
19-Feb-19 12:00:00 am,59.6
19-Feb-19 04:00:00 am,65.0
19-Feb-19 08:00:00 am,69.1
19-Feb-19 12:00:00 pm,70.1
19-Feb-19 04:00:00 pm,68.7
19-Feb-19 08:00:00 pm,63.1
20-Feb-19 12:00:00 am,59.9
20-Feb-19 04:00:00 am,65.3
20-Feb-19 08:00:00 am,68.8
20-Feb-19 12:00:00 pm,70.0
20-Feb-19 04:00:00 pm,66.6
20-Feb-19 08:00:00 pm,61.6
21-Feb-19 12:00:00 am,59.5
21-Feb-19 04:00:00 am,64.8
21-Feb-19 08:00:00 am,68.8
21-Feb-19 12:00:00 pm,68.6
21-Feb-19 04:00:00 pm,66.2
21-Feb-19 08:00:00 pm,61.6
22-Feb-19 12:00:00 am,59.5
22-Feb-19 04:00:00 am,64.9
22-Feb-19 08:00:00 am,67.2
22-Feb-19 12:00:00 pm,68.6
22-Feb-19 04:00:00 pm,66.4
22-Feb-19 08:00:00 pm,59.5
23-Feb-19 12:00:00 am,58.4
23-Feb-19 04:00:00 am,57.9
23-Feb-19 08:00:00 am,58.2
23-Feb-19 12:00:00 pm,58.7
23-Feb-19 04:00:00 pm,57.7
23-Feb-19 08:00:00 pm,57.5
24-Feb-19 12:00:00 am,57.2
24-Feb-19 04:00:00 am,57.2
24-Feb-19 08:00:00 am,57.5
24-Feb-19 12:00:00 pm,57.9
24-Feb-19 04:00:00 pm,57.6
24-Feb-19 08:00:00 pm,59.8
25-Feb-19 12:00:00 am,59.3
25-Feb-19 04:00:00 am,64.1
25-Feb-19 08:00:00 am,67.0
25-Feb-19 12:00:00 pm,68.1
25-Feb-19 04:00:00 pm,65.7
25-Feb-19 08:00:00 pm,60.3
26-Feb-19 12:00:00 am,58.6
26-Feb-19 04:00:00 am,63.8
26-Feb-19 08:00:00 am,68.1
26-Feb-19 12:00:00 pm,68.4
26-Feb-19 04:00:00 pm,65.5
26-Feb-19 08:00:00 pm,60.5
27-Feb-19 12:00:00 am,59.2
27-Feb-19 04:00:00 am,64.2
27-Feb-19 08:00:00 am,68.1
27-Feb-19 12:00:00 pm,69.7
27-Feb-19 04:00:00 pm,68.2
27-Feb-19 08:00:00 pm,61.8
28-Feb-19 12:00:00 am,59.5
28-Feb-19 04:00:00 am,64.5
28-Feb-19 08:00:00 am,68.4
28-Feb-19 12:00:00 pm,68.7
28-Feb-19 04:00:00 pm,66.4
28-Feb-19 08:00:00 pm,60.7
01-Mar-19 12:00:00 am,60.0
01-Mar-19 04:00:00 am,65.2
01-Mar-19 08:00:00 am,68.5
01-Mar-19 12:00:00 pm,69.0
01-Mar-19 04:00:00 pm,66.5
01-Mar-19 08:00:00 pm,60.0
02-Mar-19 12:00:00 am,58.3
02-Mar-19 04:00:00 am,57.7
02-Mar-19 08:00:00 am,58.7
02-Mar-19 12:00:00 pm,62.2
02-Mar-19 04:00:00 pm,60.5
02-Mar-19 08:00:00 pm,58.9
03-Mar-19 12:00:00 am,56.8
03-Mar-19 04:00:00 am,57.0
03-Mar-19 08:00:00 am,57.3
03-Mar-19 12:00:00 pm,60.8
03-Mar-19 04:00:00 pm,58.9
03-Mar-19 08:00:00 pm,56.6
04-Mar-19 12:00:00 am,57.7
04-Mar-19 04:00:00 am,62.9
04-Mar-19 08:00:00 am,66.2
04-Mar-19 12:00:00 pm,67.9
04-Mar-19 04:00:00 pm,65.6
04-Mar-19 08:00:00 pm,60.7
05-Mar-19 12:00:00 am,58.0
05-Mar-19 04:00:00 am,63.9
05-Mar-19 08:00:00 am,67.5
05-Mar-19 12:00:00 pm,68.4
05-Mar-19 04:00:00 pm,66.4
05-Mar-19 08:00:00 pm,62.5
06-Mar-19 12:00:00 am,59.1
06-Mar-19 04:00:00 am,64.8
06-Mar-19 08:00:00 am,68.8
06-Mar-19 12:00:00 pm,69.2
06-Mar-19 04:00:00 pm,67.4
06-Mar-19 08:00:00 pm,62.0
07-Mar-19 12:00:00 am,59.7
07-Mar-19 04:00:00 am,64.7
07-Mar-19 08:00:00 am,69.0
07-Mar-19 12:00:00 pm,69.3
07-Mar-19 04:00:00 pm,66.3
07-Mar-19 08:00:00 pm,62.5
08-Mar-19 12:00:00 am,59.8
08-Mar-19 04:00:00 am,65.2
08-Mar-19 08:00:00 am,68.7
08-Mar-19 12:00:00 pm,69.8
08-Mar-19 04:00:00 pm,66.9
08-Mar-19 08:00:00 pm,61.0
09-Mar-19 12:00:00 am,58.6
09-Mar-19 04:00:00 am,57.2
09-Mar-19 08:00:00 am,58.0
09-Mar-19 12:00:00 pm,61.9
09-Mar-19 04:00:00 pm,60.0
09-Mar-19 08:00:00 pm,56.9
10-Mar-19 12:00:00 am,56.6
10-Mar-19 05:00:00 am,58.4
10-Mar-19 09:00:00 am,58.5
10-Mar-19 01:00:00 pm,63.3
10-Mar-19 05:00:00 pm,61.9
10-Mar-19 09:00:00 pm,58.0
11-Mar-19 01:00:00 am,58.4
11-Mar-19 05:00:00 am,65.6
11-Mar-19 09:00:00 am,67.5
11-Mar-19 01:00:00 pm,68.2
11-Mar-19 05:00:00 pm,65.6
11-Mar-19 09:00:00 pm,62.8
12-Mar-19 01:00:00 am,60.7
12-Mar-19 05:00:00 am,66.5
12-Mar-19 09:00:00 am,68.9
12-Mar-19 01:00:00 pm,70.3
12-Mar-19 05:00:00 pm,65.6
12-Mar-19 09:00:00 pm,62.9
13-Mar-19 01:00:00 am,60.5
13-Mar-19 05:00:00 am,66.8
13-Mar-19 09:00:00 am,69.5
13-Mar-19 01:00:00 pm,69.6
13-Mar-19 05:00:00 pm,65.3
13-Mar-19 09:00:00 pm,63.4
14-Mar-19 01:00:00 am,61.4
14-Mar-19 05:00:00 am,67.1
14-Mar-19 09:00:00 am,68.5
14-Mar-19 01:00:00 pm,68.6
14-Mar-19 05:00:00 pm,61.5
14-Mar-19 09:00:00 pm,64.6
15-Mar-19 01:00:00 am,62.5
15-Mar-19 05:00:00 am,67.0
15-Mar-19 09:00:00 am,68.0
15-Mar-19 01:00:00 pm,68.7
15-Mar-19 05:00:00 pm,65.6
15-Mar-19 09:00:00 pm,62.5
16-Mar-19 01:00:00 am,60.7
16-Mar-19 05:00:00 am,59.0
16-Mar-19 09:00:00 am,62.6
16-Mar-19 01:00:00 pm,66.9
16-Mar-19 05:00:00 pm,65.8
16-Mar-19 09:00:00 pm,62.2
17-Mar-19 01:00:00 am,59.7
17-Mar-19 05:00:00 am,57.8
17-Mar-19 09:00:00 am,61.5
17-Mar-19 01:00:00 pm,67.7
17-Mar-19 05:00:00 pm,66.5
17-Mar-19 09:00:00 pm,62.1
18-Mar-19 01:00:00 am,63.2
18-Mar-19 05:00:00 am,66.8
18-Mar-19 09:00:00 am,69.3
18-Mar-19 01:00:00 pm,70.5
18-Mar-19 05:00:00 pm,70.3
18-Mar-19 09:00:00 pm,67.1
19-Mar-19 01:00:00 am,64.2
19-Mar-19 05:00:00 am,69.2
19-Mar-19 09:00:00 am,70.6
19-Mar-19 01:00:00 pm,70.9
19-Mar-19 05:00:00 pm,71.4
19-Mar-19 09:00:00 pm,70.0
20-Mar-19 01:00:00 am,66.4
20-Mar-19 05:00:00 am,70.0
20-Mar-19 09:00:00 am,70.7
20-Mar-19 01:00:00 pm,70.9
20-Mar-19 05:00:00 pm,71.3
20-Mar-19 09:00:00 pm,69.1
21-Mar-19 01:00:00 am,65.9
21-Mar-19 05:00:00 am,70.2
21-Mar-19 09:00:00 am,70.8
21-Mar-19 01:00:00 pm,70.3
21-Mar-19 05:00:00 pm,68.2
21-Mar-19 09:00:00 pm,65.7
22-Mar-19 01:00:00 am,65.1
22-Mar-19 05:00:00 am,69.6
22-Mar-19 09:00:00 am,70.9
22-Mar-19 01:00:00 pm,70.5
22-Mar-19 05:00:00 pm,66.9
22-Mar-19 09:00:00 pm,65.0
23-Mar-19 01:00:00 am,64.1
23-Mar-19 05:00:00 am,62.5
23-Mar-19 09:00:00 am,64.8
23-Mar-19 01:00:00 pm,66.4
23-Mar-19 05:00:00 pm,65.8
23-Mar-19 09:00:00 pm,63.0
24-Mar-19 01:00:00 am,61.4
24-Mar-19 05:00:00 am,61.0
24-Mar-19 09:00:00 am,62.8
24-Mar-19 01:00:00 pm,64.9
24-Mar-19 05:00:00 pm,64.9
24-Mar-19 09:00:00 pm,62.3
25-Mar-19 01:00:00 am,61.5
25-Mar-19 05:00:00 am,66.7
25-Mar-19 09:00:00 am,69.3
25-Mar-19 01:00:00 pm,70.4
25-Mar-19 05:00:00 pm,67.3
25-Mar-19 09:00:00 pm,65.4
26-Mar-19 01:00:00 am,63.8
26-Mar-19 05:00:00 am,68.0
26-Mar-19 09:00:00 am,70.0
26-Mar-19 01:00:00 pm,69.2
26-Mar-19 05:00:00 pm,66.0
26-Mar-19 09:00:00 pm,65.2
27-Mar-19 01:00:00 am,63.1
27-Mar-19 05:00:00 am,67.5
27-Mar-19 09:00:00 am,69.4
27-Mar-19 01:00:00 pm,70.3
27-Mar-19 05:00:00 pm,66.2
27-Mar-19 09:00:00 pm,65.8
28-Mar-19 01:00:00 am,64.5
28-Mar-19 05:00:00 am,68.5
28-Mar-19 09:00:00 am,70.3
28-Mar-19 01:00:00 pm,70.3
28-Mar-19 05:00:00 pm,69.4
28-Mar-19 09:00:00 pm,65.8
29-Mar-19 01:00:00 am,64.7
29-Mar-19 05:00:00 am,69.2
29-Mar-19 09:00:00 am,70.7
29-Mar-19 01:00:00 pm,69.8
29-Mar-19 05:00:00 pm,67.9
29-Mar-19 09:00:00 pm,64.4
30-Mar-19 01:00:00 am,63.4
30-Mar-19 05:00:00 am,61.5
30-Mar-19 09:00:00 am,63.9
30-Mar-19 01:00:00 pm,69.9
30-Mar-19 05:00:00 pm,70.0
30-Mar-19 09:00:00 pm,64.2
31-Mar-19 01:00:00 am,62.1
31-Mar-19 05:00:00 am,60.8
31-Mar-19 09:00:00 am,63.8
31-Mar-19 01:00:00 pm,70.7
31-Mar-19 05:00:00 pm,69.5
31-Mar-19 09:00:00 pm,64.4
01-Apr-19 01:00:00 am,63.1
01-Apr-19 05:00:00 am,68.1
01-Apr-19 09:00:00 am,70.3
01-Apr-19 01:00:00 pm,70.6
01-Apr-19 05:00:00 pm,69.6
01-Apr-19 09:00:00 pm,65.9
02-Apr-19 01:00:00 am,64.7
02-Apr-19 05:00:00 am,68.3
02-Apr-19 09:00:00 am,70.0
02-Apr-19 01:00:00 pm,70.6
02-Apr-19 05:00:00 pm,69.6
02-Apr-19 09:00:00 pm,66.9
03-Apr-19 01:00:00 am,65.6
03-Apr-19 05:00:00 am,69.6
03-Apr-19 09:00:00 am,70.6
03-Apr-19 01:00:00 pm,69.5
03-Apr-19 05:00:00 pm,68.2
03-Apr-19 09:00:00 pm,65.5
04-Apr-19 01:00:00 am,64.6
04-Apr-19 05:00:00 am,68.0
04-Apr-19 09:00:00 am,69.7
04-Apr-19 01:00:00 pm,70.1
04-Apr-19 05:00:00 pm,67.9
04-Apr-19 09:00:00 pm,65.7
05-Apr-19 01:00:00 am,65.7
05-Apr-19 05:00:00 am,69.4
05-Apr-19 09:00:00 am,70.9
05-Apr-19 01:00:00 pm,70.1
05-Apr-19 05:00:00 pm,66.5
05-Apr-19 09:00:00 pm,63.6
06-Apr-19 01:00:00 am,62.7
06-Apr-19 05:00:00 am,63.3
06-Apr-19 09:00:00 am,62.8
06-Apr-19 01:00:00 pm,64.3
06-Apr-19 05:00:00 pm,63.8
06-Apr-19 09:00:00 pm,62.2
07-Apr-19 01:00:00 am,61.3
07-Apr-19 05:00:00 am,60.7
07-Apr-19 09:00:00 am,63.5
07-Apr-19 01:00:00 pm,64.4
07-Apr-19 05:00:00 pm,63.5
07-Apr-19 09:00:00 pm,61.7
08-Apr-19 01:00:00 am,61.8
08-Apr-19 05:00:00 am,67.1
08-Apr-19 09:00:00 am,69.9
08-Apr-19 01:00:00 pm,70.7
08-Apr-19 05:00:00 pm,67.1
08-Apr-19 09:00:00 pm,64.8
09-Apr-19 01:00:00 am,64.7
09-Apr-19 05:00:00 am,68.4
09-Apr-19 09:00:00 am,70.7
09-Apr-19 01:00:00 pm,70.1
09-Apr-19 05:00:00 pm,66.5
09-Apr-19 09:00:00 pm,64.4
10-Apr-19 01:00:00 am,64.4
10-Apr-19 05:00:00 am,68.3
10-Apr-19 09:00:00 am,70.3
10-Apr-19 01:00:00 pm,70.8
10-Apr-19 05:00:00 pm,66.6
10-Apr-19 09:00:00 pm,64.6
11-Apr-19 01:00:00 am,64.3
11-Apr-19 05:00:00 am,68.2
11-Apr-19 09:00:00 am,70.5
11-Apr-19 01:00:00 pm,70.2
11-Apr-19 05:00:00 pm,66.9
11-Apr-19 09:00:00 pm,66.2
12-Apr-19 01:00:00 am,64.5
12-Apr-19 05:00:00 am,68.3
12-Apr-19 09:00:00 am,70.5
12-Apr-19 01:00:00 pm,69.7
12-Apr-19 05:00:00 pm,66.6
12-Apr-19 09:00:00 pm,64.4
13-Apr-19 01:00:00 am,63.9
13-Apr-19 05:00:00 am,62.2
13-Apr-19 09:00:00 am,63.0
13-Apr-19 01:00:00 pm,62.4
13-Apr-19 05:00:00 pm,62.8
13-Apr-19 09:00:00 pm,62.0
14-Apr-19 01:00:00 am,60.4
14-Apr-19 05:00:00 am,59.8
14-Apr-19 09:00:00 am,61.5
14-Apr-19 01:00:00 pm,62.5
14-Apr-19 05:00:00 pm,61.4
14-Apr-19 09:00:00 pm,60.4
15-Apr-19 01:00:00 am,60.6
15-Apr-19 05:00:00 am,67.1
15-Apr-19 09:00:00 am,69.6
15-Apr-19 01:00:00 pm,69.8
15-Apr-19 05:00:00 pm,66.6
15-Apr-19 09:00:00 pm,65.3
16-Apr-19 01:00:00 am,63.6
16-Apr-19 05:00:00 am,68.2
16-Apr-19 09:00:00 am,70.9
16-Apr-19 01:00:00 pm,71.1
16-Apr-19 05:00:00 pm,66.6
16-Apr-19 09:00:00 pm,66.4
17-Apr-19 01:00:00 am,64.3
17-Apr-19 05:00:00 am,68.9
17-Apr-19 09:00:00 am,71.0
17-Apr-19 01:00:00 pm,71.1
17-Apr-19 05:00:00 pm,69.3
17-Apr-19 09:00:00 pm,67.7
18-Apr-19 01:00:00 am,66.0
18-Apr-19 05:00:00 am,69.8
18-Apr-19 09:00:00 am,70.9
18-Apr-19 01:00:00 pm,71.0
18-Apr-19 05:00:00 pm,68.7
18-Apr-19 09:00:00 pm,67.5
19-Apr-19 01:00:00 am,66.3
19-Apr-19 05:00:00 am,70.3
19-Apr-19 09:00:00 am,71.2
19-Apr-19 01:00:00 pm,70.7
19-Apr-19 05:00:00 pm,66.6
19-Apr-19 09:00:00 pm,64.9
20-Apr-19 01:00:00 am,64.3
20-Apr-19 05:00:00 am,62.6
20-Apr-19 09:00:00 am,63.9
20-Apr-19 01:00:00 pm,65.9
20-Apr-19 05:00:00 pm,65.9
20-Apr-19 09:00:00 pm,62.9
21-Apr-19 01:00:00 am,61.5
21-Apr-19 05:00:00 am,61.1
21-Apr-19 09:00:00 am,63.4
21-Apr-19 01:00:00 pm,67.1
21-Apr-19 05:00:00 pm,68.7
21-Apr-19 09:00:00 pm,64.2
22-Apr-19 01:00:00 am,62.9
22-Apr-19 05:00:00 am,67.7
22-Apr-19 09:00:00 am,70.1
22-Apr-19 01:00:00 pm,69.9
22-Apr-19 05:00:00 pm,66.1
22-Apr-19 09:00:00 pm,65.4
23-Apr-19 01:00:00 am,64.9
23-Apr-19 05:00:00 am,68.5
23-Apr-19 09:00:00 am,70.4
23-Apr-19 01:00:00 pm,70.4
23-Apr-19 05:00:00 pm,66.9
23-Apr-19 09:00:00 pm,66.1
24-Apr-19 01:00:00 am,64.7
24-Apr-19 05:00:00 am,68.3
24-Apr-19 09:00:00 am,70.5
24-Apr-19 01:00:00 pm,70.8
24-Apr-19 05:00:00 pm,68.6
24-Apr-19 09:00:00 pm,66.2
25-Apr-19 01:00:00 am,64.3
25-Apr-19 05:00:00 am,68.1
25-Apr-19 09:00:00 am,70.4
25-Apr-19 01:00:00 pm,69.9
25-Apr-19 05:00:00 pm,66.9
25-Apr-19 09:00:00 pm,65.9
26-Apr-19 01:00:00 am,64.8
26-Apr-19 05:00:00 am,68.5
26-Apr-19 09:00:00 am,70.8
26-Apr-19 01:00:00 pm,70.5
26-Apr-19 05:00:00 pm,67.4
26-Apr-19 09:00:00 pm,65.0
27-Apr-19 01:00:00 am,64.3
27-Apr-19 05:00:00 am,63.3
27-Apr-19 09:00:00 am,64.7
27-Apr-19 01:00:00 pm,65.3
27-Apr-19 05:00:00 pm,63.6
27-Apr-19 09:00:00 pm,61.3
28-Apr-19 01:00:00 am,60.1
28-Apr-19 05:00:00 am,60.8
28-Apr-19 09:00:00 am,63.3
28-Apr-19 01:00:00 pm,66.8
28-Apr-19 05:00:00 pm,66.9
28-Apr-19 09:00:00 pm,62.9
29-Apr-19 01:00:00 am,62.3
29-Apr-19 05:00:00 am,67.4
29-Apr-19 09:00:00 am,69.3
29-Apr-19 01:00:00 pm,70.2
29-Apr-19 05:00:00 pm,68.0
29-Apr-19 09:00:00 pm,66.4
30-Apr-19 01:00:00 am,64.6
30-Apr-19 05:00:00 am,68.1
30-Apr-19 09:00:00 am,69.7
30-Apr-19 01:00:00 pm,70.4
30-Apr-19 05:00:00 pm,69.4
30-Apr-19 09:00:00 pm,67.2
01-May-19 01:00:00 am,65.1
01-May-19 05:00:00 am,68.5
01-May-19 09:00:00 am,70.5
01-May-19 01:00:00 pm,70.7
01-May-19 05:00:00 pm,68.6
01-May-19 09:00:00 pm,67.5
02-May-19 01:00:00 am,65.8
02-May-19 05:00:00 am,69.2
02-May-19 09:00:00 am,70.3
02-May-19 01:00:00 pm,70.1
02-May-19 05:00:00 pm,67.5
02-May-19 09:00:00 pm,67.1
03-May-19 01:00:00 am,65.5
03-May-19 05:00:00 am,69.0
03-May-19 09:00:00 am,70.5
03-May-19 01:00:00 pm,70.2
03-May-19 05:00:00 pm,68.6
03-May-19 09:00:00 pm,65.9
04-May-19 01:00:00 am,66.1
04-May-19 05:00:00 am,64.4
04-May-19 09:00:00 am,66.9
04-May-19 01:00:00 pm,72.4
04-May-19 05:00:00 pm,72.5
04-May-19 09:00:00 pm,66.9
05-May-19 01:00:00 am,64.9
05-May-19 05:00:00 am,64.1
05-May-19 09:00:00 am,67.9
05-May-19 01:00:00 pm,73.6
05-May-19 05:00:00 pm,73.2
05-May-19 09:00:00 pm,67.8
06-May-19 01:00:00 am,65.6
06-May-19 05:00:00 am,69.7
06-May-19 09:00:00 am,70.8
06-May-19 01:00:00 pm,71.3
06-May-19 05:00:00 pm,72.1
06-May-19 09:00:00 pm,70.3
07-May-19 01:00:00 am,68.3
07-May-19 05:00:00 am,69.5
07-May-19 09:00:00 am,70.3
07-May-19 01:00:00 pm,71.1
07-May-19 05:00:00 pm,71.7
07-May-19 09:00:00 pm,69.8
08-May-19 01:00:00 am,67.3
08-May-19 05:00:00 am,69.6
08-May-19 09:00:00 am,70.4
08-May-19 01:00:00 pm,71.2
08-May-19 05:00:00 pm,72.0
08-May-19 09:00:00 pm,70.6
09-May-19 01:00:00 am,67.8
09-May-19 05:00:00 am,69.9
09-May-19 09:00:00 am,70.8
09-May-19 01:00:00 pm,71.4
09-May-19 05:00:00 pm,74.3
09-May-19 09:00:00 pm,72.1
10-May-19 01:00:00 am,68.6
10-May-19 05:00:00 am,70.1
10-May-19 09:00:00 am,70.7
10-May-19 01:00:00 pm,71.3
10-May-19 05:00:00 pm,75.6
10-May-19 09:00:00 pm,73.0
11-May-19 01:00:00 am,69.2
11-May-19 05:00:00 am,68.5
11-May-19 09:00:00 am,74.9
11-May-19 01:00:00 pm,76.8
11-May-19 05:00:00 pm,75.9
11-May-19 09:00:00 pm,70.9
12-May-19 01:00:00 am,69.6
12-May-19 05:00:00 am,69.0
12-May-19 09:00:00 am,68.6
12-May-19 01:00:00 pm,71.2
12-May-19 05:00:00 pm,73.1
12-May-19 09:00:00 pm,69.1
13-May-19 01:00:00 am,67.3
13-May-19 05:00:00 am,69.6
13-May-19 09:00:00 am,69.9
13-May-19 01:00:00 pm,70.4
13-May-19 05:00:00 pm,69.6
13-May-19 09:00:00 pm,68.3
14-May-19 01:00:00 am,67.0
14-May-19 05:00:00 am,69.8
14-May-19 09:00:00 am,70.6
14-May-19 01:00:00 pm,70.5
14-May-19 05:00:00 pm,68.6
14-May-19 09:00:00 pm,67.9
15-May-19 01:00:00 am,66.7
15-May-19 05:00:00 am,69.5
15-May-19 09:00:00 am,70.6
15-May-19 01:00:00 pm,71.1
15-May-19 05:00:00 pm,69.0
15-May-19 09:00:00 pm,68.8
16-May-19 01:00:00 am,67.3
16-May-19 05:00:00 am,69.9
16-May-19 09:00:00 am,70.4
16-May-19 01:00:00 pm,70.5
16-May-19 05:00:00 pm,68.7
16-May-19 09:00:00 pm,68.2
17-May-19 01:00:00 am,66.8
17-May-19 05:00:00 am,69.6
17-May-19 09:00:00 am,70.4
17-May-19 01:00:00 pm,70.4
17-May-19 05:00:00 pm,68.9
17-May-19 09:00:00 pm,67.0
18-May-19 01:00:00 am,66.4
18-May-19 05:00:00 am,66.0
18-May-19 09:00:00 am,69.2
18-May-19 01:00:00 pm,75.1
18-May-19 05:00:00 pm,75.4
18-May-19 09:00:00 pm,69.6
19-May-19 01:00:00 am,67.1
19-May-19 05:00:00 am,67.0
19-May-19 09:00:00 am,69.6
19-May-19 01:00:00 pm,74.7
19-May-19 05:00:00 pm,76.0
19-May-19 09:00:00 pm,70.4
20-May-19 01:00:00 am,68.5
20-May-19 05:00:00 am,70.1
20-May-19 09:00:00 am,70.4
20-May-19 01:00:00 pm,70.1
20-May-19 05:00:00 pm,67.2
20-May-19 09:00:00 pm,66.3
21-May-19 01:00:00 am,65.5
21-May-19 05:00:00 am,68.7
21-May-19 09:00:00 am,70.2
21-May-19 01:00:00 pm,70.0
21-May-19 05:00:00 pm,68.6
21-May-19 09:00:00 pm,67.9
22-May-19 01:00:00 am,66.4
22-May-19 05:00:00 am,68.9
22-May-19 09:00:00 am,69.9
22-May-19 01:00:00 pm,70.7
22-May-19 05:00:00 pm,72.6
22-May-19 09:00:00 pm,72.2
23-May-19 01:00:00 am,68.8
23-May-19 05:00:00 am,70.0
23-May-19 09:00:00 am,70.6
23-May-19 01:00:00 pm,71.1
23-May-19 05:00:00 pm,73.3
23-May-19 09:00:00 pm,72.7
24-May-19 01:00:00 am,68.9
24-May-19 05:00:00 am,70.3
24-May-19 09:00:00 am,70.4
24-May-19 01:00:00 pm,70.1
24-May-19 05:00:00 pm,68.2
24-May-19 09:00:00 pm,66.9
25-May-19 01:00:00 am,66.4
25-May-19 05:00:00 am,65.8
25-May-19 09:00:00 am,65.7
25-May-19 01:00:00 pm,65.5
25-May-19 05:00:00 pm,65.6
25-May-19 09:00:00 pm,64.6
26-May-19 01:00:00 am,64.2
26-May-19 05:00:00 am,64.0
26-May-19 09:00:00 am,65.4
26-May-19 01:00:00 pm,72.1
26-May-19 05:00:00 pm,75.6
26-May-19 09:00:00 pm,69.2
27-May-19 01:00:00 am,66.3
27-May-19 05:00:00 am,69.0
27-May-19 09:00:00 am,69.6
27-May-19 01:00:00 pm,70.4
27-May-19 05:00:00 pm,72.8
27-May-19 09:00:00 pm,69.7
28-May-19 01:00:00 am,68.0
28-May-19 05:00:00 am,70.0
28-May-19 09:00:00 am,70.5
28-May-19 01:00:00 pm,70.8
28-May-19 05:00:00 pm,70.0
28-May-19 09:00:00 pm,69.1
29-May-19 01:00:00 am,67.6
29-May-19 05:00:00 am,69.5
29-May-19 09:00:00 am,70.3
29-May-19 01:00:00 pm,70.7
29-May-19 05:00:00 pm,71.8
29-May-19 09:00:00 pm,68.9
30-May-19 01:00:00 am,67.9
30-May-19 05:00:00 am,69.9
30-May-19 09:00:00 am,70.7
30-May-19 01:00:00 pm,70.9
30-May-19 05:00:00 pm,72.9
30-May-19 09:00:00 pm,70.6
31-May-19 01:00:00 am,68.5
31-May-19 05:00:00 am,70.4
31-May-19 09:00:00 am,70.8
31-May-19 01:00:00 pm,70.9
31-May-19 05:00:00 pm,73.1
31-May-19 09:00:00 pm,70.5
01-Jun-19 01:00:00 am,68.2
01-Jun-19 05:00:00 am,68.0
01-Jun-19 09:00:00 am,69.6
01-Jun-19 01:00:00 pm,74.7
01-Jun-19 05:00:00 pm,76.2
01-Jun-19 09:00:00 pm,71.1
02-Jun-19 01:00:00 am,68.2
02-Jun-19 05:00:00 am,67.6
02-Jun-19 09:00:00 am,72.2
02-Jun-19 01:00:00 pm,75.0
02-Jun-19 05:00:00 pm,75.4
02-Jun-19 09:00:00 pm,71.4
03-Jun-19 01:00:00 am,69.7
03-Jun-19 05:00:00 am,70.9
03-Jun-19 09:00:00 am,69.9
03-Jun-19 01:00:00 pm,70.9
03-Jun-19 05:00:00 pm,71.0
03-Jun-19 09:00:00 pm,68.6
04-Jun-19 01:00:00 am,67.6
04-Jun-19 05:00:00 am,69.6
04-Jun-19 09:00:00 am,70.2
04-Jun-19 01:00:00 pm,71.1
04-Jun-19 05:00:00 pm,72.2
04-Jun-19 09:00:00 pm,70.0
05-Jun-19 01:00:00 am,68.0
05-Jun-19 05:00:00 am,69.7
05-Jun-19 09:00:00 am,69.9
05-Jun-19 01:00:00 pm,71.0
05-Jun-19 05:00:00 pm,70.2
05-Jun-19 09:00:00 pm,69.6
06-Jun-19 01:00:00 am,67.4
06-Jun-19 05:00:00 am,69.1
06-Jun-19 09:00:00 am,69.3
06-Jun-19 01:00:00 pm,70.4
06-Jun-19 05:00:00 pm,68.9
06-Jun-19 09:00:00 pm,68.3
07-Jun-19 01:00:00 am,67.6
07-Jun-19 05:00:00 am,69.0
07-Jun-19 09:00:00 am,69.9
07-Jun-19 01:00:00 pm,69.5
07-Jun-19 05:00:00 pm,67.1
07-Jun-19 09:00:00 pm,66.0
08-Jun-19 01:00:00 am,65.9
08-Jun-19 05:00:00 am,65.8
08-Jun-19 09:00:00 am,67.4
08-Jun-19 01:00:00 pm,71.5
08-Jun-19 05:00:00 pm,73.6
08-Jun-19 09:00:00 pm,68.0
09-Jun-19 01:00:00 am,65.9
09-Jun-19 05:00:00 am,65.1
09-Jun-19 09:00:00 am,68.9
09-Jun-19 01:00:00 pm,77.0
09-Jun-19 05:00:00 pm,75.3
09-Jun-19 09:00:00 pm,70.3
10-Jun-19 01:00:00 am,67.1
10-Jun-19 05:00:00 am,69.4
10-Jun-19 09:00:00 am,70.7
10-Jun-19 01:00:00 pm,71.2
10-Jun-19 05:00:00 pm,73.2
10-Jun-19 09:00:00 pm,71.7
11-Jun-19 01:00:00 am,68.8
11-Jun-19 05:00:00 am,70.7
11-Jun-19 09:00:00 am,70.7
11-Jun-19 01:00:00 pm,71.4
11-Jun-19 05:00:00 pm,75.4
11-Jun-19 09:00:00 pm,74.9
12-Jun-19 01:00:00 am,71.4
12-Jun-19 05:00:00 am,71.4
12-Jun-19 09:00:00 am,71.2
12-Jun-19 01:00:00 pm,71.4
12-Jun-19 05:00:00 pm,78.9
12-Jun-19 09:00:00 pm,77.3
13-Jun-19 01:00:00 am,73.7
13-Jun-19 05:00:00 am,71.4
13-Jun-19 09:00:00 am,71.1
13-Jun-19 01:00:00 pm,71.5
13-Jun-19 05:00:00 pm,73.6
13-Jun-19 09:00:00 pm,71.7
14-Jun-19 01:00:00 am,69.9
14-Jun-19 05:00:00 am,71.1
14-Jun-19 09:00:00 am,70.7
14-Jun-19 01:00:00 pm,71.1
14-Jun-19 05:00:00 pm,71.1
14-Jun-19 09:00:00 pm,69.1
15-Jun-19 01:00:00 am,68.2
15-Jun-19 05:00:00 am,68.3
15-Jun-19 09:00:00 am,69.4
15-Jun-19 01:00:00 pm,74.6
15-Jun-19 05:00:00 pm,78.8
15-Jun-19 09:00:00 pm,73.0
16-Jun-19 01:00:00 am,69.3
16-Jun-19 05:00:00 am,68.3
16-Jun-19 09:00:00 am,71.4
16-Jun-19 01:00:00 pm,75.4
16-Jun-19 05:00:00 pm,75.5
16-Jun-19 09:00:00 pm,72.8
17-Jun-19 01:00:00 am,70.9
17-Jun-19 05:00:00 am,71.4
17-Jun-19 09:00:00 am,71.2
17-Jun-19 01:00:00 pm,71.4
17-Jun-19 05:00:00 pm,73.8
17-Jun-19 09:00:00 pm,73.8
18-Jun-19 01:00:00 am,71.0
18-Jun-19 05:00:00 am,71.8
18-Jun-19 09:00:00 am,71.1
18-Jun-19 01:00:00 pm,71.0
18-Jun-19 05:00:00 pm,69.4
18-Jun-19 09:00:00 pm,68.6
19-Jun-19 01:00:00 am,68.3
19-Jun-19 05:00:00 am,69.7
19-Jun-19 09:00:00 am,69.8
19-Jun-19 01:00:00 pm,71.0
19-Jun-19 05:00:00 pm,69.1
19-Jun-19 09:00:00 pm,68.4
20-Jun-19 01:00:00 am,66.9
20-Jun-19 05:00:00 am,68.9
20-Jun-19 09:00:00 am,70.1
20-Jun-19 01:00:00 pm,70.9
20-Jun-19 05:00:00 pm,70.0
20-Jun-19 09:00:00 pm,69.6
21-Jun-19 01:00:00 am,67.9
21-Jun-19 05:00:00 am,69.5
21-Jun-19 09:00:00 am,70.1
21-Jun-19 01:00:00 pm,71.1
21-Jun-19 05:00:00 pm,72.0
21-Jun-19 09:00:00 pm,69.3
22-Jun-19 01:00:00 am,68.0
22-Jun-19 05:00:00 am,68.0
22-Jun-19 09:00:00 am,68.7
22-Jun-19 01:00:00 pm,69.6
22-Jun-19 05:00:00 pm,70.4
22-Jun-19 09:00:00 pm,68.8
23-Jun-19 01:00:00 am,68.0
23-Jun-19 05:00:00 am,67.4
23-Jun-19 09:00:00 am,67.6
23-Jun-19 01:00:00 pm,68.9
23-Jun-19 05:00:00 pm,68.0
23-Jun-19 09:00:00 pm,66.6
24-Jun-19 01:00:00 am,66.1
24-Jun-19 05:00:00 am,69.3
24-Jun-19 09:00:00 am,71.2
24-Jun-19 01:00:00 pm,70.9
24-Jun-19 05:00:00 pm,71.3
24-Jun-19 09:00:00 pm,68.3
25-Jun-19 01:00:00 am,67.2
25-Jun-19 05:00:00 am,69.3
25-Jun-19 09:00:00 am,70.2
25-Jun-19 01:00:00 pm,70.6
25-Jun-19 05:00:00 pm,72.0
25-Jun-19 09:00:00 pm,70.6
26-Jun-19 01:00:00 am,68.5
26-Jun-19 05:00:00 am,70.3
26-Jun-19 09:00:00 am,70.8
26-Jun-19 01:00:00 pm,71.2
26-Jun-19 05:00:00 pm,69.8
26-Jun-19 09:00:00 pm,69.3
27-Jun-19 01:00:00 am,68.5
27-Jun-19 05:00:00 am,70.0
27-Jun-19 09:00:00 am,70.7
27-Jun-19 01:00:00 pm,71.1
27-Jun-19 05:00:00 pm,70.5
27-Jun-19 09:00:00 pm,69.9
28-Jun-19 01:00:00 am,68.6
28-Jun-19 05:00:00 am,70.2
28-Jun-19 09:00:00 am,70.9
28-Jun-19 01:00:00 pm,71.2
28-Jun-19 05:00:00 pm,71.8
28-Jun-19 09:00:00 pm,70.0
29-Jun-19 01:00:00 am,68.0
29-Jun-19 05:00:00 am,67.8
29-Jun-19 09:00:00 am,71.3
29-Jun-19 01:00:00 pm,76.6
29-Jun-19 05:00:00 pm,75.2
29-Jun-19 09:00:00 pm,70.7
30-Jun-19 01:00:00 am,68.6
30-Jun-19 05:00:00 am,67.9
30-Jun-19 09:00:00 am,73.3
30-Jun-19 01:00:00 pm,76.2
30-Jun-19 05:00:00 pm,75.7
30-Jun-19 09:00:00 pm,73.9
01-Jul-19 01:00:00 am,72.1
01-Jul-19 05:00:00 am,71.1
01-Jul-19 09:00:00 am,70.8
01-Jul-19 01:00:00 pm,71.4
01-Jul-19 05:00:00 pm,74.1
01-Jul-19 09:00:00 pm,73.5
02-Jul-19 01:00:00 am,70.7
02-Jul-19 05:00:00 am,71.5
02-Jul-19 09:00:00 am,70.6
02-Jul-19 01:00:00 pm,70.6
02-Jul-19 05:00:00 pm,68.8
02-Jul-19 09:00:00 pm,69.0
03-Jul-19 01:00:00 am,68.4
03-Jul-19 05:00:00 am,69.8
03-Jul-19 09:00:00 am,71.1
03-Jul-19 01:00:00 pm,70.9
03-Jul-19 05:00:00 pm,71.3
03-Jul-19 09:00:00 pm,70.2
04-Jul-19 01:00:00 am,68.6
04-Jul-19 05:00:00 am,70.3
04-Jul-19 09:00:00 am,70.5
04-Jul-19 01:00:00 pm,70.8
04-Jul-19 05:00:00 pm,72.8
04-Jul-19 09:00:00 pm,70.5
05-Jul-19 01:00:00 am,69.2
05-Jul-19 05:00:00 am,70.5
05-Jul-19 09:00:00 am,70.7
05-Jul-19 01:00:00 pm,71.0
05-Jul-19 05:00:00 pm,71.0
05-Jul-19 09:00:00 pm,69.4
06-Jul-19 01:00:00 am,68.5
06-Jul-19 05:00:00 am,68.5
06-Jul-19 09:00:00 am,71.0
06-Jul-19 01:00:00 pm,75.1
06-Jul-19 05:00:00 pm,76.5
06-Jul-19 09:00:00 pm,71.9
07-Jul-19 01:00:00 am,69.7
07-Jul-19 05:00:00 am,69.4
07-Jul-19 09:00:00 am,70.9
07-Jul-19 01:00:00 pm,72.9
07-Jul-19 05:00:00 pm,72.0
07-Jul-19 09:00:00 pm,70.3
08-Jul-19 01:00:00 am,69.3
08-Jul-19 05:00:00 am,70.8
08-Jul-19 09:00:00 am,70.8
08-Jul-19 01:00:00 pm,70.8
08-Jul-19 05:00:00 pm,72.9
08-Jul-19 09:00:00 pm,71.8
09-Jul-19 01:00:00 am,69.3
09-Jul-19 05:00:00 am,70.4
09-Jul-19 09:00:00 am,70.9
09-Jul-19 01:00:00 pm,71.0
09-Jul-19 05:00:00 pm,71.7
09-Jul-19 09:00:00 pm,71.1
10-Jul-19 01:00:00 am,69.9
10-Jul-19 05:00:00 am,71.4
10-Jul-19 09:00:00 am,71.0
10-Jul-19 01:00:00 pm,70.8
10-Jul-19 05:00:00 pm,71.3
10-Jul-19 09:00:00 pm,71.0
11-Jul-19 01:00:00 am,69.9
11-Jul-19 05:00:00 am,71.1
11-Jul-19 09:00:00 am,70.9
11-Jul-19 01:00:00 pm,70.9
11-Jul-19 05:00:00 pm,72.7
11-Jul-19 09:00:00 pm,71.9
12-Jul-19 01:00:00 am,69.6
12-Jul-19 05:00:00 am,70.7
12-Jul-19 09:00:00 am,71.0
12-Jul-19 01:00:00 pm,71.2
12-Jul-19 05:00:00 pm,74.2
12-Jul-19 09:00:00 pm,72.4
13-Jul-19 01:00:00 am,69.8
13-Jul-19 05:00:00 am,70.2
13-Jul-19 09:00:00 am,73.9
13-Jul-19 01:00:00 pm,76.7
13-Jul-19 05:00:00 pm,76.0
13-Jul-19 09:00:00 pm,72.5
14-Jul-19 01:00:00 am,71.1
14-Jul-19 05:00:00 am,71.0
14-Jul-19 09:00:00 am,74.8
14-Jul-19 01:00:00 pm,77.0
14-Jul-19 05:00:00 pm,75.8
14-Jul-19 09:00:00 pm,73.9
15-Jul-19 01:00:00 am,72.8
15-Jul-19 05:00:00 am,71.7
15-Jul-19 09:00:00 am,71.0
15-Jul-19 01:00:00 pm,70.9
15-Jul-19 05:00:00 pm,71.2
15-Jul-19 09:00:00 pm,71.4
16-Jul-19 01:00:00 am,70.4
16-Jul-19 05:00:00 am,71.5
16-Jul-19 09:00:00 am,70.9
16-Jul-19 01:00:00 pm,71.2
16-Jul-19 05:00:00 pm,74.6
16-Jul-19 09:00:00 pm,73.7
17-Jul-19 01:00:00 am,71.5
17-Jul-19 05:00:00 am,71.6
17-Jul-19 09:00:00 am,70.8
17-Jul-19 01:00:00 pm,70.6
17-Jul-19 05:00:00 pm,69.9
17-Jul-19 09:00:00 pm,69.9
18-Jul-19 01:00:00 am,69.3
18-Jul-19 05:00:00 am,70.8
18-Jul-19 09:00:00 am,71.1
18-Jul-19 01:00:00 pm,71.0
18-Jul-19 05:00:00 pm,69.7
18-Jul-19 09:00:00 pm,69.6
19-Jul-19 01:00:00 am,68.2
19-Jul-19 05:00:00 am,70.4
19-Jul-19 09:00:00 am,71.1
19-Jul-19 01:00:00 pm,70.8
19-Jul-19 05:00:00 pm,71.2
19-Jul-19 09:00:00 pm,68.3
20-Jul-19 01:00:00 am,67.2
20-Jul-19 05:00:00 am,66.6
20-Jul-19 09:00:00 am,71.3
20-Jul-19 01:00:00 pm,78.7
20-Jul-19 05:00:00 pm,75.8
20-Jul-19 09:00:00 pm,72.1
21-Jul-19 01:00:00 am,69.0
21-Jul-19 05:00:00 am,68.4
21-Jul-19 09:00:00 am,76.1
21-Jul-19 01:00:00 pm,78.2
21-Jul-19 05:00:00 pm,76.3
21-Jul-19 09:00:00 pm,74.6
22-Jul-19 01:00:00 am,72.1
22-Jul-19 05:00:00 am,71.3
22-Jul-19 09:00:00 am,71.0
22-Jul-19 01:00:00 pm,71.3
22-Jul-19 05:00:00 pm,74.3
22-Jul-19 09:00:00 pm,72.4
23-Jul-19 01:00:00 am,70.4
23-Jul-19 05:00:00 am,71.4
23-Jul-19 09:00:00 am,70.9
23-Jul-19 01:00:00 pm,71.0
23-Jul-19 05:00:00 pm,71.7
23-Jul-19 09:00:00 pm,70.2
24-Jul-19 01:00:00 am,70.0
24-Jul-19 05:00:00 am,70.9
24-Jul-19 09:00:00 am,70.8
24-Jul-19 01:00:00 pm,71.0
24-Jul-19 05:00:00 pm,73.3
24-Jul-19 09:00:00 pm,71.3
25-Jul-19 01:00:00 am,69.5
25-Jul-19 05:00:00 am,70.8
25-Jul-19 09:00:00 am,70.6
25-Jul-19 01:00:00 pm,71.3
25-Jul-19 05:00:00 pm,74.6
25-Jul-19 09:00:00 pm,73.2
26-Jul-19 01:00:00 am,70.5
26-Jul-19 05:00:00 am,71.2
26-Jul-19 09:00:00 am,70.7
26-Jul-19 01:00:00 pm,71.4
26-Jul-19 05:00:00 pm,74.7
26-Jul-19 09:00:00 pm,74.3
27-Jul-19 01:00:00 am,72.0
27-Jul-19 05:00:00 am,72.2
27-Jul-19 09:00:00 am,73.5
27-Jul-19 01:00:00 pm,76.4
27-Jul-19 05:00:00 pm,76.0
27-Jul-19 09:00:00 pm,72.2
28-Jul-19 01:00:00 am,70.5
28-Jul-19 05:00:00 am,69.9
28-Jul-19 09:00:00 am,73.8
28-Jul-19 01:00:00 pm,76.0
28-Jul-19 05:00:00 pm,75.8
28-Jul-19 09:00:00 pm,72.7
29-Jul-19 01:00:00 am,71.4
29-Jul-19 05:00:00 am,71.0
29-Jul-19 09:00:00 am,70.7
29-Jul-19 01:00:00 pm,71.3
29-Jul-19 05:00:00 pm,74.1
29-Jul-19 09:00:00 pm,73.1
30-Jul-19 01:00:00 am,71.2
30-Jul-19 05:00:00 am,71.2
30-Jul-19 09:00:00 am,70.8
30-Jul-19 01:00:00 pm,71.0
30-Jul-19 05:00:00 pm,72.7
30-Jul-19 09:00:00 pm,70.8
31-Jul-19 01:00:00 am,69.5
31-Jul-19 05:00:00 am,70.8
31-Jul-19 09:00:00 am,70.7
31-Jul-19 01:00:00 pm,71.3
31-Jul-19 05:00:00 pm,75.9
31-Jul-19 09:00:00 pm,74.1
01-Aug-19 01:00:00 am,71.3
01-Aug-19 05:00:00 am,71.2
01-Aug-19 09:00:00 am,70.9
01-Aug-19 01:00:00 pm,71.4
01-Aug-19 05:00:00 pm,75.8
01-Aug-19 09:00:00 pm,75.4
02-Aug-19 01:00:00 am,73.1
02-Aug-19 05:00:00 am,71.6
02-Aug-19 09:00:00 am,71.1
02-Aug-19 01:00:00 pm,71.3
02-Aug-19 05:00:00 pm,73.3
02-Aug-19 09:00:00 pm,71.8
03-Aug-19 01:00:00 am,70.0
03-Aug-19 05:00:00 am,69.6
03-Aug-19 09:00:00 am,73.9
03-Aug-19 01:00:00 pm,76.5
03-Aug-19 05:00:00 pm,76.0
03-Aug-19 09:00:00 pm,72.4
04-Aug-19 01:00:00 am,70.7
04-Aug-19 05:00:00 am,70.5
04-Aug-19 09:00:00 am,75.8
04-Aug-19 01:00:00 pm,76.2
04-Aug-19 05:00:00 pm,76.3
04-Aug-19 09:00:00 pm,75.1
05-Aug-19 01:00:00 am,73.0
05-Aug-19 05:00:00 am,71.7
05-Aug-19 09:00:00 am,71.3
05-Aug-19 01:00:00 pm,71.5
05-Aug-19 05:00:00 pm,75.2
05-Aug-19 09:00:00 pm,74.1
06-Aug-19 01:00:00 am,71.6
06-Aug-19 05:00:00 am,71.3
06-Aug-19 09:00:00 am,70.6
06-Aug-19 01:00:00 pm,71.1
06-Aug-19 05:00:00 pm,74.9
06-Aug-19 09:00:00 pm,73.3
07-Aug-19 01:00:00 am,71.3
07-Aug-19 05:00:00 am,71.3
07-Aug-19 09:00:00 am,70.9
07-Aug-19 01:00:00 pm,71.0
07-Aug-19 05:00:00 pm,73.6
07-Aug-19 09:00:00 pm,72.5
08-Aug-19 01:00:00 am,71.2
08-Aug-19 05:00:00 am,71.5
08-Aug-19 09:00:00 am,70.7
08-Aug-19 01:00:00 pm,70.9
08-Aug-19 05:00:00 pm,70.4
08-Aug-19 09:00:00 pm,70.0
09-Aug-19 01:00:00 am,70.2
09-Aug-19 05:00:00 am,71.2
09-Aug-19 09:00:00 am,70.5
09-Aug-19 01:00:00 pm,70.8
09-Aug-19 05:00:00 pm,71.8
09-Aug-19 09:00:00 pm,70.2
10-Aug-19 01:00:00 am,70.0
10-Aug-19 05:00:00 am,70.0
10-Aug-19 09:00:00 am,71.4
10-Aug-19 01:00:00 pm,76.2
10-Aug-19 05:00:00 pm,77.7
10-Aug-19 09:00:00 pm,73.6
11-Aug-19 01:00:00 am,72.1
11-Aug-19 05:00:00 am,71.0
11-Aug-19 09:00:00 am,72.0
11-Aug-19 01:00:00 pm,75.8
11-Aug-19 05:00:00 pm,74.5
11-Aug-19 09:00:00 pm,72.8
12-Aug-19 01:00:00 am,72.6
12-Aug-19 05:00:00 am,71.5
12-Aug-19 09:00:00 am,70.9
12-Aug-19 01:00:00 pm,71.4
12-Aug-19 05:00:00 pm,73.6
12-Aug-19 09:00:00 pm,72.4
13-Aug-19 01:00:00 am,70.1
13-Aug-19 05:00:00 am,71.3
13-Aug-19 09:00:00 am,70.7
13-Aug-19 01:00:00 pm,71.4
13-Aug-19 05:00:00 pm,73.9
13-Aug-19 09:00:00 pm,72.2
14-Aug-19 01:00:00 am,71.0
14-Aug-19 05:00:00 am,71.1
14-Aug-19 09:00:00 am,70.7
14-Aug-19 01:00:00 pm,71.3
14-Aug-19 05:00:00 pm,74.0
14-Aug-19 09:00:00 pm,73.1
15-Aug-19 01:00:00 am,71.1
15-Aug-19 05:00:00 am,71.2
15-Aug-19 09:00:00 am,70.8
15-Aug-19 01:00:00 pm,71.3
15-Aug-19 05:00:00 pm,74.3
15-Aug-19 09:00:00 pm,73.0
16-Aug-19 01:00:00 am,71.6
16-Aug-19 05:00:00 am,71.5
16-Aug-19 09:00:00 am,70.7
16-Aug-19 01:00:00 pm,70.7
16-Aug-19 05:00:00 pm,70.5
16-Aug-19 09:00:00 pm,70.0
17-Aug-19 01:00:00 am,70.0
17-Aug-19 05:00:00 am,69.9
17-Aug-19 09:00:00 am,71.9
17-Aug-19 01:00:00 pm,75.7
17-Aug-19 05:00:00 pm,76.7
17-Aug-19 09:00:00 pm,72.5
18-Aug-19 01:00:00 am,71.0
18-Aug-19 05:00:00 am,70.8
18-Aug-19 09:00:00 am,72.8
18-Aug-19 01:00:00 pm,76.6
18-Aug-19 05:00:00 pm,74.9
18-Aug-19 09:00:00 pm,72.8
19-Aug-19 01:00:00 am,72.1
19-Aug-19 05:00:00 am,71.6
19-Aug-19 09:00:00 am,71.0
19-Aug-19 01:00:00 pm,71.0
19-Aug-19 05:00:00 pm,71.9
19-Aug-19 09:00:00 pm,70.8
20-Aug-19 01:00:00 am,69.3
20-Aug-19 05:00:00 am,71.2
20-Aug-19 09:00:00 am,70.6
20-Aug-19 01:00:00 pm,71.2
20-Aug-19 05:00:00 pm,73.4
20-Aug-19 09:00:00 pm,72.8
21-Aug-19 01:00:00 am,70.6
21-Aug-19 05:00:00 am,71.3
21-Aug-19 09:00:00 am,70.8
21-Aug-19 01:00:00 pm,70.8
21-Aug-19 05:00:00 pm,69.9
21-Aug-19 09:00:00 pm,70.3
22-Aug-19 01:00:00 am,69.3
22-Aug-19 05:00:00 am,70.5
22-Aug-19 09:00:00 am,70.5
22-Aug-19 01:00:00 pm,70.4
22-Aug-19 05:00:00 pm,71.0
22-Aug-19 09:00:00 pm,70.1
23-Aug-19 01:00:00 am,68.7
23-Aug-19 05:00:00 am,70.0
23-Aug-19 09:00:00 am,70.6
23-Aug-19 01:00:00 pm,70.8
23-Aug-19 05:00:00 pm,70.6
23-Aug-19 09:00:00 pm,69.0
24-Aug-19 01:00:00 am,68.9
24-Aug-19 05:00:00 am,68.5
24-Aug-19 09:00:00 am,71.4
24-Aug-19 01:00:00 pm,75.9
24-Aug-19 05:00:00 pm,76.0
24-Aug-19 09:00:00 pm,73.0
25-Aug-19 01:00:00 am,71.1
25-Aug-19 05:00:00 am,70.3
25-Aug-19 09:00:00 am,72.5
25-Aug-19 01:00:00 pm,75.9
25-Aug-19 05:00:00 pm,75.3
25-Aug-19 09:00:00 pm,72.1
26-Aug-19 01:00:00 am,70.9
26-Aug-19 05:00:00 am,70.9
26-Aug-19 09:00:00 am,70.5
26-Aug-19 01:00:00 pm,71.2
26-Aug-19 05:00:00 pm,71.8
26-Aug-19 09:00:00 pm,71.1
27-Aug-19 01:00:00 am,69.2
27-Aug-19 05:00:00 am,70.6
27-Aug-19 09:00:00 am,70.5
27-Aug-19 01:00:00 pm,71.2
27-Aug-19 05:00:00 pm,74.6
27-Aug-19 09:00:00 pm,72.8
28-Aug-19 01:00:00 am,70.9
28-Aug-19 05:00:00 am,71.1
28-Aug-19 09:00:00 am,70.6
28-Aug-19 01:00:00 pm,71.3
28-Aug-19 05:00:00 pm,75.2
28-Aug-19 09:00:00 pm,73.6
29-Aug-19 01:00:00 am,70.9
29-Aug-19 05:00:00 am,71.1
29-Aug-19 09:00:00 am,70.8
29-Aug-19 01:00:00 pm,71.1
29-Aug-19 05:00:00 pm,70.4
29-Aug-19 09:00:00 pm,70.8
30-Aug-19 01:00:00 am,70.5
30-Aug-19 05:00:00 am,71.5
30-Aug-19 09:00:00 am,70.9
30-Aug-19 01:00:00 pm,71.2
30-Aug-19 05:00:00 pm,72.4
30-Aug-19 09:00:00 pm,72.2
31-Aug-19 01:00:00 am,70.7
31-Aug-19 05:00:00 am,70.5
31-Aug-19 09:00:00 am,72.7
31-Aug-19 01:00:00 pm,76.7
31-Aug-19 05:00:00 pm,77.4
31-Aug-19 09:00:00 pm,74.7
01-Sep-19 01:00:00 am,73.6
01-Sep-19 05:00:00 am,73.1
01-Sep-19 09:00:00 am,74.5
01-Sep-19 01:00:00 pm,76.8
01-Sep-19 05:00:00 pm,75.1
01-Sep-19 09:00:00 pm,73.8
02-Sep-19 01:00:00 am,72.2
02-Sep-19 05:00:00 am,71.5
02-Sep-19 09:00:00 am,71.0
02-Sep-19 01:00:00 pm,70.9
02-Sep-19 05:00:00 pm,72.6
02-Sep-19 09:00:00 pm,71.3
03-Sep-19 01:00:00 am,70.0
03-Sep-19 05:00:00 am,71.0
03-Sep-19 09:00:00 am,70.6
03-Sep-19 01:00:00 pm,71.2
03-Sep-19 05:00:00 pm,72.9
03-Sep-19 09:00:00 pm,71.9
04-Sep-19 01:00:00 am,70.4
04-Sep-19 05:00:00 am,71.5
04-Sep-19 09:00:00 am,70.9
04-Sep-19 01:00:00 pm,71.1
04-Sep-19 05:00:00 pm,71.6
04-Sep-19 09:00:00 pm,70.9
05-Sep-19 01:00:00 am,69.5
05-Sep-19 05:00:00 am,70.3
05-Sep-19 09:00:00 am,70.4
05-Sep-19 01:00:00 pm,71.0
05-Sep-19 05:00:00 pm,72.7
05-Sep-19 09:00:00 pm,72.3
06-Sep-19 01:00:00 am,70.7
06-Sep-19 05:00:00 am,71.3
06-Sep-19 09:00:00 am,70.7
06-Sep-19 01:00:00 pm,71.1
06-Sep-19 05:00:00 pm,71.7
06-Sep-19 09:00:00 pm,70.5
07-Sep-19 01:00:00 am,70.7
07-Sep-19 05:00:00 am,70.7
07-Sep-19 09:00:00 am,71.9
07-Sep-19 01:00:00 pm,73.3
07-Sep-19 05:00:00 pm,72.5
07-Sep-19 09:00:00 pm,70.8
08-Sep-19 01:00:00 am,70.3
08-Sep-19 05:00:00 am,69.7
08-Sep-19 09:00:00 am,70.5
08-Sep-19 01:00:00 pm,73.1
08-Sep-19 05:00:00 pm,72.4
08-Sep-19 09:00:00 pm,71.1
09-Sep-19 01:00:00 am,70.6
09-Sep-19 05:00:00 am,71.5
09-Sep-19 09:00:00 am,70.7
09-Sep-19 01:00:00 pm,70.5
09-Sep-19 05:00:00 pm,69.0
09-Sep-19 09:00:00 pm,69.2
10-Sep-19 01:00:00 am,68.6
10-Sep-19 05:00:00 am,70.2
10-Sep-19 09:00:00 am,70.7
10-Sep-19 01:00:00 pm,70.6
10-Sep-19 05:00:00 pm,70.1
10-Sep-19 09:00:00 pm,69.9
11-Sep-19 01:00:00 am,68.6
11-Sep-19 05:00:00 am,70.2
11-Sep-19 09:00:00 am,70.6
11-Sep-19 01:00:00 pm,70.7
11-Sep-19 05:00:00 pm,70.4
11-Sep-19 09:00:00 pm,68.5
12-Sep-19 01:00:00 am,68.9
12-Sep-19 05:00:00 am,70.2
12-Sep-19 09:00:00 am,70.6
12-Sep-19 01:00:00 pm,70.8
12-Sep-19 05:00:00 pm,71.8
12-Sep-19 09:00:00 pm,69.8
13-Sep-19 01:00:00 am,70.0
13-Sep-19 05:00:00 am,71.3
13-Sep-19 09:00:00 am,70.5
13-Sep-19 01:00:00 pm,70.6
13-Sep-19 05:00:00 pm,70.1
13-Sep-19 09:00:00 pm,69.3
14-Sep-19 01:00:00 am,69.5
14-Sep-19 05:00:00 am,69.5
14-Sep-19 09:00:00 am,70.3
14-Sep-19 01:00:00 pm,71.4
14-Sep-19 05:00:00 pm,71.0
14-Sep-19 09:00:00 pm,69.9
15-Sep-19 01:00:00 am,69.3
15-Sep-19 05:00:00 am,68.8
15-Sep-19 09:00:00 am,68.8
15-Sep-19 01:00:00 pm,69.2
15-Sep-19 05:00:00 pm,68.9
15-Sep-19 09:00:00 pm,68.1
16-Sep-19 01:00:00 am,67.3
16-Sep-19 05:00:00 am,69.5
16-Sep-19 09:00:00 am,70.1
16-Sep-19 01:00:00 pm,70.6
16-Sep-19 05:00:00 pm,68.7
16-Sep-19 09:00:00 pm,68.8
17-Sep-19 01:00:00 am,67.8
17-Sep-19 05:00:00 am,69.5
17-Sep-19 09:00:00 am,70.7
17-Sep-19 01:00:00 pm,70.4
17-Sep-19 05:00:00 pm,68.4
17-Sep-19 09:00:00 pm,68.6
18-Sep-19 01:00:00 am,67.6
18-Sep-19 05:00:00 am,69.1
18-Sep-19 09:00:00 am,70.4
18-Sep-19 01:00:00 pm,70.6
18-Sep-19 05:00:00 pm,68.7
18-Sep-19 09:00:00 pm,67.3
19-Sep-19 01:00:00 am,67.3
19-Sep-19 05:00:00 am,69.9
19-Sep-19 09:00:00 am,70.5
19-Sep-19 01:00:00 pm,70.7
19-Sep-19 05:00:00 pm,69.7
19-Sep-19 09:00:00 pm,68.4
20-Sep-19 01:00:00 am,69.7
20-Sep-19 05:00:00 am,70.3
20-Sep-19 09:00:00 am,70.8
20-Sep-19 01:00:00 pm,70.8
20-Sep-19 05:00:00 pm,69.6
20-Sep-19 09:00:00 pm,67.8
21-Sep-19 01:00:00 am,67.8
21-Sep-19 05:00:00 am,68.1
21-Sep-19 09:00:00 am,70.1
21-Sep-19 01:00:00 pm,71.5
21-Sep-19 05:00:00 pm,70.9
21-Sep-19 09:00:00 pm,69.6
22-Sep-19 01:00:00 am,69.1
22-Sep-19 05:00:00 am,68.9
22-Sep-19 09:00:00 am,69.4
22-Sep-19 01:00:00 pm,70.1
22-Sep-19 05:00:00 pm,70.3
22-Sep-19 09:00:00 pm,69.0
23-Sep-19 01:00:00 am,68.4
23-Sep-19 05:00:00 am,69.5
23-Sep-19 09:00:00 am,70.0
23-Sep-19 01:00:00 pm,70.2
23-Sep-19 05:00:00 pm,68.1
23-Sep-19 09:00:00 pm,68.6
24-Sep-19 01:00:00 am,67.9
24-Sep-19 05:00:00 am,69.4
24-Sep-19 09:00:00 am,70.0
24-Sep-19 01:00:00 pm,70.5
24-Sep-19 05:00:00 pm,69.1
24-Sep-19 09:00:00 pm,67.9
25-Sep-19 01:00:00 am,67.8
25-Sep-19 05:00:00 am,69.6
25-Sep-19 09:00:00 am,70.2
25-Sep-19 01:00:00 pm,70.7
25-Sep-19 05:00:00 pm,70.2
25-Sep-19 09:00:00 pm,68.2
26-Sep-19 01:00:00 am,68.6
26-Sep-19 05:00:00 am,70.1
26-Sep-19 09:00:00 am,70.5
26-Sep-19 01:00:00 pm,70.7
26-Sep-19 05:00:00 pm,69.0
26-Sep-19 09:00:00 pm,67.9
27-Sep-19 01:00:00 am,68.4
27-Sep-19 05:00:00 am,70.7
27-Sep-19 09:00:00 am,71.4
27-Sep-19 01:00:00 pm,70.0
27-Sep-19 05:00:00 pm,67.3
27-Sep-19 09:00:00 pm,65.8
28-Sep-19 01:00:00 am,65.3
28-Sep-19 05:00:00 am,64.1
28-Sep-19 09:00:00 am,65.2
28-Sep-19 01:00:00 pm,66.7
28-Sep-19 05:00:00 pm,65.4
28-Sep-19 09:00:00 pm,63.9
29-Sep-19 01:00:00 am,63.0
29-Sep-19 05:00:00 am,62.5
29-Sep-19 09:00:00 am,63.8
29-Sep-19 01:00:00 pm,64.6
29-Sep-19 05:00:00 pm,63.6
29-Sep-19 09:00:00 pm,62.6
30-Sep-19 01:00:00 am,62.0
30-Sep-19 05:00:00 am,65.8
30-Sep-19 09:00:00 am,66.9
30-Sep-19 01:00:00 pm,68.0
30-Sep-19 05:00:00 pm,65.8
30-Sep-19 09:00:00 pm,66.0
01-Oct-19 01:00:00 am,64.4
01-Oct-19 05:00:00 am,67.0
01-Oct-19 09:00:00 am,67.9
01-Oct-19 01:00:00 pm,69.1
01-Oct-19 05:00:00 pm,67.1
01-Oct-19 09:00:00 pm,67.4
02-Oct-19 01:00:00 am,65.0
02-Oct-19 05:00:00 am,67.9
02-Oct-19 09:00:00 am,69.8
02-Oct-19 01:00:00 pm,69.8
02-Oct-19 05:00:00 pm,67.3
02-Oct-19 09:00:00 pm,69.1
03-Oct-19 01:00:00 am,67.0
03-Oct-19 05:00:00 am,68.8
03-Oct-19 09:00:00 am,70.3
03-Oct-19 01:00:00 pm,69.9
03-Oct-19 05:00:00 pm,67.4
03-Oct-19 09:00:00 pm,67.3
04-Oct-19 01:00:00 am,66.2
04-Oct-19 05:00:00 am,69.0
04-Oct-19 09:00:00 am,70.6
04-Oct-19 01:00:00 pm,69.9
04-Oct-19 05:00:00 pm,67.7
04-Oct-19 09:00:00 pm,66.5
05-Oct-19 01:00:00 am,66.1
05-Oct-19 05:00:00 am,65.9
05-Oct-19 09:00:00 am,68.0
05-Oct-19 01:00:00 pm,69.2
05-Oct-19 05:00:00 pm,67.6
05-Oct-19 09:00:00 pm,65.4
06-Oct-19 01:00:00 am,64.0
06-Oct-19 05:00:00 am,63.8
06-Oct-19 09:00:00 am,64.7
06-Oct-19 01:00:00 pm,67.8
06-Oct-19 05:00:00 pm,66.0
06-Oct-19 09:00:00 pm,64.2
07-Oct-19 01:00:00 am,63.8
07-Oct-19 05:00:00 am,68.3
07-Oct-19 09:00:00 am,70.2
07-Oct-19 01:00:00 pm,70.9
07-Oct-19 05:00:00 pm,69.1
07-Oct-19 09:00:00 pm,67.7
08-Oct-19 01:00:00 am,65.7
08-Oct-19 05:00:00 am,68.7
08-Oct-19 09:00:00 am,70.1
08-Oct-19 01:00:00 pm,70.4
08-Oct-19 05:00:00 pm,66.2
08-Oct-19 09:00:00 pm,64.4
09-Oct-19 01:00:00 am,62.5
09-Oct-19 05:00:00 am,67.2
09-Oct-19 09:00:00 am,69.0
09-Oct-19 01:00:00 pm,68.9
09-Oct-19 05:00:00 pm,66.4
09-Oct-19 09:00:00 pm,63.3
10-Oct-19 01:00:00 am,61.6
10-Oct-19 05:00:00 am,66.8
10-Oct-19 09:00:00 am,68.7
10-Oct-19 01:00:00 pm,68.3
10-Oct-19 05:00:00 pm,66.1
10-Oct-19 09:00:00 pm,63.8
11-Oct-19 01:00:00 am,62.3
11-Oct-19 05:00:00 am,67.2
11-Oct-19 09:00:00 am,68.8
11-Oct-19 01:00:00 pm,69.3
11-Oct-19 05:00:00 pm,66.9
11-Oct-19 09:00:00 pm,63.9
12-Oct-19 01:00:00 am,62.6
12-Oct-19 05:00:00 am,61.7
12-Oct-19 09:00:00 am,63.0
12-Oct-19 01:00:00 pm,65.5
12-Oct-19 05:00:00 pm,64.7
12-Oct-19 09:00:00 pm,63.5
13-Oct-19 01:00:00 am,63.1
13-Oct-19 05:00:00 am,62.8
13-Oct-19 09:00:00 am,64.1
13-Oct-19 01:00:00 pm,65.3
13-Oct-19 05:00:00 pm,64.1
13-Oct-19 09:00:00 pm,62.9
14-Oct-19 01:00:00 am,62.6
14-Oct-19 05:00:00 am,67.4
14-Oct-19 09:00:00 am,69.7
14-Oct-19 01:00:00 pm,69.5
14-Oct-19 05:00:00 pm,67.1
14-Oct-19 09:00:00 pm,65.3
15-Oct-19 01:00:00 am,64.3
15-Oct-19 05:00:00 am,68.0
15-Oct-19 09:00:00 am,68.8
15-Oct-19 01:00:00 pm,68.9
15-Oct-19 05:00:00 pm,67.0
15-Oct-19 09:00:00 pm,65.8
16-Oct-19 01:00:00 am,65.1
16-Oct-19 05:00:00 am,68.4
16-Oct-19 09:00:00 am,69.3
16-Oct-19 01:00:00 pm,69.3
16-Oct-19 05:00:00 pm,67.3
16-Oct-19 09:00:00 pm,66.5
17-Oct-19 01:00:00 am,65.1
17-Oct-19 05:00:00 am,68.4
17-Oct-19 09:00:00 am,69.6
17-Oct-19 01:00:00 pm,69.3
17-Oct-19 05:00:00 pm,66.2
17-Oct-19 09:00:00 pm,65.8
18-Oct-19 01:00:00 am,64.8
18-Oct-19 05:00:00 am,68.4
18-Oct-19 09:00:00 am,70.2
18-Oct-19 01:00:00 pm,70.6
18-Oct-19 05:00:00 pm,67.3
18-Oct-19 09:00:00 pm,64.4
19-Oct-19 01:00:00 am,63.6
19-Oct-19 05:00:00 am,62.6
19-Oct-19 09:00:00 am,62.3
19-Oct-19 01:00:00 pm,62.7
19-Oct-19 05:00:00 pm,61.9
19-Oct-19 09:00:00 pm,61.1
20-Oct-19 01:00:00 am,61.0
20-Oct-19 05:00:00 am,61.1
20-Oct-19 09:00:00 am,61.5
20-Oct-19 01:00:00 pm,62.0
20-Oct-19 05:00:00 pm,63.0
20-Oct-19 09:00:00 pm,62.0
21-Oct-19 01:00:00 am,62.6
21-Oct-19 05:00:00 am,67.7
21-Oct-19 09:00:00 am,70.0
21-Oct-19 01:00:00 pm,70.7
21-Oct-19 05:00:00 pm,67.3
21-Oct-19 09:00:00 pm,66.8
22-Oct-19 01:00:00 am,66.3
22-Oct-19 05:00:00 am,69.3
22-Oct-19 09:00:00 am,71.0
22-Oct-19 01:00:00 pm,71.1
22-Oct-19 05:00:00 pm,67.1
22-Oct-19 09:00:00 pm,65.7
23-Oct-19 01:00:00 am,64.0
23-Oct-19 05:00:00 am,68.0
23-Oct-19 09:00:00 am,69.7
23-Oct-19 01:00:00 pm,69.0
23-Oct-19 05:00:00 pm,66.5
23-Oct-19 09:00:00 pm,65.0
24-Oct-19 01:00:00 am,63.4
24-Oct-19 05:00:00 am,67.9
24-Oct-19 09:00:00 am,70.2
24-Oct-19 01:00:00 pm,69.6
24-Oct-19 05:00:00 pm,67.3
24-Oct-19 09:00:00 pm,67.0
25-Oct-19 01:00:00 am,65.4
25-Oct-19 05:00:00 am,68.7
25-Oct-19 09:00:00 am,70.6
25-Oct-19 01:00:00 pm,71.0
25-Oct-19 05:00:00 pm,66.8
25-Oct-19 09:00:00 pm,64.8
26-Oct-19 01:00:00 am,63.9
26-Oct-19 05:00:00 am,62.4
26-Oct-19 09:00:00 am,62.9
26-Oct-19 01:00:00 pm,63.8
26-Oct-19 05:00:00 pm,62.4
26-Oct-19 09:00:00 pm,60.9
27-Oct-19 01:00:00 am,61.2
27-Oct-19 05:00:00 am,61.1
27-Oct-19 09:00:00 am,61.3
27-Oct-19 01:00:00 pm,63.0
27-Oct-19 05:00:00 pm,61.4
27-Oct-19 09:00:00 pm,60.9
28-Oct-19 01:00:00 am,61.5
28-Oct-19 05:00:00 am,66.7
28-Oct-19 09:00:00 am,68.9
28-Oct-19 01:00:00 pm,68.7
28-Oct-19 05:00:00 pm,65.7
28-Oct-19 09:00:00 pm,63.6
29-Oct-19 01:00:00 am,61.6
29-Oct-19 05:00:00 am,66.9
29-Oct-19 09:00:00 am,68.9
29-Oct-19 01:00:00 pm,68.3
29-Oct-19 05:00:00 pm,64.9
29-Oct-19 09:00:00 pm,62.0
30-Oct-19 01:00:00 am,60.9
30-Oct-19 05:00:00 am,66.5
30-Oct-19 09:00:00 am,68.5
30-Oct-19 01:00:00 pm,68.9
30-Oct-19 05:00:00 pm,65.4
30-Oct-19 09:00:00 pm,63.1
31-Oct-19 01:00:00 am,61.2
31-Oct-19 05:00:00 am,67.3
31-Oct-19 09:00:00 am,69.3
31-Oct-19 01:00:00 pm,69.4
31-Oct-19 05:00:00 pm,66.6
31-Oct-19 09:00:00 pm,62.4
01-Nov-19 01:00:00 am,61.7
01-Nov-19 05:00:00 am,67.3
01-Nov-19 09:00:00 am,69.2
01-Nov-19 01:00:00 pm,68.7
01-Nov-19 05:00:00 pm,65.5
01-Nov-19 09:00:00 pm,63.2
02-Nov-19 01:00:00 am,61.3
02-Nov-19 05:00:00 am,60.2
02-Nov-19 09:00:00 am,61.3
02-Nov-19 01:00:00 pm,64.3
02-Nov-19 05:00:00 pm,62.9
02-Nov-19 09:00:00 pm,61.1
03-Nov-19 01:00:00 am,60.6
03-Nov-19 04:00:00 am,60.7
03-Nov-19 08:00:00 am,60.9
03-Nov-19 12:00:00 pm,63.5
03-Nov-19 04:00:00 pm,62.6
03-Nov-19 08:00:00 pm,61.5
04-Nov-19 12:00:00 am,61.6
04-Nov-19 04:00:00 am,66.0
04-Nov-19 08:00:00 am,69.2
04-Nov-19 12:00:00 pm,70.4
04-Nov-19 04:00:00 pm,67.6
04-Nov-19 08:00:00 pm,64.8
05-Nov-19 12:00:00 am,62.6
05-Nov-19 04:00:00 am,66.5
05-Nov-19 08:00:00 am,69.5
05-Nov-19 12:00:00 pm,69.8
05-Nov-19 04:00:00 pm,67.4
05-Nov-19 08:00:00 pm,64.7
06-Nov-19 12:00:00 am,63.2
06-Nov-19 04:00:00 am,67.0
06-Nov-19 08:00:00 am,69.9
06-Nov-19 12:00:00 pm,69.8
06-Nov-19 04:00:00 pm,67.4
06-Nov-19 08:00:00 pm,65.0
07-Nov-19 12:00:00 am,62.8
07-Nov-19 04:00:00 am,66.3
07-Nov-19 08:00:00 am,69.2
07-Nov-19 12:00:00 pm,69.7
07-Nov-19 04:00:00 pm,67.0
07-Nov-19 08:00:00 pm,63.8
08-Nov-19 12:00:00 am,62.6
08-Nov-19 04:00:00 am,66.4
08-Nov-19 08:00:00 am,69.2
08-Nov-19 12:00:00 pm,69.7
08-Nov-19 04:00:00 pm,67.3
08-Nov-19 08:00:00 pm,64.2
09-Nov-19 12:00:00 am,63.9
09-Nov-19 04:00:00 am,63.4
09-Nov-19 08:00:00 am,62.8
09-Nov-19 12:00:00 pm,63.1
09-Nov-19 04:00:00 pm,62.7
09-Nov-19 08:00:00 pm,62.5
10-Nov-19 12:00:00 am,62.4
10-Nov-19 04:00:00 am,62.4
10-Nov-19 08:00:00 am,62.8
10-Nov-19 12:00:00 pm,63.2
10-Nov-19 04:00:00 pm,63.4
10-Nov-19 08:00:00 pm,62.3
11-Nov-19 12:00:00 am,62.1
11-Nov-19 04:00:00 am,66.3
11-Nov-19 08:00:00 am,69.1
11-Nov-19 12:00:00 pm,69.0
11-Nov-19 04:00:00 pm,67.0
11-Nov-19 08:00:00 pm,65.5
12-Nov-19 12:00:00 am,64.5
12-Nov-19 04:00:00 am,67.4
12-Nov-19 08:00:00 am,69.6
12-Nov-19 12:00:00 pm,70.3
12-Nov-19 04:00:00 pm,67.4
12-Nov-19 08:00:00 pm,65.6
13-Nov-19 12:00:00 am,65.0
13-Nov-19 04:00:00 am,67.5
13-Nov-19 08:00:00 am,69.7
13-Nov-19 12:00:00 pm,70.0
13-Nov-19 04:00:00 pm,67.3
13-Nov-19 08:00:00 pm,65.0
14-Nov-19 12:00:00 am,63.9
14-Nov-19 04:00:00 am,66.8
14-Nov-19 08:00:00 am,69.5
14-Nov-19 12:00:00 pm,70.3
14-Nov-19 04:00:00 pm,68.1
14-Nov-19 08:00:00 pm,65.2
15-Nov-19 12:00:00 am,63.9
15-Nov-19 04:00:00 am,67.4
15-Nov-19 08:00:00 am,69.8
15-Nov-19 12:00:00 pm,70.2
15-Nov-19 04:00:00 pm,67.8
15-Nov-19 08:00:00 pm,65.2
16-Nov-19 12:00:00 am,64.5
16-Nov-19 04:00:00 am,63.7
16-Nov-19 08:00:00 am,63.7
16-Nov-19 12:00:00 pm,63.9
16-Nov-19 04:00:00 pm,62.9
16-Nov-19 08:00:00 pm,63.4
17-Nov-19 12:00:00 am,62.1
17-Nov-19 04:00:00 am,62.2
17-Nov-19 08:00:00 am,62.5
17-Nov-19 12:00:00 pm,63.4
17-Nov-19 04:00:00 pm,63.3
17-Nov-19 08:00:00 pm,63.0
18-Nov-19 12:00:00 am,63.1
18-Nov-19 04:00:00 am,66.5
18-Nov-19 08:00:00 am,69.1
18-Nov-19 12:00:00 pm,69.8
18-Nov-19 04:00:00 pm,68.5
18-Nov-19 08:00:00 pm,64.5
19-Nov-19 12:00:00 am,64.3
19-Nov-19 04:00:00 am,67.4
19-Nov-19 08:00:00 am,69.5
19-Nov-19 12:00:00 pm,70.2
19-Nov-19 04:00:00 pm,68.6
19-Nov-19 08:00:00 pm,63.9
20-Nov-19 12:00:00 am,62.2
20-Nov-19 04:00:00 am,66.2
20-Nov-19 08:00:00 am,68.9
20-Nov-19 12:00:00 pm,69.0
20-Nov-19 04:00:00 pm,66.8
20-Nov-19 08:00:00 pm,63.1
21-Nov-19 12:00:00 am,60.7
21-Nov-19 04:00:00 am,65.6
21-Nov-19 08:00:00 am,68.5
21-Nov-19 12:00:00 pm,68.3
21-Nov-19 04:00:00 pm,66.3
21-Nov-19 08:00:00 pm,61.4
22-Nov-19 12:00:00 am,61.5
22-Nov-19 04:00:00 am,65.7
22-Nov-19 08:00:00 am,69.0
22-Nov-19 12:00:00 pm,69.2
22-Nov-19 04:00:00 pm,67.5
22-Nov-19 08:00:00 pm,62.0
23-Nov-19 12:00:00 am,60.0
23-Nov-19 04:00:00 am,59.3
23-Nov-19 08:00:00 am,59.0
23-Nov-19 12:00:00 pm,60.2
23-Nov-19 04:00:00 pm,60.3
23-Nov-19 08:00:00 pm,61.4
24-Nov-19 12:00:00 am,62.1
24-Nov-19 04:00:00 am,61.6
24-Nov-19 08:00:00 am,61.1
24-Nov-19 12:00:00 pm,63.1
24-Nov-19 04:00:00 pm,61.4
24-Nov-19 08:00:00 pm,61.8
25-Nov-19 12:00:00 am,61.6
25-Nov-19 04:00:00 am,65.8
25-Nov-19 08:00:00 am,68.8
25-Nov-19 12:00:00 pm,68.0
25-Nov-19 04:00:00 pm,67.3
25-Nov-19 08:00:00 pm,61.9
26-Nov-19 12:00:00 am,60.5
26-Nov-19 04:00:00 am,65.5
26-Nov-19 08:00:00 am,67.7
26-Nov-19 12:00:00 pm,67.9
26-Nov-19 04:00:00 pm,67.1
26-Nov-19 08:00:00 pm,61.3
27-Nov-19 12:00:00 am,59.9
27-Nov-19 04:00:00 am,65.1
27-Nov-19 08:00:00 am,68.3
27-Nov-19 12:00:00 pm,68.1
27-Nov-19 04:00:00 pm,65.8
27-Nov-19 08:00:00 pm,59.9
28-Nov-19 12:00:00 am,58.4
28-Nov-19 04:00:00 am,64.7
28-Nov-19 08:00:00 am,67.5
28-Nov-19 12:00:00 pm,67.4
28-Nov-19 04:00:00 pm,65.9
28-Nov-19 08:00:00 pm,60.4
29-Nov-19 12:00:00 am,60.5
29-Nov-19 04:00:00 am,64.6
29-Nov-19 08:00:00 am,67.3
29-Nov-19 12:00:00 pm,67.3
29-Nov-19 04:00:00 pm,65.8
29-Nov-19 08:00:00 pm,61.6
30-Nov-19 12:00:00 am,60.7
30-Nov-19 04:00:00 am,61.5
30-Nov-19 08:00:00 am,61.7
30-Nov-19 12:00:00 pm,60.4
30-Nov-19 04:00:00 pm,59.2
30-Nov-19 08:00:00 pm,60.0
01-Dec-19 12:00:00 am,61.4
01-Dec-19 04:00:00 am,61.4
01-Dec-19 08:00:00 am,60.9
01-Dec-19 12:00:00 pm,60.6
01-Dec-19 04:00:00 pm,60.0
01-Dec-19 08:00:00 pm,60.5
02-Dec-19 12:00:00 am,60.6
02-Dec-19 04:00:00 am,65.5
02-Dec-19 08:00:00 am,69.0
02-Dec-19 12:00:00 pm,69.4
02-Dec-19 04:00:00 pm,66.3
02-Dec-19 08:00:00 pm,62.7
03-Dec-19 12:00:00 am,62.0
03-Dec-19 04:00:00 am,66.6
03-Dec-19 08:00:00 am,69.6
03-Dec-19 12:00:00 pm,70.3
03-Dec-19 04:00:00 pm,67.3
03-Dec-19 08:00:00 pm,65.2
04-Dec-19 12:00:00 am,64.4
04-Dec-19 04:00:00 am,67.7
04-Dec-19 08:00:00 am,69.9
04-Dec-19 12:00:00 pm,70.1
04-Dec-19 04:00:00 pm,68.7
04-Dec-19 08:00:00 pm,65.3
05-Dec-19 12:00:00 am,64.1
05-Dec-19 04:00:00 am,67.2
05-Dec-19 08:00:00 am,69.6
05-Dec-19 12:00:00 pm,70.1
05-Dec-19 04:00:00 pm,68.7
05-Dec-19 08:00:00 pm,65.1
06-Dec-19 12:00:00 am,63.5
06-Dec-19 04:00:00 am,66.8
06-Dec-19 08:00:00 am,68.5
06-Dec-19 12:00:00 pm,69.5
06-Dec-19 04:00:00 pm,68.3
06-Dec-19 08:00:00 pm,64.5
07-Dec-19 12:00:00 am,64.1
07-Dec-19 04:00:00 am,62.1
07-Dec-19 08:00:00 am,61.4
07-Dec-19 12:00:00 pm,61.6
07-Dec-19 04:00:00 pm,61.9
07-Dec-19 08:00:00 pm,62.7
08-Dec-19 12:00:00 am,61.9
08-Dec-19 04:00:00 am,61.9
08-Dec-19 08:00:00 am,63.3
08-Dec-19 12:00:00 pm,62.8
08-Dec-19 04:00:00 pm,62.1
08-Dec-19 08:00:00 pm,62.1
09-Dec-19 12:00:00 am,62.4
09-Dec-19 04:00:00 am,66.1
09-Dec-19 08:00:00 am,69.0
09-Dec-19 12:00:00 pm,69.6
09-Dec-19 04:00:00 pm,67.8
09-Dec-19 08:00:00 pm,64.2
10-Dec-19 12:00:00 am,61.8
10-Dec-19 04:00:00 am,66.1
10-Dec-19 08:00:00 am,68.8
10-Dec-19 12:00:00 pm,69.4
10-Dec-19 04:00:00 pm,67.7
10-Dec-19 08:00:00 pm,64.6
11-Dec-19 12:00:00 am,62.9
11-Dec-19 04:00:00 am,66.8
11-Dec-19 08:00:00 am,69.4
11-Dec-19 12:00:00 pm,69.9
11-Dec-19 04:00:00 pm,68.5
11-Dec-19 08:00:00 pm,64.7
12-Dec-19 12:00:00 am,63.3
12-Dec-19 04:00:00 am,67.1
12-Dec-19 08:00:00 am,69.5
12-Dec-19 12:00:00 pm,68.6
12-Dec-19 04:00:00 pm,67.4
12-Dec-19 08:00:00 pm,64.8
13-Dec-19 12:00:00 am,62.7
13-Dec-19 04:00:00 am,66.7
13-Dec-19 08:00:00 am,69.5
13-Dec-19 12:00:00 pm,70.1
13-Dec-19 04:00:00 pm,68.2
13-Dec-19 08:00:00 pm,63.9
14-Dec-19 12:00:00 am,61.9
14-Dec-19 04:00:00 am,60.9
14-Dec-19 08:00:00 am,60.4
14-Dec-19 12:00:00 pm,60.3
14-Dec-19 04:00:00 pm,61.4
14-Dec-19 08:00:00 pm,59.9
15-Dec-19 12:00:00 am,59.3
15-Dec-19 04:00:00 am,59.9
15-Dec-19 08:00:00 am,59.5
15-Dec-19 12:00:00 pm,58.7
15-Dec-19 04:00:00 pm,60.3
15-Dec-19 08:00:00 pm,61.0
16-Dec-19 12:00:00 am,60.7
16-Dec-19 04:00:00 am,65.0
16-Dec-19 08:00:00 am,68.3
16-Dec-19 12:00:00 pm,68.4
16-Dec-19 04:00:00 pm,67.5
16-Dec-19 08:00:00 pm,63.9
17-Dec-19 12:00:00 am,60.7
17-Dec-19 04:00:00 am,65.6
17-Dec-19 08:00:00 am,68.6
17-Dec-19 12:00:00 pm,69.2
17-Dec-19 04:00:00 pm,67.7
17-Dec-19 08:00:00 pm,64.1
18-Dec-19 12:00:00 am,61.4
18-Dec-19 04:00:00 am,65.8
18-Dec-19 08:00:00 am,68.7
18-Dec-19 12:00:00 pm,69.2
18-Dec-19 04:00:00 pm,67.6
18-Dec-19 08:00:00 pm,64.2
19-Dec-19 12:00:00 am,61.6
19-Dec-19 04:00:00 am,66.1
19-Dec-19 08:00:00 am,69.3
19-Dec-19 12:00:00 pm,69.0
19-Dec-19 04:00:00 pm,67.6
19-Dec-19 08:00:00 pm,64.7
20-Dec-19 12:00:00 am,63.7
20-Dec-19 04:00:00 am,67.1
20-Dec-19 08:00:00 am,69.4
20-Dec-19 12:00:00 pm,70.0
20-Dec-19 04:00:00 pm,68.1
20-Dec-19 08:00:00 pm,64.2
21-Dec-19 12:00:00 am,63.2
21-Dec-19 04:00:00 am,61.7
21-Dec-19 08:00:00 am,60.6
21-Dec-19 12:00:00 pm,60.3
21-Dec-19 04:00:00 pm,59.6
21-Dec-19 08:00:00 pm,59.2
22-Dec-19 12:00:00 am,59.1
22-Dec-19 04:00:00 am,59.7
22-Dec-19 08:00:00 am,59.4
22-Dec-19 12:00:00 pm,60.1
22-Dec-19 04:00:00 pm,60.7
22-Dec-19 08:00:00 pm,60.5
23-Dec-19 12:00:00 am,60.5
23-Dec-19 04:00:00 am,65.1
23-Dec-19 08:00:00 am,68.3
23-Dec-19 12:00:00 pm,69.0
23-Dec-19 04:00:00 pm,67.3
23-Dec-19 08:00:00 pm,63.2
24-Dec-19 12:00:00 am,60.3
24-Dec-19 04:00:00 am,65.2
24-Dec-19 08:00:00 am,68.0
24-Dec-19 12:00:00 pm,68.3
24-Dec-19 04:00:00 pm,67.1
24-Dec-19 08:00:00 pm,62.3
25-Dec-19 12:00:00 am,59.7
25-Dec-19 04:00:00 am,65.1
25-Dec-19 08:00:00 am,67.8
25-Dec-19 12:00:00 pm,68.2
25-Dec-19 04:00:00 pm,66.5
25-Dec-19 08:00:00 pm,60.6
26-Dec-19 12:00:00 am,60.4
26-Dec-19 04:00:00 am,64.6
26-Dec-19 08:00:00 am,67.6
26-Dec-19 12:00:00 pm,68.2
26-Dec-19 04:00:00 pm,66.3
26-Dec-19 08:00:00 pm,61.7
27-Dec-19 12:00:00 am,59.4
27-Dec-19 04:00:00 am,65.2
27-Dec-19 08:00:00 am,68.4
27-Dec-19 12:00:00 pm,68.8
27-Dec-19 04:00:00 pm,66.9
27-Dec-19 08:00:00 pm,61.8
28-Dec-19 12:00:00 am,60.0
28-Dec-19 04:00:00 am,59.1
28-Dec-19 08:00:00 am,59.0
28-Dec-19 12:00:00 pm,60.1
28-Dec-19 04:00:00 pm,61.3
28-Dec-19 08:00:00 pm,60.7
29-Dec-19 12:00:00 am,60.6
29-Dec-19 04:00:00 am,60.4
29-Dec-19 08:00:00 am,60.5
29-Dec-19 12:00:00 pm,61.5
29-Dec-19 04:00:00 pm,60.9
29-Dec-19 08:00:00 pm,60.7
30-Dec-19 12:00:00 am,60.2
30-Dec-19 04:00:00 am,65.5
30-Dec-19 08:00:00 am,68.6
30-Dec-19 12:00:00 pm,69.4
30-Dec-19 04:00:00 pm,67.5
30-Dec-19 08:00:00 pm,64.5
31-Dec-19 12:00:00 am,62.0
31-Dec-19 04:00:00 am,66.3
31-Dec-19 08:00:00 am,68.8
31-Dec-19 12:00:00 pm,69.3
31-Dec-19 04:00:00 pm,66.6
31-Dec-19 08:00:00 pm,64.6