Timestamp,RTU_1 OutdoorTemp(°F)
01-Jan-19 12:00:00 am,36.0
01-Jan-19 04:00:00 am,37.1
01-Jan-19 08:00:00 am,39.1
01-Jan-19 12:00:00 pm,43.7
01-Jan-19 04:00:00 pm,39.9
01-Jan-19 08:00:00 pm,36.5
02-Jan-19 12:00:00 am,38.5
02-Jan-19 04:00:00 am,37.4
02-Jan-19 08:00:00 am,40.5
02-Jan-19 12:00:00 pm,44.9
02-Jan-19 04:00:00 pm,47.9
02-Jan-19 08:00:00 pm,50.8
03-Jan-19 12:00:00 am,45.6
03-Jan-19 04:00:00 am,46.0
03-Jan-19 08:00:00 am,50.5
03-Jan-19 12:00:00 pm,52.5
03-Jan-19 04:00:00 pm,52.4
03-Jan-19 08:00:00 pm,55.1
04-Jan-19 12:00:00 am,49.7
04-Jan-19 04:00:00 am,49.8
04-Jan-19 08:00:00 am,51.4
04-Jan-19 12:00:00 pm,52.5
04-Jan-19 04:00:00 pm,50.0
04-Jan-19 08:00:00 pm,47.4
05-Jan-19 12:00:00 am,46.0
05-Jan-19 04:00:00 am,43.3
05-Jan-19 08:00:00 am,45.5
05-Jan-19 12:00:00 pm,51.8
05-Jan-19 04:00:00 pm,49.0
05-Jan-19 08:00:00 pm,47.6
06-Jan-19 12:00:00 am,46.2
06-Jan-19 04:00:00 am,43.9
06-Jan-19 08:00:00 am,45.8
06-Jan-19 12:00:00 pm,49.4
06-Jan-19 04:00:00 pm,45.9
06-Jan-19 08:00:00 pm,39.7
07-Jan-19 12:00:00 am,40.8
07-Jan-19 04:00:00 am,41.4
07-Jan-19 08:00:00 am,42.3
07-Jan-19 12:00:00 pm,46.6
07-Jan-19 04:00:00 pm,40.1
07-Jan-19 08:00:00 pm,41.4
08-Jan-19 12:00:00 am,37.5
08-Jan-19 04:00:00 am,42.0
08-Jan-19 08:00:00 am,44.6
08-Jan-19 12:00:00 pm,46.1
08-Jan-19 04:00:00 pm,44.6
08-Jan-19 08:00:00 pm,47.7
09-Jan-19 12:00:00 am,45.1
09-Jan-19 04:00:00 am,45.6
09-Jan-19 08:00:00 am,47.5
09-Jan-19 12:00:00 pm,49.0
09-Jan-19 04:00:00 pm,50.6
09-Jan-19 08:00:00 pm,53.6
10-Jan-19 12:00:00 am,50.6
10-Jan-19 04:00:00 am,50.2
10-Jan-19 08:00:00 am,51.0
10-Jan-19 12:00:00 pm,53.6
10-Jan-19 04:00:00 pm,50.7
10-Jan-19 08:00:00 pm,50.1
11-Jan-19 12:00:00 am,45.1
11-Jan-19 04:00:00 am,44.4
11-Jan-19 08:00:00 am,47.3
11-Jan-19 12:00:00 pm,54.2
11-Jan-19 04:00:00 pm,50.8
11-Jan-19 08:00:00 pm,46.7
12-Jan-19 12:00:00 am,43.2
12-Jan-19 04:00:00 am,43.5
12-Jan-19 08:00:00 am,43.9
12-Jan-19 12:00:00 pm,58.2
12-Jan-19 04:00:00 pm,49.7
12-Jan-19 08:00:00 pm,42.7
13-Jan-19 12:00:00 am,39.5
13-Jan-19 04:00:00 am,36.8
13-Jan-19 08:00:00 am,43.0
13-Jan-19 12:00:00 pm,59.4
13-Jan-19 04:00:00 pm,49.7
13-Jan-19 08:00:00 pm,40.0
14-Jan-19 12:00:00 am,36.6
14-Jan-19 04:00:00 am,36.2
14-Jan-19 08:00:00 am,42.3
14-Jan-19 12:00:00 pm,54.1
14-Jan-19 04:00:00 pm,45.6
14-Jan-19 08:00:00 pm,42.2
15-Jan-19 12:00:00 am,37.9
15-Jan-19 04:00:00 am,36.1
15-Jan-19 08:00:00 am,39.2
15-Jan-19 12:00:00 pm,47.6
15-Jan-19 04:00:00 pm,44.7
15-Jan-19 08:00:00 pm,43.1
16-Jan-19 12:00:00 am,37.7
16-Jan-19 04:00:00 am,36.3
16-Jan-19 08:00:00 am,41.8
16-Jan-19 12:00:00 pm,51.4
16-Jan-19 04:00:00 pm,52.8
16-Jan-19 08:00:00 pm,55.7
17-Jan-19 12:00:00 am,51.2
17-Jan-19 04:00:00 am,49.6
17-Jan-19 08:00:00 am,49.8
17-Jan-19 12:00:00 pm,56.0
17-Jan-19 04:00:00 pm,54.4
17-Jan-19 08:00:00 pm,53.6
18-Jan-19 12:00:00 am,50.4
18-Jan-19 04:00:00 am,48.2
18-Jan-19 08:00:00 am,50.3
18-Jan-19 12:00:00 pm,53.5
18-Jan-19 04:00:00 pm,49.7
18-Jan-19 08:00:00 pm,47.4
19-Jan-19 12:00:00 am,50.0
19-Jan-19 04:00:00 am,49.2
19-Jan-19 08:00:00 am,52.2
19-Jan-19 12:00:00 pm,52.5
19-Jan-19 04:00:00 pm,48.5
19-Jan-19 08:00:00 pm,43.8
20-Jan-19 12:00:00 am,41.8
20-Jan-19 04:00:00 am,40.7
20-Jan-19 08:00:00 am,43.9
20-Jan-19 12:00:00 pm,48.8
20-Jan-19 04:00:00 pm,44.8
20-Jan-19 08:00:00 pm,38.8
21-Jan-19 12:00:00 am,38.9
21-Jan-19 04:00:00 am,40.6
21-Jan-19 08:00:00 am,43.2
21-Jan-19 12:00:00 pm,48.0
21-Jan-19 04:00:00 pm,42.4
21-Jan-19 08:00:00 pm,41.1
22-Jan-19 12:00:00 am,44.0
22-Jan-19 04:00:00 am,46.4
22-Jan-19 08:00:00 am,47.9
22-Jan-19 12:00:00 pm,45.6
22-Jan-19 04:00:00 pm,46.5
22-Jan-19 08:00:00 pm,51.5
23-Jan-19 12:00:00 am,51.0
23-Jan-19 04:00:00 am,51.7
23-Jan-19 08:00:00 am,47.6
23-Jan-19 12:00:00 pm,49.7
23-Jan-19 04:00:00 pm,47.5
23-Jan-19 08:00:00 pm,47.1
24-Jan-19 12:00:00 am,46.9
24-Jan-19 04:00:00 am,46.5
24-Jan-19 08:00:00 am,46.2
24-Jan-19 12:00:00 pm,49.3
24-Jan-19 04:00:00 pm,45.6
24-Jan-19 08:00:00 pm,46.8
25-Jan-19 12:00:00 am,44.3
25-Jan-19 04:00:00 am,42.6
25-Jan-19 08:00:00 am,44.0
25-Jan-19 12:00:00 pm,50.9
25-Jan-19 04:00:00 pm,45.4
25-Jan-19 08:00:00 pm,44.4
26-Jan-19 12:00:00 am,38.4
26-Jan-19 04:00:00 am,36.3
26-Jan-19 08:00:00 am,42.3
26-Jan-19 12:00:00 pm,56.4
26-Jan-19 04:00:00 pm,47.8
26-Jan-19 08:00:00 pm,42.9
27-Jan-19 12:00:00 am,38.8
27-Jan-19 04:00:00 am,39.2
27-Jan-19 08:00:00 am,44.7
27-Jan-19 12:00:00 pm,44.1
27-Jan-19 04:00:00 pm,44.1
27-Jan-19 08:00:00 pm,44.1
28-Jan-19 12:00:00 am,43.6
28-Jan-19 04:00:00 am,39.8
28-Jan-19 08:00:00 am,41.5
28-Jan-19 12:00:00 pm,51.9
28-Jan-19 04:00:00 pm,46.5
28-Jan-19 08:00:00 pm,44.5
29-Jan-19 12:00:00 am,37.9
29-Jan-19 04:00:00 am,36.0
29-Jan-19 08:00:00 am,41.6
29-Jan-19 12:00:00 pm,54.4
29-Jan-19 04:00:00 pm,48.8
29-Jan-19 08:00:00 pm,43.0
30-Jan-19 12:00:00 am,36.4
30-Jan-19 04:00:00 am,34.6
30-Jan-19 08:00:00 am,39.4
30-Jan-19 12:00:00 pm,48.5
30-Jan-19 04:00:00 pm,46.9
30-Jan-19 08:00:00 pm,47.2
31-Jan-19 12:00:00 am,42.9
31-Jan-19 04:00:00 am,40.5
31-Jan-19 08:00:00 am,46.2
31-Jan-19 12:00:00 pm,56.2
31-Jan-19 04:00:00 pm,55.0
31-Jan-19 08:00:00 pm,53.2
01-Feb-19 12:00:00 am,51.2
01-Feb-19 04:00:00 am,48.0
01-Feb-19 08:00:00 am,46.8
01-Feb-19 12:00:00 pm,49.5
01-Feb-19 04:00:00 pm,50.8
01-Feb-19 08:00:00 pm,49.5
02-Feb-19 12:00:00 am,48.7
02-Feb-19 04:00:00 am,46.6
02-Feb-19 08:00:00 am,49.9
02-Feb-19 12:00:00 pm,51.8
02-Feb-19 04:00:00 pm,46.4
02-Feb-19 08:00:00 pm,43.8
03-Feb-19 12:00:00 am,41.9
03-Feb-19 04:00:00 am,41.3
03-Feb-19 08:00:00 am,43.1
03-Feb-19 12:00:00 pm,42.5
03-Feb-19 04:00:00 pm,38.1
03-Feb-19 08:00:00 pm,34.8
04-Feb-19 12:00:00 am,33.0
04-Feb-19 04:00:00 am,29.2
04-Feb-19 08:00:00 am,27.7
04-Feb-19 12:00:00 pm,29.7
04-Feb-19 04:00:00 pm,31.6
04-Feb-19 08:00:00 pm,25.2
05-Feb-19 12:00:00 am,23.5
05-Feb-19 04:00:00 am,22.9
05-Feb-19 08:00:00 am,28.6
05-Feb-19 12:00:00 pm,36.0
05-Feb-19 04:00:00 pm,30.3
05-Feb-19 08:00:00 pm,31.3
06-Feb-19 12:00:00 am,24.6
06-Feb-19 04:00:00 am,22.8
06-Feb-19 08:00:00 am,28.8
06-Feb-19 12:00:00 pm,38.6
06-Feb-19 04:00:00 pm,33.8
06-Feb-19 08:00:00 pm,33.1
07-Feb-19 12:00:00 am,26.7
07-Feb-19 04:00:00 am,24.9
07-Feb-19 08:00:00 am,30.4
07-Feb-19 12:00:00 pm,40.4
07-Feb-19 04:00:00 pm,36.4
07-Feb-19 08:00:00 pm,36.8
08-Feb-19 12:00:00 am,35.3
08-Feb-19 04:00:00 am,34.7
08-Feb-19 08:00:00 am,36.9
08-Feb-19 12:00:00 pm,35.9
08-Feb-19 04:00:00 pm,35.0
08-Feb-19 08:00:00 pm,33.1
09-Feb-19 12:00:00 am,32.0
09-Feb-19 04:00:00 am,32.3
09-Feb-19 08:00:00 am,33.6
09-Feb-19 12:00:00 pm,35.4
09-Feb-19 04:00:00 pm,31.2
09-Feb-19 08:00:00 pm,27.6
10-Feb-19 12:00:00 am,24.9
10-Feb-19 04:00:00 am,23.3
10-Feb-19 08:00:00 am,28.8
10-Feb-19 12:00:00 pm,35.3
10-Feb-19 04:00:00 pm,35.1
10-Feb-19 08:00:00 pm,38.4
11-Feb-19 12:00:00 am,33.1
11-Feb-19 04:00:00 am,31.9
11-Feb-19 08:00:00 am,34.3
11-Feb-19 12:00:00 pm,35.5
11-Feb-19 04:00:00 pm,35.4
11-Feb-19 08:00:00 pm,40.0
12-Feb-19 12:00:00 am,36.4
12-Feb-19 04:00:00 am,36.1
12-Feb-19 08:00:00 am,37.0
12-Feb-19 12:00:00 pm,38.2
12-Feb-19 04:00:00 pm,39.9
12-Feb-19 08:00:00 pm,42.1
13-Feb-19 12:00:00 am,38.5
13-Feb-19 04:00:00 am,39.2
13-Feb-19 08:00:00 am,39.5
13-Feb-19 12:00:00 pm,40.6
13-Feb-19 04:00:00 pm,39.2
13-Feb-19 08:00:00 pm,34.7
14-Feb-19 12:00:00 am,32.2
14-Feb-19 04:00:00 am,37.6
14-Feb-19 08:00:00 am,41.9
14-Feb-19 12:00:00 pm,44.2
14-Feb-19 04:00:00 pm,41.2
14-Feb-19 08:00:00 pm,44.0
15-Feb-19 12:00:00 am,42.4
15-Feb-19 04:00:00 am,40.0
15-Feb-19 08:00:00 am,43.3
15-Feb-19 12:00:00 pm,49.4
15-Feb-19 04:00:00 pm,44.7
15-Feb-19 08:00:00 pm,39.1
16-Feb-19 12:00:00 am,37.3
16-Feb-19 04:00:00 am,37.8
16-Feb-19 08:00:00 am,41.2
16-Feb-19 12:00:00 pm,44.3
16-Feb-19 04:00:00 pm,42.4
16-Feb-19 08:00:00 pm,39.8
17-Feb-19 12:00:00 am,36.4
17-Feb-19 04:00:00 am,38.2
17-Feb-19 08:00:00 am,39.9
17-Feb-19 12:00:00 pm,45.7
17-Feb-19 04:00:00 pm,44.7
17-Feb-19 08:00:00 pm,36.4
18-Feb-19 12:00:00 am,36.7
18-Feb-19 04:00:00 am,37.7
18-Feb-19 08:00:00 am,41.5
18-Feb-19 12:00:00 pm,43.8
18-Feb-19 04:00:00 pm,44.8
18-Feb-19 08:00:00 pm,46.2
19-Feb-19 12:00:00 am,41.2
19-Feb-19 04:00:00 am,41.1
19-Feb-19 08:00:00 am,42.2
19-Feb-19 12:00:00 pm,42.4
19-Feb-19 04:00:00 pm,44.7
19-Feb-19 08:00:00 pm,45.2
20-Feb-19 12:00:00 am,40.0
20-Feb-19 04:00:00 am,36.9
20-Feb-19 08:00:00 am,40.7
20-Feb-19 12:00:00 pm,42.4
20-Feb-19 04:00:00 pm,41.4
20-Feb-19 08:00:00 pm,43.9
21-Feb-19 12:00:00 am,37.5
21-Feb-19 04:00:00 am,33.5
21-Feb-19 08:00:00 am,39.1
21-Feb-19 12:00:00 pm,47.8
21-Feb-19 04:00:00 pm,43.3
21-Feb-19 08:00:00 pm,39.5
22-Feb-19 12:00:00 am,37.4
22-Feb-19 04:00:00 am,40.1
22-Feb-19 08:00:00 am,42.6
22-Feb-19 12:00:00 pm,40.2
22-Feb-19 04:00:00 pm,40.6
22-Feb-19 08:00:00 pm,40.0
23-Feb-19 12:00:00 am,40.2
23-Feb-19 04:00:00 am,39.9
23-Feb-19 08:00:00 am,44.2
23-Feb-19 12:00:00 pm,46.2
23-Feb-19 04:00:00 pm,41.9
23-Feb-19 08:00:00 pm,39.8
24-Feb-19 12:00:00 am,38.9
24-Feb-19 04:00:00 am,38.0
24-Feb-19 08:00:00 am,42.5
24-Feb-19 12:00:00 pm,46.1
24-Feb-19 04:00:00 pm,43.6
24-Feb-19 08:00:00 pm,41.0
25-Feb-19 12:00:00 am,34.3
25-Feb-19 04:00:00 am,33.1
25-Feb-19 08:00:00 am,40.2
25-Feb-19 12:00:00 pm,46.1
25-Feb-19 04:00:00 pm,41.1
25-Feb-19 08:00:00 pm,39.8
26-Feb-19 12:00:00 am,34.5
26-Feb-19 04:00:00 am,31.9
26-Feb-19 08:00:00 am,40.0
26-Feb-19 12:00:00 pm,46.3
26-Feb-19 04:00:00 pm,38.4
26-Feb-19 08:00:00 pm,36.6
27-Feb-19 12:00:00 am,33.3
27-Feb-19 04:00:00 am,34.7
27-Feb-19 08:00:00 am,40.7
27-Feb-19 12:00:00 pm,46.1
27-Feb-19 04:00:00 pm,45.3
27-Feb-19 08:00:00 pm,42.7
28-Feb-19 12:00:00 am,34.1
28-Feb-19 04:00:00 am,31.5
28-Feb-19 08:00:00 am,40.2
28-Feb-19 12:00:00 pm,49.2
28-Feb-19 04:00:00 pm,45.5
28-Feb-19 08:00:00 pm,43.1
01-Mar-19 12:00:00 am,40.4
01-Mar-19 04:00:00 am,35.0
01-Mar-19 08:00:00 am,43.4
01-Mar-19 12:00:00 pm,50.8
01-Mar-19 04:00:00 pm,45.9
01-Mar-19 08:00:00 pm,39.7
02-Mar-19 12:00:00 am,37.6
02-Mar-19 04:00:00 am,33.8
02-Mar-19 08:00:00 am,45.5
02-Mar-19 12:00:00 pm,58.5
02-Mar-19 04:00:00 pm,47.1
02-Mar-19 08:00:00 pm,41.6
03-Mar-19 12:00:00 am,37.9
03-Mar-19 04:00:00 am,36.2
03-Mar-19 08:00:00 am,43.9
03-Mar-19 12:00:00 pm,54.3
03-Mar-19 04:00:00 pm,44.6
03-Mar-19 08:00:00 pm,36.5
04-Mar-19 12:00:00 am,34.2
04-Mar-19 04:00:00 am,32.5
04-Mar-19 08:00:00 am,40.2
04-Mar-19 12:00:00 pm,48.3
04-Mar-19 04:00:00 pm,44.0
04-Mar-19 08:00:00 pm,39.8
05-Mar-19 12:00:00 am,34.3
05-Mar-19 04:00:00 am,31.7
05-Mar-19 08:00:00 am,42.5
05-Mar-19 12:00:00 pm,50.1
05-Mar-19 04:00:00 pm,45.6
05-Mar-19 08:00:00 pm,40.9
06-Mar-19 12:00:00 am,36.1
06-Mar-19 04:00:00 am,37.9
06-Mar-19 08:00:00 am,40.7
06-Mar-19 12:00:00 pm,41.5
06-Mar-19 04:00:00 pm,38.9
06-Mar-19 08:00:00 pm,42.7
07-Mar-19 12:00:00 am,37.2
07-Mar-19 04:00:00 am,36.5
07-Mar-19 08:00:00 am,39.5
07-Mar-19 12:00:00 pm,46.7
07-Mar-19 04:00:00 pm,43.6
07-Mar-19 08:00:00 pm,44.0
08-Mar-19 12:00:00 am,40.1
08-Mar-19 04:00:00 am,36.5
08-Mar-19 08:00:00 am,37.7
08-Mar-19 12:00:00 pm,42.7
08-Mar-19 04:00:00 pm,41.0
08-Mar-19 08:00:00 pm,38.7
09-Mar-19 12:00:00 am,33.4
09-Mar-19 04:00:00 am,32.6
09-Mar-19 08:00:00 am,41.9
09-Mar-19 12:00:00 pm,56.9
09-Mar-19 04:00:00 pm,46.5
09-Mar-19 08:00:00 pm,37.2
10-Mar-19 12:00:00 am,33.3
10-Mar-19 05:00:00 am,30.8
10-Mar-19 09:00:00 am,44.2
10-Mar-19 01:00:00 pm,61.1
10-Mar-19 05:00:00 pm,50.3
10-Mar-19 09:00:00 pm,39.6
11-Mar-19 01:00:00 am,35.4
11-Mar-19 05:00:00 am,34.5
11-Mar-19 09:00:00 am,45.8
11-Mar-19 01:00:00 pm,50.9
11-Mar-19 05:00:00 pm,48.6
11-Mar-19 09:00:00 pm,46.2
12-Mar-19 01:00:00 am,41.9
12-Mar-19 05:00:00 am,39.0
12-Mar-19 09:00:00 am,41.5
12-Mar-19 01:00:00 pm,46.4
12-Mar-19 05:00:00 pm,44.2
12-Mar-19 09:00:00 pm,44.1
13-Mar-19 01:00:00 am,39.9
13-Mar-19 05:00:00 am,40.3
13-Mar-19 09:00:00 am,45.7
13-Mar-19 01:00:00 pm,51.6
13-Mar-19 05:00:00 pm,50.0
13-Mar-19 09:00:00 pm,45.1
14-Mar-19 01:00:00 am,40.7
14-Mar-19 05:00:00 am,39.9
14-Mar-19 09:00:00 am,46.1
14-Mar-19 01:00:00 pm,56.7
14-Mar-19 05:00:00 pm,51.1
14-Mar-19 09:00:00 pm,50.9
15-Mar-19 01:00:00 am,44.4
15-Mar-19 05:00:00 am,41.7
15-Mar-19 09:00:00 am,51.2
15-Mar-19 01:00:00 pm,60.6
15-Mar-19 05:00:00 pm,54.4
15-Mar-19 09:00:00 pm,46.8
16-Mar-19 01:00:00 am,43.2
16-Mar-19 05:00:00 am,41.3
16-Mar-19 09:00:00 am,55.5
16-Mar-19 01:00:00 pm,68.0
16-Mar-19 05:00:00 pm,57.8
16-Mar-19 09:00:00 pm,49.8
17-Mar-19 01:00:00 am,44.0
17-Mar-19 05:00:00 am,40.4
17-Mar-19 09:00:00 am,55.7
17-Mar-19 01:00:00 pm,70.3
17-Mar-19 05:00:00 pm,59.5
17-Mar-19 09:00:00 pm,48.8
18-Mar-19 01:00:00 am,46.7
18-Mar-19 05:00:00 am,42.4
18-Mar-19 09:00:00 am,56.8
18-Mar-19 01:00:00 pm,73.7
18-Mar-19 05:00:00 pm,67.3
18-Mar-19 09:00:00 pm,57.5
19-Mar-19 01:00:00 am,55.6
19-Mar-19 05:00:00 am,55.6
19-Mar-19 09:00:00 am,67.4
19-Mar-19 01:00:00 pm,80.7
19-Mar-19 05:00:00 pm,72.9
19-Mar-19 09:00:00 pm,65.0
20-Mar-19 01:00:00 am,53.1
20-Mar-19 05:00:00 am,48.2
20-Mar-19 09:00:00 am,63.0
20-Mar-19 01:00:00 pm,75.7
20-Mar-19 05:00:00 pm,73.2
20-Mar-19 09:00:00 pm,60.9
21-Mar-19 01:00:00 am,53.6
21-Mar-19 05:00:00 am,50.6
21-Mar-19 09:00:00 am,56.5
21-Mar-19 01:00:00 pm,62.5
21-Mar-19 05:00:00 pm,59.7
21-Mar-19 09:00:00 pm,52.0
22-Mar-19 01:00:00 am,51.1
22-Mar-19 05:00:00 am,49.8
22-Mar-19 09:00:00 am,58.0
22-Mar-19 01:00:00 pm,64.1
22-Mar-19 05:00:00 pm,56.7
22-Mar-19 09:00:00 pm,53.0
23-Mar-19 01:00:00 am,49.1
23-Mar-19 05:00:00 am,46.0
23-Mar-19 09:00:00 am,59.0
23-Mar-19 01:00:00 pm,69.6
23-Mar-19 05:00:00 pm,59.9
23-Mar-19 09:00:00 pm,49.8
24-Mar-19 01:00:00 am,46.7
24-Mar-19 05:00:00 am,46.9
24-Mar-19 09:00:00 am,55.1
24-Mar-19 01:00:00 pm,60.3
24-Mar-19 05:00:00 pm,58.0
24-Mar-19 09:00:00 pm,49.5
25-Mar-19 01:00:00 am,44.7
25-Mar-19 05:00:00 am,44.9
25-Mar-19 09:00:00 am,54.8
25-Mar-19 01:00:00 pm,61.1
25-Mar-19 05:00:00 pm,52.2
25-Mar-19 09:00:00 pm,50.2
26-Mar-19 01:00:00 am,47.1
26-Mar-19 05:00:00 am,46.0
26-Mar-19 09:00:00 am,54.6
26-Mar-19 01:00:00 pm,59.9
26-Mar-19 05:00:00 pm,56.6
26-Mar-19 09:00:00 pm,49.5
27-Mar-19 01:00:00 am,41.7
27-Mar-19 05:00:00 am,41.4
27-Mar-19 09:00:00 am,53.8
27-Mar-19 01:00:00 pm,57.7
27-Mar-19 05:00:00 pm,56.9
27-Mar-19 09:00:00 pm,54.8
28-Mar-19 01:00:00 am,48.6
28-Mar-19 05:00:00 am,46.2
28-Mar-19 09:00:00 am,55.1
28-Mar-19 01:00:00 pm,64.6
28-Mar-19 05:00:00 pm,62.6
28-Mar-19 09:00:00 pm,52.9
29-Mar-19 01:00:00 am,47.9
29-Mar-19 05:00:00 am,45.9
29-Mar-19 09:00:00 am,53.3
29-Mar-19 01:00:00 pm,61.5
29-Mar-19 05:00:00 pm,61.2
29-Mar-19 09:00:00 pm,50.8
30-Mar-19 01:00:00 am,45.3
30-Mar-19 05:00:00 am,42.8
30-Mar-19 09:00:00 am,59.0
30-Mar-19 01:00:00 pm,74.9
30-Mar-19 05:00:00 pm,62.9
30-Mar-19 09:00:00 pm,51.2
31-Mar-19 01:00:00 am,45.9
31-Mar-19 05:00:00 am,43.4
31-Mar-19 09:00:00 am,60.7
31-Mar-19 01:00:00 pm,76.3
31-Mar-19 05:00:00 pm,63.8
31-Mar-19 09:00:00 pm,51.8
01-Apr-19 01:00:00 am,46.3
01-Apr-19 05:00:00 am,44.7
01-Apr-19 09:00:00 am,58.3
01-Apr-19 01:00:00 pm,66.9
01-Apr-19 05:00:00 pm,64.3
01-Apr-19 09:00:00 pm,54.3
02-Apr-19 01:00:00 am,48.6
02-Apr-19 05:00:00 am,46.7
02-Apr-19 09:00:00 am,57.7
02-Apr-19 01:00:00 pm,68.6
02-Apr-19 05:00:00 pm,64.8
02-Apr-19 09:00:00 pm,58.5
03-Apr-19 01:00:00 am,54.3
03-Apr-19 05:00:00 am,54.2
03-Apr-19 09:00:00 am,57.7
03-Apr-19 01:00:00 pm,59.1
03-Apr-19 05:00:00 pm,57.8
03-Apr-19 09:00:00 pm,51.6
04-Apr-19 01:00:00 am,46.6
04-Apr-19 05:00:00 am,45.1
04-Apr-19 09:00:00 am,56.0
04-Apr-19 01:00:00 pm,64.8
04-Apr-19 05:00:00 pm,61.6
04-Apr-19 09:00:00 pm,54.7
05-Apr-19 01:00:00 am,52.4
05-Apr-19 05:00:00 am,51.3
05-Apr-19 09:00:00 am,57.6
05-Apr-19 01:00:00 pm,53.1
05-Apr-19 05:00:00 pm,52.5
05-Apr-19 09:00:00 pm,49.3
06-Apr-19 01:00:00 am,47.8
06-Apr-19 05:00:00 am,50.1
06-Apr-19 09:00:00 am,53.3
06-Apr-19 01:00:00 pm,59.7
06-Apr-19 05:00:00 pm,55.8
06-Apr-19 09:00:00 pm,49.7
07-Apr-19 01:00:00 am,46.2
07-Apr-19 05:00:00 am,46.6
07-Apr-19 09:00:00 am,54.3
07-Apr-19 01:00:00 pm,57.7
07-Apr-19 05:00:00 pm,55.2
07-Apr-19 09:00:00 pm,48.2
08-Apr-19 01:00:00 am,46.9
08-Apr-19 05:00:00 am,47.5
08-Apr-19 09:00:00 am,53.1
08-Apr-19 01:00:00 pm,61.2
08-Apr-19 05:00:00 pm,56.6
08-Apr-19 09:00:00 pm,52.2
09-Apr-19 01:00:00 am,50.9
09-Apr-19 05:00:00 am,48.2
09-Apr-19 09:00:00 am,53.2
09-Apr-19 01:00:00 pm,58.3
09-Apr-19 05:00:00 pm,55.0
09-Apr-19 09:00:00 pm,51.0
10-Apr-19 01:00:00 am,48.8
10-Apr-19 05:00:00 am,49.6
10-Apr-19 09:00:00 am,50.2
10-Apr-19 01:00:00 pm,53.8
10-Apr-19 05:00:00 pm,51.0
10-Apr-19 09:00:00 pm,49.1
11-Apr-19 01:00:00 am,48.1
11-Apr-19 05:00:00 am,46.6
11-Apr-19 09:00:00 am,50.5
11-Apr-19 01:00:00 pm,53.6
11-Apr-19 05:00:00 pm,55.5
11-Apr-19 09:00:00 pm,56.0
12-Apr-19 01:00:00 am,50.4
12-Apr-19 05:00:00 am,49.5
12-Apr-19 09:00:00 am,51.3
12-Apr-19 01:00:00 pm,58.1
12-Apr-19 05:00:00 pm,56.9
12-Apr-19 09:00:00 pm,52.1
13-Apr-19 01:00:00 am,50.6
13-Apr-19 05:00:00 am,48.2
13-Apr-19 09:00:00 am,50.1
13-Apr-19 01:00:00 pm,52.1
13-Apr-19 05:00:00 pm,53.8
13-Apr-19 09:00:00 pm,48.3
14-Apr-19 01:00:00 am,46.0
14-Apr-19 05:00:00 am,46.2
14-Apr-19 09:00:00 am,50.8
14-Apr-19 01:00:00 pm,55.0
14-Apr-19 05:00:00 pm,49.1
14-Apr-19 09:00:00 pm,46.0
15-Apr-19 01:00:00 am,45.3
15-Apr-19 05:00:00 am,45.6
15-Apr-19 09:00:00 am,52.9
15-Apr-19 01:00:00 pm,58.4
15-Apr-19 05:00:00 pm,56.3
15-Apr-19 09:00:00 pm,50.8
16-Apr-19 01:00:00 am,45.8
16-Apr-19 05:00:00 am,48.2
16-Apr-19 09:00:00 am,55.6
16-Apr-19 01:00:00 pm,58.6
16-Apr-19 05:00:00 pm,53.5
16-Apr-19 09:00:00 pm,55.4
17-Apr-19 01:00:00 am,51.2
17-Apr-19 05:00:00 am,53.5
17-Apr-19 09:00:00 am,56.4
17-Apr-19 01:00:00 pm,63.6
17-Apr-19 05:00:00 pm,64.2
17-Apr-19 09:00:00 pm,59.6
18-Apr-19 01:00:00 am,55.1
18-Apr-19 05:00:00 am,53.2
18-Apr-19 09:00:00 am,57.4
18-Apr-19 01:00:00 pm,64.9
18-Apr-19 05:00:00 pm,62.1
18-Apr-19 09:00:00 pm,59.5
19-Apr-19 01:00:00 am,57.8
19-Apr-19 05:00:00 am,55.8
19-Apr-19 09:00:00 am,56.9
19-Apr-19 01:00:00 pm,55.2
19-Apr-19 05:00:00 pm,53.1
19-Apr-19 09:00:00 pm,52.5
20-Apr-19 01:00:00 am,50.3
20-Apr-19 05:00:00 am,46.8
20-Apr-19 09:00:00 am,53.3
20-Apr-19 01:00:00 pm,64.5
20-Apr-19 05:00:00 pm,61.8
20-Apr-19 09:00:00 pm,49.4
21-Apr-19 01:00:00 am,46.2
21-Apr-19 05:00:00 am,47.6
21-Apr-19 09:00:00 am,58.0
21-Apr-19 01:00:00 pm,70.0
21-Apr-19 05:00:00 pm,62.8
21-Apr-19 09:00:00 pm,51.3
22-Apr-19 01:00:00 am,47.2
22-Apr-19 05:00:00 am,49.1
22-Apr-19 09:00:00 am,58.5
22-Apr-19 01:00:00 pm,54.9
22-Apr-19 05:00:00 pm,52.7
22-Apr-19 09:00:00 pm,55.7
23-Apr-19 01:00:00 am,54.3
23-Apr-19 05:00:00 am,54.9
23-Apr-19 09:00:00 am,60.3
23-Apr-19 01:00:00 pm,61.2
23-Apr-19 05:00:00 pm,57.3
23-Apr-19 09:00:00 pm,54.2
24-Apr-19 01:00:00 am,48.8
24-Apr-19 05:00:00 am,48.3
24-Apr-19 09:00:00 am,55.0
24-Apr-19 01:00:00 pm,62.6
24-Apr-19 05:00:00 pm,60.7
24-Apr-19 09:00:00 pm,51.3
25-Apr-19 01:00:00 am,45.1
25-Apr-19 05:00:00 am,44.9
25-Apr-19 09:00:00 am,56.7
25-Apr-19 01:00:00 pm,61.1
25-Apr-19 05:00:00 pm,58.3
25-Apr-19 09:00:00 pm,55.1
26-Apr-19 01:00:00 am,50.8
26-Apr-19 05:00:00 am,47.8
26-Apr-19 09:00:00 am,58.3
26-Apr-19 01:00:00 pm,63.5
26-Apr-19 05:00:00 pm,58.9
26-Apr-19 09:00:00 pm,52.6
27-Apr-19 01:00:00 am,50.0
27-Apr-19 05:00:00 am,48.8
27-Apr-19 09:00:00 am,59.5
27-Apr-19 01:00:00 pm,56.9
27-Apr-19 05:00:00 pm,55.8
27-Apr-19 09:00:00 pm,45.8
28-Apr-19 01:00:00 am,40.8
28-Apr-19 05:00:00 am,40.3
28-Apr-19 09:00:00 am,58.5
28-Apr-19 01:00:00 pm,70.9
28-Apr-19 05:00:00 pm,61.8
28-Apr-19 09:00:00 pm,49.7
29-Apr-19 01:00:00 am,45.7
29-Apr-19 05:00:00 am,45.5
29-Apr-19 09:00:00 am,58.8
29-Apr-19 01:00:00 pm,63.7
29-Apr-19 05:00:00 pm,60.7
29-Apr-19 09:00:00 pm,51.6
30-Apr-19 01:00:00 am,44.0
30-Apr-19 05:00:00 am,42.8
30-Apr-19 09:00:00 am,59.5
30-Apr-19 01:00:00 pm,67.4
30-Apr-19 05:00:00 pm,64.7
30-Apr-19 09:00:00 pm,54.8
01-May-19 01:00:00 am,46.8
01-May-19 05:00:00 am,47.9
01-May-19 09:00:00 am,58.3
01-May-19 01:00:00 pm,65.8
01-May-19 05:00:00 pm,62.9
01-May-19 09:00:00 pm,54.7
02-May-19 01:00:00 am,51.8
02-May-19 05:00:00 am,51.1
02-May-19 09:00:00 am,55.6
02-May-19 01:00:00 pm,61.9
02-May-19 05:00:00 pm,59.9
02-May-19 09:00:00 pm,55.5
03-May-19 01:00:00 am,50.1
03-May-19 05:00:00 am,51.2
03-May-19 09:00:00 am,54.9
03-May-19 01:00:00 pm,61.5
03-May-19 05:00:00 pm,62.5
03-May-19 09:00:00 pm,53.2
04-May-19 01:00:00 am,49.9
04-May-19 05:00:00 am,48.3
04-May-19 09:00:00 am,65.8
04-May-19 01:00:00 pm,77.7
04-May-19 05:00:00 pm,67.7
04-May-19 09:00:00 pm,55.6
05-May-19 01:00:00 am,51.3
05-May-19 05:00:00 am,50.3
05-May-19 09:00:00 am,68.2
05-May-19 01:00:00 pm,78.5
05-May-19 05:00:00 pm,69.1
05-May-19 09:00:00 pm,56.6
06-May-19 01:00:00 am,51.2
06-May-19 05:00:00 am,50.8
06-May-19 09:00:00 am,65.7
06-May-19 01:00:00 pm,73.2
06-May-19 05:00:00 pm,71.0
06-May-19 09:00:00 pm,62.9
07-May-19 01:00:00 am,55.5
07-May-19 05:00:00 am,52.7
07-May-19 09:00:00 am,66.0
07-May-19 01:00:00 pm,72.4
07-May-19 05:00:00 pm,70.2
07-May-19 09:00:00 pm,62.2
08-May-19 01:00:00 am,54.5
08-May-19 05:00:00 am,54.1
08-May-19 09:00:00 am,64.5
08-May-19 01:00:00 pm,72.9
08-May-19 05:00:00 pm,71.9
08-May-19 09:00:00 pm,63.1
09-May-19 01:00:00 am,56.1
09-May-19 05:00:00 am,55.9
09-May-19 09:00:00 am,72.5
09-May-19 01:00:00 pm,79.6
09-May-19 05:00:00 pm,78.4
09-May-19 09:00:00 pm,65.5
10-May-19 01:00:00 am,56.3
10-May-19 05:00:00 am,56.0
10-May-19 09:00:00 am,72.7
10-May-19 01:00:00 pm,82.9
10-May-19 05:00:00 pm,81.8
10-May-19 09:00:00 pm,67.0
11-May-19 01:00:00 am,59.5
11-May-19 05:00:00 am,58.2
11-May-19 09:00:00 am,79.1
11-May-19 01:00:00 pm,89.6
11-May-19 05:00:00 pm,79.1
11-May-19 09:00:00 pm,60.3
12-May-19 01:00:00 am,56.5
12-May-19 05:00:00 am,56.0
12-May-19 09:00:00 am,57.9
12-May-19 01:00:00 pm,72.6
12-May-19 05:00:00 pm,69.4
12-May-19 09:00:00 pm,57.3
13-May-19 01:00:00 am,52.7
13-May-19 05:00:00 am,51.9
13-May-19 09:00:00 am,56.8
13-May-19 01:00:00 pm,64.0
13-May-19 05:00:00 pm,66.1
13-May-19 09:00:00 pm,57.8
14-May-19 01:00:00 am,54.4
14-May-19 05:00:00 am,55.3
14-May-19 09:00:00 am,57.0
14-May-19 01:00:00 pm,61.4
14-May-19 05:00:00 pm,61.5
14-May-19 09:00:00 pm,57.9
15-May-19 01:00:00 am,55.1
15-May-19 05:00:00 am,54.4
15-May-19 09:00:00 am,64.4
15-May-19 01:00:00 pm,68.1
15-May-19 05:00:00 pm,61.2
15-May-19 09:00:00 pm,59.4
16-May-19 01:00:00 am,54.4
16-May-19 05:00:00 am,55.7
16-May-19 09:00:00 am,60.9
16-May-19 01:00:00 pm,61.8
16-May-19 05:00:00 pm,62.2
16-May-19 09:00:00 pm,59.4
17-May-19 01:00:00 am,55.0
17-May-19 05:00:00 am,53.7
17-May-19 09:00:00 am,58.2
17-May-19 01:00:00 pm,65.3
17-May-19 05:00:00 pm,64.0
17-May-19 09:00:00 pm,57.4
18-May-19 01:00:00 am,54.5
18-May-19 05:00:00 am,54.6
18-May-19 09:00:00 am,70.0
18-May-19 01:00:00 pm,81.8
18-May-19 05:00:00 pm,70.9
18-May-19 09:00:00 pm,59.9
19-May-19 01:00:00 am,56.9
19-May-19 05:00:00 am,57.3
19-May-19 09:00:00 am,67.7
19-May-19 01:00:00 pm,80.0
19-May-19 05:00:00 pm,74.0
19-May-19 09:00:00 pm,61.3
20-May-19 01:00:00 am,58.8
20-May-19 05:00:00 am,56.9
20-May-19 09:00:00 am,57.5
20-May-19 01:00:00 pm,57.3
20-May-19 05:00:00 pm,53.4
20-May-19 09:00:00 pm,53.5
21-May-19 01:00:00 am,50.9
21-May-19 05:00:00 am,51.3
21-May-19 09:00:00 am,56.4
21-May-19 01:00:00 pm,60.9
21-May-19 05:00:00 pm,61.7
21-May-19 09:00:00 pm,58.5
22-May-19 01:00:00 am,53.0
22-May-19 05:00:00 am,54.7
22-May-19 09:00:00 am,66.2
22-May-19 01:00:00 pm,73.7
22-May-19 05:00:00 pm,73.2
22-May-19 09:00:00 pm,67.1
23-May-19 01:00:00 am,59.1
23-May-19 05:00:00 am,58.1
23-May-19 09:00:00 am,67.6
23-May-19 01:00:00 pm,76.4
23-May-19 05:00:00 pm,76.8
23-May-19 09:00:00 pm,66.7
24-May-19 01:00:00 am,57.9
24-May-19 05:00:00 am,56.0
24-May-19 09:00:00 am,55.5
24-May-19 01:00:00 pm,60.5
24-May-19 05:00:00 pm,60.4
24-May-19 09:00:00 pm,57.7
25-May-19 01:00:00 am,56.2
25-May-19 05:00:00 am,55.6
25-May-19 09:00:00 am,56.2
25-May-19 01:00:00 pm,55.8
25-May-19 05:00:00 pm,57.0
25-May-19 09:00:00 pm,53.5
26-May-19 01:00:00 am,54.1
26-May-19 05:00:00 am,54.4
26-May-19 09:00:00 am,61.4
26-May-19 01:00:00 pm,76.1
26-May-19 05:00:00 pm,74.6
26-May-19 09:00:00 pm,61.8
27-May-19 01:00:00 am,56.7
27-May-19 05:00:00 am,58.4
27-May-19 09:00:00 am,71.4
27-May-19 01:00:00 pm,79.6
27-May-19 05:00:00 pm,77.0
27-May-19 09:00:00 pm,61.2
28-May-19 01:00:00 am,58.3
28-May-19 05:00:00 am,58.4
28-May-19 09:00:00 am,61.4
28-May-19 01:00:00 pm,64.5
28-May-19 05:00:00 pm,67.8
28-May-19 09:00:00 pm,62.0
29-May-19 01:00:00 am,57.2
29-May-19 05:00:00 am,57.2
29-May-19 09:00:00 am,60.6
29-May-19 01:00:00 pm,68.8
29-May-19 05:00:00 pm,70.7
29-May-19 09:00:00 pm,61.2
30-May-19 01:00:00 am,56.4
30-May-19 05:00:00 am,56.7
30-May-19 09:00:00 am,62.0
30-May-19 01:00:00 pm,72.2
30-May-19 05:00:00 pm,75.6
30-May-19 09:00:00 pm,64.1
31-May-19 01:00:00 am,58.6
31-May-19 05:00:00 am,56.9
31-May-19 09:00:00 am,61.2
31-May-19 01:00:00 pm,72.5
31-May-19 05:00:00 pm,75.7
31-May-19 09:00:00 pm,63.4
01-Jun-19 01:00:00 am,56.7
01-Jun-19 05:00:00 am,57.3
01-Jun-19 09:00:00 am,65.0
01-Jun-19 01:00:00 pm,81.3
01-Jun-19 05:00:00 pm,76.3
01-Jun-19 09:00:00 pm,61.8
02-Jun-19 01:00:00 am,56.2
02-Jun-19 05:00:00 am,57.0
02-Jun-19 09:00:00 am,74.5
02-Jun-19 01:00:00 pm,85.3
02-Jun-19 05:00:00 pm,74.8
02-Jun-19 09:00:00 pm,61.9
03-Jun-19 01:00:00 am,58.8
03-Jun-19 05:00:00 am,57.3
03-Jun-19 09:00:00 am,60.6
03-Jun-19 01:00:00 pm,66.3
03-Jun-19 05:00:00 pm,68.7
03-Jun-19 09:00:00 pm,59.0
04-Jun-19 01:00:00 am,52.6
04-Jun-19 05:00:00 am,52.9
04-Jun-19 09:00:00 am,63.4
04-Jun-19 01:00:00 pm,70.6
04-Jun-19 05:00:00 pm,72.6
04-Jun-19 09:00:00 pm,61.6
05-Jun-19 01:00:00 am,57.0
05-Jun-19 05:00:00 am,56.7
05-Jun-19 09:00:00 am,61.4
05-Jun-19 01:00:00 pm,66.2
05-Jun-19 05:00:00 pm,67.2
05-Jun-19 09:00:00 pm,59.7
06-Jun-19 01:00:00 am,51.9
06-Jun-19 05:00:00 am,51.2
06-Jun-19 09:00:00 am,58.5
06-Jun-19 01:00:00 pm,61.9
06-Jun-19 05:00:00 pm,63.8
06-Jun-19 09:00:00 pm,58.1
07-Jun-19 01:00:00 am,56.6
07-Jun-19 05:00:00 am,53.6
07-Jun-19 09:00:00 am,59.2
07-Jun-19 01:00:00 pm,59.2
07-Jun-19 05:00:00 pm,56.9
07-Jun-19 09:00:00 pm,54.7
08-Jun-19 01:00:00 am,54.7
08-Jun-19 05:00:00 am,56.0
08-Jun-19 09:00:00 am,64.9
08-Jun-19 01:00:00 pm,76.1
08-Jun-19 05:00:00 pm,70.5
08-Jun-19 09:00:00 pm,57.6
09-Jun-19 01:00:00 am,50.5
09-Jun-19 05:00:00 am,52.6
09-Jun-19 09:00:00 am,69.7
09-Jun-19 01:00:00 pm,80.2
09-Jun-19 05:00:00 pm,72.1
09-Jun-19 09:00:00 pm,61.0
10-Jun-19 01:00:00 am,53.7
10-Jun-19 05:00:00 am,56.2
10-Jun-19 09:00:00 am,69.9
10-Jun-19 01:00:00 pm,75.8
10-Jun-19 05:00:00 pm,74.5
10-Jun-19 09:00:00 pm,65.2
11-Jun-19 01:00:00 am,58.7
11-Jun-19 05:00:00 am,60.7
11-Jun-19 09:00:00 am,74.2
11-Jun-19 01:00:00 pm,79.4
11-Jun-19 05:00:00 pm,81.2
11-Jun-19 09:00:00 pm,71.5
12-Jun-19 01:00:00 am,64.6
12-Jun-19 05:00:00 am,65.7
12-Jun-19 09:00:00 am,79.6
12-Jun-19 01:00:00 pm,87.8
12-Jun-19 05:00:00 pm,88.6
12-Jun-19 09:00:00 pm,74.8
13-Jun-19 01:00:00 am,69.0
13-Jun-19 05:00:00 am,67.0
13-Jun-19 09:00:00 am,70.6
13-Jun-19 01:00:00 pm,76.8
13-Jun-19 05:00:00 pm,76.5
13-Jun-19 09:00:00 pm,64.0
14-Jun-19 01:00:00 am,60.1
14-Jun-19 05:00:00 am,59.0
14-Jun-19 09:00:00 am,62.0
14-Jun-19 01:00:00 pm,68.0
14-Jun-19 05:00:00 pm,71.0
14-Jun-19 09:00:00 pm,60.8
15-Jun-19 01:00:00 am,56.6
15-Jun-19 05:00:00 am,58.5
15-Jun-19 09:00:00 am,63.8
15-Jun-19 01:00:00 pm,81.0
15-Jun-19 05:00:00 pm,78.9
15-Jun-19 09:00:00 pm,64.8
16-Jun-19 01:00:00 am,56.3
16-Jun-19 05:00:00 am,56.1
16-Jun-19 09:00:00 am,71.3
16-Jun-19 01:00:00 pm,84.6
16-Jun-19 05:00:00 pm,76.4
16-Jun-19 09:00:00 pm,65.8
17-Jun-19 01:00:00 am,59.0
17-Jun-19 05:00:00 am,60.4
17-Jun-19 09:00:00 am,63.8
17-Jun-19 01:00:00 pm,73.4
17-Jun-19 05:00:00 pm,76.9
17-Jun-19 09:00:00 pm,69.2
18-Jun-19 01:00:00 am,63.8
18-Jun-19 05:00:00 am,58.5
18-Jun-19 09:00:00 am,60.9
18-Jun-19 01:00:00 pm,63.7
18-Jun-19 05:00:00 pm,63.7
18-Jun-19 09:00:00 pm,60.1
19-Jun-19 01:00:00 am,56.8
19-Jun-19 05:00:00 am,56.3
19-Jun-19 09:00:00 am,61.4
19-Jun-19 01:00:00 pm,67.0
19-Jun-19 05:00:00 pm,61.0
19-Jun-19 09:00:00 pm,55.2
20-Jun-19 01:00:00 am,52.0
20-Jun-19 05:00:00 am,52.5
20-Jun-19 09:00:00 am,59.4
20-Jun-19 01:00:00 pm,67.0
20-Jun-19 05:00:00 pm,67.6
20-Jun-19 09:00:00 pm,61.8
21-Jun-19 01:00:00 am,57.1
21-Jun-19 05:00:00 am,57.3
21-Jun-19 09:00:00 am,62.9
21-Jun-19 01:00:00 pm,69.7
21-Jun-19 05:00:00 pm,72.7
21-Jun-19 09:00:00 pm,62.4
22-Jun-19 01:00:00 am,57.6
22-Jun-19 05:00:00 am,58.4
22-Jun-19 09:00:00 am,61.3
22-Jun-19 01:00:00 pm,65.4
22-Jun-19 05:00:00 pm,66.6
22-Jun-19 09:00:00 pm,61.4
23-Jun-19 01:00:00 am,59.8
23-Jun-19 05:00:00 am,56.7
23-Jun-19 09:00:00 am,59.4
23-Jun-19 01:00:00 pm,64.4
23-Jun-19 05:00:00 pm,60.0
23-Jun-19 09:00:00 pm,55.8
24-Jun-19 01:00:00 am,54.1
24-Jun-19 05:00:00 am,54.3
24-Jun-19 09:00:00 am,59.5
24-Jun-19 01:00:00 pm,69.1
24-Jun-19 05:00:00 pm,70.1
24-Jun-19 09:00:00 pm,58.8
25-Jun-19 01:00:00 am,51.8
25-Jun-19 05:00:00 am,53.3
25-Jun-19 09:00:00 am,66.6
25-Jun-19 01:00:00 pm,74.4
25-Jun-19 05:00:00 pm,73.2
25-Jun-19 09:00:00 pm,64.2
26-Jun-19 01:00:00 am,57.5
26-Jun-19 05:00:00 am,58.0
26-Jun-19 09:00:00 am,67.8
26-Jun-19 01:00:00 pm,68.8
26-Jun-19 05:00:00 pm,65.0
26-Jun-19 09:00:00 pm,62.2
27-Jun-19 01:00:00 am,59.7
27-Jun-19 05:00:00 am,58.0
27-Jun-19 09:00:00 am,65.1
27-Jun-19 01:00:00 pm,71.0
27-Jun-19 05:00:00 pm,68.3
27-Jun-19 09:00:00 pm,62.2
28-Jun-19 01:00:00 am,58.2
28-Jun-19 05:00:00 am,59.2
28-Jun-19 09:00:00 am,66.3
28-Jun-19 01:00:00 pm,72.8
28-Jun-19 05:00:00 pm,71.7
28-Jun-19 09:00:00 pm,62.8
29-Jun-19 01:00:00 am,55.7
29-Jun-19 05:00:00 am,57.8
29-Jun-19 09:00:00 am,73.1
29-Jun-19 01:00:00 pm,85.2
29-Jun-19 05:00:00 pm,75.5
29-Jun-19 09:00:00 pm,63.0
30-Jun-19 01:00:00 am,56.2
30-Jun-19 05:00:00 am,57.0
30-Jun-19 09:00:00 am,76.3
30-Jun-19 01:00:00 pm,85.6
30-Jun-19 05:00:00 pm,78.4
30-Jun-19 09:00:00 pm,67.0
01-Jul-19 01:00:00 am,59.6
01-Jul-19 05:00:00 am,61.3
01-Jul-19 09:00:00 am,73.5
01-Jul-19 01:00:00 pm,80.1
01-Jul-19 05:00:00 pm,78.3
01-Jul-19 09:00:00 pm,67.9
02-Jul-19 01:00:00 am,61.8
02-Jul-19 05:00:00 am,60.5
02-Jul-19 09:00:00 am,60.7
02-Jul-19 01:00:00 pm,60.2
02-Jul-19 05:00:00 pm,60.4
02-Jul-19 09:00:00 pm,60.5
03-Jul-19 01:00:00 am,58.9
03-Jul-19 05:00:00 am,59.0
03-Jul-19 09:00:00 am,61.6
03-Jul-19 01:00:00 pm,68.1
03-Jul-19 05:00:00 pm,69.6
03-Jul-19 09:00:00 pm,62.4
04-Jul-19 01:00:00 am,58.6
04-Jul-19 05:00:00 am,60.7
04-Jul-19 09:00:00 am,65.3
04-Jul-19 01:00:00 pm,72.8
04-Jul-19 05:00:00 pm,74.4
04-Jul-19 09:00:00 pm,62.7
05-Jul-19 01:00:00 am,59.1
05-Jul-19 05:00:00 am,61.1
05-Jul-19 09:00:00 am,65.0
05-Jul-19 01:00:00 pm,69.0
05-Jul-19 05:00:00 pm,69.0
05-Jul-19 09:00:00 pm,64.2
06-Jul-19 01:00:00 am,60.6
06-Jul-19 05:00:00 am,61.4
06-Jul-19 09:00:00 am,70.8
06-Jul-19 01:00:00 pm,78.2
06-Jul-19 05:00:00 pm,74.5
06-Jul-19 09:00:00 pm,64.2
07-Jul-19 01:00:00 am,61.3
07-Jul-19 05:00:00 am,61.7
07-Jul-19 09:00:00 am,68.0
07-Jul-19 01:00:00 pm,71.8
07-Jul-19 05:00:00 pm,67.7
07-Jul-19 09:00:00 pm,61.3
08-Jul-19 01:00:00 am,60.3
08-Jul-19 05:00:00 am,59.7
08-Jul-19 09:00:00 am,64.6
08-Jul-19 01:00:00 pm,73.0
08-Jul-19 05:00:00 pm,74.9
08-Jul-19 09:00:00 pm,65.4
09-Jul-19 01:00:00 am,58.9
09-Jul-19 05:00:00 am,60.0
09-Jul-19 09:00:00 am,70.1
09-Jul-19 01:00:00 pm,74.7
09-Jul-19 05:00:00 pm,71.2
09-Jul-19 09:00:00 pm,65.4
10-Jul-19 01:00:00 am,63.7
10-Jul-19 05:00:00 am,63.9
10-Jul-19 09:00:00 am,67.6
10-Jul-19 01:00:00 pm,69.3
10-Jul-19 05:00:00 pm,70.1
10-Jul-19 09:00:00 pm,66.4
11-Jul-19 01:00:00 am,63.1
11-Jul-19 05:00:00 am,64.2
11-Jul-19 09:00:00 am,68.8
11-Jul-19 01:00:00 pm,73.4
11-Jul-19 05:00:00 pm,74.5
11-Jul-19 09:00:00 pm,66.0
12-Jul-19 01:00:00 am,59.8
12-Jul-19 05:00:00 am,62.0
12-Jul-19 09:00:00 am,70.4
12-Jul-19 01:00:00 pm,78.4
12-Jul-19 05:00:00 pm,79.0
12-Jul-19 09:00:00 pm,66.7
13-Jul-19 01:00:00 am,61.2
13-Jul-19 05:00:00 am,64.2
13-Jul-19 09:00:00 am,74.4
13-Jul-19 01:00:00 pm,85.2
13-Jul-19 05:00:00 pm,78.1
13-Jul-19 09:00:00 pm,66.2
14-Jul-19 01:00:00 am,61.6
14-Jul-19 05:00:00 am,62.8
14-Jul-19 09:00:00 am,74.6
14-Jul-19 01:00:00 pm,85.5
14-Jul-19 05:00:00 pm,78.4
14-Jul-19 09:00:00 pm,68.5
15-Jul-19 01:00:00 am,63.9
15-Jul-19 05:00:00 am,63.8
15-Jul-19 09:00:00 am,66.0
15-Jul-19 01:00:00 pm,69.6
15-Jul-19 05:00:00 pm,70.9
15-Jul-19 09:00:00 pm,67.1
16-Jul-19 01:00:00 am,63.8
16-Jul-19 05:00:00 am,63.8
16-Jul-19 09:00:00 am,69.7
16-Jul-19 01:00:00 pm,76.9
16-Jul-19 05:00:00 pm,78.6
16-Jul-19 09:00:00 pm,69.7
17-Jul-19 01:00:00 am,65.1
17-Jul-19 05:00:00 am,62.8
17-Jul-19 09:00:00 am,65.3
17-Jul-19 01:00:00 pm,67.7
17-Jul-19 05:00:00 pm,68.5
17-Jul-19 09:00:00 pm,63.1
18-Jul-19 01:00:00 am,58.1
18-Jul-19 05:00:00 am,57.5
18-Jul-19 09:00:00 am,65.9
18-Jul-19 01:00:00 pm,70.7
18-Jul-19 05:00:00 pm,64.2
18-Jul-19 09:00:00 pm,59.0
19-Jul-19 01:00:00 am,55.1
19-Jul-19 05:00:00 am,56.2
19-Jul-19 09:00:00 am,62.2
19-Jul-19 01:00:00 pm,70.0
19-Jul-19 05:00:00 pm,71.0
19-Jul-19 09:00:00 pm,59.2
20-Jul-19 01:00:00 am,53.0
20-Jul-19 05:00:00 am,54.2
20-Jul-19 09:00:00 am,74.0
20-Jul-19 01:00:00 pm,86.6
20-Jul-19 05:00:00 pm,78.0
20-Jul-19 09:00:00 pm,65.2
21-Jul-19 01:00:00 am,58.4
21-Jul-19 05:00:00 am,58.1
21-Jul-19 09:00:00 am,79.6
21-Jul-19 01:00:00 pm,93.5
21-Jul-19 05:00:00 pm,82.4
21-Jul-19 09:00:00 pm,68.7
22-Jul-19 01:00:00 am,60.9
22-Jul-19 05:00:00 am,64.5
22-Jul-19 09:00:00 am,72.8
22-Jul-19 01:00:00 pm,80.0
22-Jul-19 05:00:00 pm,79.2
22-Jul-19 09:00:00 pm,66.0
23-Jul-19 01:00:00 am,60.9
23-Jul-19 05:00:00 am,61.8
23-Jul-19 09:00:00 am,67.1
23-Jul-19 01:00:00 pm,70.4
23-Jul-19 05:00:00 pm,70.9
23-Jul-19 09:00:00 pm,64.1
24-Jul-19 01:00:00 am,62.0
24-Jul-19 05:00:00 am,62.4
24-Jul-19 09:00:00 am,69.2
24-Jul-19 01:00:00 pm,75.7
24-Jul-19 05:00:00 pm,76.2
24-Jul-19 09:00:00 pm,65.0
25-Jul-19 01:00:00 am,58.4
25-Jul-19 05:00:00 am,58.9
25-Jul-19 09:00:00 am,72.3
25-Jul-19 01:00:00 pm,80.5
25-Jul-19 05:00:00 pm,79.8
25-Jul-19 09:00:00 pm,68.3
26-Jul-19 01:00:00 am,61.7
26-Jul-19 05:00:00 am,62.4
26-Jul-19 09:00:00 am,74.6
26-Jul-19 01:00:00 pm,84.7
26-Jul-19 05:00:00 pm,84.5
26-Jul-19 09:00:00 pm,70.3
27-Jul-19 01:00:00 am,67.1
27-Jul-19 05:00:00 am,65.8
27-Jul-19 09:00:00 am,70.4
27-Jul-19 01:00:00 pm,75.0
27-Jul-19 05:00:00 pm,73.7
27-Jul-19 09:00:00 pm,63.9
28-Jul-19 01:00:00 am,57.6
28-Jul-19 05:00:00 am,58.2
28-Jul-19 09:00:00 am,75.3
28-Jul-19 01:00:00 pm,86.0
28-Jul-19 05:00:00 pm,77.0
28-Jul-19 09:00:00 pm,65.8
29-Jul-19 01:00:00 am,59.4
29-Jul-19 05:00:00 am,60.4
29-Jul-19 09:00:00 am,72.3
29-Jul-19 01:00:00 pm,79.8
29-Jul-19 05:00:00 pm,80.5
29-Jul-19 09:00:00 pm,67.2
30-Jul-19 01:00:00 am,61.5
30-Jul-19 05:00:00 am,62.9
30-Jul-19 09:00:00 am,65.2
30-Jul-19 01:00:00 pm,73.1
30-Jul-19 05:00:00 pm,74.8
30-Jul-19 09:00:00 pm,64.6
31-Jul-19 01:00:00 am,59.0
31-Jul-19 05:00:00 am,60.9
31-Jul-19 09:00:00 am,72.4
31-Jul-19 01:00:00 pm,80.3
31-Jul-19 05:00:00 pm,81.7
31-Jul-19 09:00:00 pm,69.0
01-Aug-19 01:00:00 am,63.2
01-Aug-19 05:00:00 am,66.1
01-Aug-19 09:00:00 am,72.8
01-Aug-19 01:00:00 pm,83.0
01-Aug-19 05:00:00 pm,84.6
01-Aug-19 09:00:00 pm,73.3
02-Aug-19 01:00:00 am,68.0
02-Aug-19 05:00:00 am,65.3
02-Aug-19 09:00:00 am,72.6
02-Aug-19 01:00:00 pm,76.8
02-Aug-19 05:00:00 pm,76.7
02-Aug-19 09:00:00 pm,66.9
03-Aug-19 01:00:00 am,61.4
03-Aug-19 05:00:00 am,59.4
03-Aug-19 09:00:00 am,76.0
03-Aug-19 01:00:00 pm,85.0
03-Aug-19 05:00:00 pm,77.4
03-Aug-19 09:00:00 pm,65.9
04-Aug-19 01:00:00 am,61.3
04-Aug-19 05:00:00 am,60.8
04-Aug-19 09:00:00 am,79.5
04-Aug-19 01:00:00 pm,87.3
04-Aug-19 05:00:00 pm,82.4
04-Aug-19 09:00:00 pm,70.5
05-Aug-19 01:00:00 am,64.8
05-Aug-19 05:00:00 am,64.7
05-Aug-19 09:00:00 am,76.8
05-Aug-19 01:00:00 pm,84.2
05-Aug-19 05:00:00 pm,81.6
05-Aug-19 09:00:00 pm,70.0
06-Aug-19 01:00:00 am,63.2
06-Aug-19 05:00:00 am,62.9
06-Aug-19 09:00:00 am,67.1
06-Aug-19 01:00:00 pm,78.8
06-Aug-19 05:00:00 pm,80.9
06-Aug-19 09:00:00 pm,68.3
07-Aug-19 01:00:00 am,62.5
07-Aug-19 05:00:00 am,62.3
07-Aug-19 09:00:00 am,64.8
07-Aug-19 01:00:00 pm,74.6
07-Aug-19 05:00:00 pm,78.5
07-Aug-19 09:00:00 pm,67.3
08-Aug-19 01:00:00 am,63.5
08-Aug-19 05:00:00 am,62.5
08-Aug-19 09:00:00 am,65.8
08-Aug-19 01:00:00 pm,69.6
08-Aug-19 05:00:00 pm,68.6
08-Aug-19 09:00:00 pm,66.4
09-Aug-19 01:00:00 am,64.7
09-Aug-19 05:00:00 am,64.6
09-Aug-19 09:00:00 am,67.5
09-Aug-19 01:00:00 pm,73.2
09-Aug-19 05:00:00 pm,72.3
09-Aug-19 09:00:00 pm,65.3
10-Aug-19 01:00:00 am,64.3
10-Aug-19 05:00:00 am,62.1
10-Aug-19 09:00:00 am,68.6
10-Aug-19 01:00:00 pm,81.1
10-Aug-19 05:00:00 pm,74.8
10-Aug-19 09:00:00 pm,65.4
11-Aug-19 01:00:00 am,63.4
11-Aug-19 05:00:00 am,62.6
11-Aug-19 09:00:00 am,66.6
11-Aug-19 01:00:00 pm,75.2
11-Aug-19 05:00:00 pm,69.5
11-Aug-19 09:00:00 pm,66.8
12-Aug-19 01:00:00 am,65.3
12-Aug-19 05:00:00 am,64.9
12-Aug-19 09:00:00 am,70.9
12-Aug-19 01:00:00 pm,77.7
12-Aug-19 05:00:00 pm,77.3
12-Aug-19 09:00:00 pm,66.9
13-Aug-19 01:00:00 am,61.1
13-Aug-19 05:00:00 am,61.3
13-Aug-19 09:00:00 am,73.7
13-Aug-19 01:00:00 pm,81.8
13-Aug-19 05:00:00 pm,78.8
13-Aug-19 09:00:00 pm,68.1
14-Aug-19 01:00:00 am,63.8
14-Aug-19 05:00:00 am,64.3
14-Aug-19 09:00:00 am,75.3
14-Aug-19 01:00:00 pm,81.5
14-Aug-19 05:00:00 pm,78.4
14-Aug-19 09:00:00 pm,69.2
15-Aug-19 01:00:00 am,62.7
15-Aug-19 05:00:00 am,63.1
15-Aug-19 09:00:00 am,69.9
15-Aug-19 01:00:00 pm,77.6
15-Aug-19 05:00:00 pm,79.3
15-Aug-19 09:00:00 pm,68.0
16-Aug-19 01:00:00 am,63.9
16-Aug-19 05:00:00 am,62.8
16-Aug-19 09:00:00 am,67.7
16-Aug-19 01:00:00 pm,69.0
16-Aug-19 05:00:00 pm,69.1
16-Aug-19 09:00:00 pm,65.6
17-Aug-19 01:00:00 am,63.6
17-Aug-19 05:00:00 am,63.3
17-Aug-19 09:00:00 am,70.9
17-Aug-19 01:00:00 pm,79.4
17-Aug-19 05:00:00 pm,75.4
17-Aug-19 09:00:00 pm,65.5
18-Aug-19 01:00:00 am,63.3
18-Aug-19 05:00:00 am,62.8
18-Aug-19 09:00:00 am,71.3
18-Aug-19 01:00:00 pm,84.8
18-Aug-19 05:00:00 pm,75.5
18-Aug-19 09:00:00 pm,64.9
19-Aug-19 01:00:00 am,63.1
19-Aug-19 05:00:00 am,62.7
19-Aug-19 09:00:00 am,67.7
19-Aug-19 01:00:00 pm,73.7
19-Aug-19 05:00:00 pm,73.2
19-Aug-19 09:00:00 pm,63.7
20-Aug-19 01:00:00 am,57.1
20-Aug-19 05:00:00 am,56.8
20-Aug-19 09:00:00 am,71.9
20-Aug-19 01:00:00 pm,81.5
20-Aug-19 05:00:00 pm,77.5
20-Aug-19 09:00:00 pm,68.8
21-Aug-19 01:00:00 am,62.7
21-Aug-19 05:00:00 am,62.7
21-Aug-19 09:00:00 am,66.5
21-Aug-19 01:00:00 pm,68.8
21-Aug-19 05:00:00 pm,65.9
21-Aug-19 09:00:00 pm,62.1
22-Aug-19 01:00:00 am,59.0
22-Aug-19 05:00:00 am,59.3
22-Aug-19 09:00:00 am,62.1
22-Aug-19 01:00:00 pm,71.1
22-Aug-19 05:00:00 pm,71.2
22-Aug-19 09:00:00 pm,62.6
23-Aug-19 01:00:00 am,57.7
23-Aug-19 05:00:00 am,58.8
23-Aug-19 09:00:00 am,66.5
23-Aug-19 01:00:00 pm,72.1
23-Aug-19 05:00:00 pm,68.2
23-Aug-19 09:00:00 pm,62.6
24-Aug-19 01:00:00 am,60.9
24-Aug-19 05:00:00 am,60.2
24-Aug-19 09:00:00 am,73.2
24-Aug-19 01:00:00 pm,84.0
24-Aug-19 05:00:00 pm,72.2
24-Aug-19 09:00:00 pm,65.7
25-Aug-19 01:00:00 am,62.0
25-Aug-19 05:00:00 am,61.9
25-Aug-19 09:00:00 am,70.3
25-Aug-19 01:00:00 pm,82.1
25-Aug-19 05:00:00 pm,74.5
25-Aug-19 09:00:00 pm,62.9
26-Aug-19 01:00:00 am,56.2
26-Aug-19 05:00:00 am,55.0
26-Aug-19 09:00:00 am,69.2
26-Aug-19 01:00:00 pm,75.7
26-Aug-19 05:00:00 pm,72.6
26-Aug-19 09:00:00 pm,64.6
27-Aug-19 01:00:00 am,59.3
27-Aug-19 05:00:00 am,59.7
27-Aug-19 09:00:00 am,74.4
27-Aug-19 01:00:00 pm,81.8
27-Aug-19 05:00:00 pm,81.3
27-Aug-19 09:00:00 pm,69.0
28-Aug-19 01:00:00 am,62.8
28-Aug-19 05:00:00 am,64.2
28-Aug-19 09:00:00 am,76.4
28-Aug-19 01:00:00 pm,84.4
28-Aug-19 05:00:00 pm,81.9
28-Aug-19 09:00:00 pm,69.6
29-Aug-19 01:00:00 am,64.4
29-Aug-19 05:00:00 am,65.0
29-Aug-19 09:00:00 am,70.1
29-Aug-19 01:00:00 pm,78.1
29-Aug-19 05:00:00 pm,69.1
29-Aug-19 09:00:00 pm,65.6
30-Aug-19 01:00:00 am,64.4
30-Aug-19 05:00:00 am,64.7
30-Aug-19 09:00:00 am,69.9
30-Aug-19 01:00:00 pm,77.6
30-Aug-19 05:00:00 pm,74.7
30-Aug-19 09:00:00 pm,68.8
31-Aug-19 01:00:00 am,63.1
31-Aug-19 05:00:00 am,63.5
31-Aug-19 09:00:00 am,74.3
31-Aug-19 01:00:00 pm,83.1
31-Aug-19 05:00:00 pm,76.6
31-Aug-19 09:00:00 pm,68.7
01-Sep-19 01:00:00 am,66.2
01-Sep-19 05:00:00 am,66.9
01-Sep-19 09:00:00 am,74.5
01-Sep-19 01:00:00 pm,85.3
01-Sep-19 05:00:00 pm,75.3
01-Sep-19 09:00:00 pm,66.2
02-Sep-19 01:00:00 am,61.5
02-Sep-19 05:00:00 am,61.1
02-Sep-19 09:00:00 am,69.7
02-Sep-19 01:00:00 pm,76.8
02-Sep-19 05:00:00 pm,74.1
02-Sep-19 09:00:00 pm,65.5
03-Sep-19 01:00:00 am,61.3
03-Sep-19 05:00:00 am,61.2
03-Sep-19 09:00:00 am,72.2
03-Sep-19 01:00:00 pm,79.7
03-Sep-19 05:00:00 pm,76.8
03-Sep-19 09:00:00 pm,66.0
04-Sep-19 01:00:00 am,62.5
04-Sep-19 05:00:00 am,63.2
04-Sep-19 09:00:00 am,67.0
04-Sep-19 01:00:00 pm,74.6
04-Sep-19 05:00:00 pm,72.0
04-Sep-19 09:00:00 pm,64.0
05-Sep-19 01:00:00 am,58.2
05-Sep-19 05:00:00 am,57.9
05-Sep-19 09:00:00 am,70.6
05-Sep-19 01:00:00 pm,76.7
05-Sep-19 05:00:00 pm,75.3
05-Sep-19 09:00:00 pm,68.3
06-Sep-19 01:00:00 am,64.4
06-Sep-19 05:00:00 am,66.0
06-Sep-19 09:00:00 am,73.3
06-Sep-19 01:00:00 pm,79.9
06-Sep-19 05:00:00 pm,73.5
06-Sep-19 09:00:00 pm,66.4
07-Sep-19 01:00:00 am,65.9
07-Sep-19 05:00:00 am,64.7
07-Sep-19 09:00:00 am,68.5
07-Sep-19 01:00:00 pm,71.6
07-Sep-19 05:00:00 pm,67.9
07-Sep-19 09:00:00 pm,62.1
08-Sep-19 01:00:00 am,61.0
08-Sep-19 05:00:00 am,60.1
08-Sep-19 09:00:00 am,64.8
08-Sep-19 01:00:00 pm,74.2
08-Sep-19 05:00:00 pm,67.7
08-Sep-19 09:00:00 pm,62.9
09-Sep-19 01:00:00 am,62.2
09-Sep-19 05:00:00 am,62.8
09-Sep-19 09:00:00 am,62.6
09-Sep-19 01:00:00 pm,65.5
09-Sep-19 05:00:00 pm,61.1
09-Sep-19 09:00:00 pm,60.1
10-Sep-19 01:00:00 am,59.0
10-Sep-19 05:00:00 am,60.0
10-Sep-19 09:00:00 am,63.9
10-Sep-19 01:00:00 pm,70.0
10-Sep-19 05:00:00 pm,68.0
10-Sep-19 09:00:00 pm,61.2
11-Sep-19 01:00:00 am,57.2
11-Sep-19 05:00:00 am,60.1
11-Sep-19 09:00:00 am,66.1
11-Sep-19 01:00:00 pm,73.0
11-Sep-19 05:00:00 pm,69.0
11-Sep-19 09:00:00 pm,61.8
12-Sep-19 01:00:00 am,59.2
12-Sep-19 05:00:00 am,58.9
12-Sep-19 09:00:00 am,71.8
12-Sep-19 01:00:00 pm,79.3
12-Sep-19 05:00:00 pm,74.5
12-Sep-19 09:00:00 pm,63.3
13-Sep-19 01:00:00 am,63.1
13-Sep-19 05:00:00 am,63.0
13-Sep-19 09:00:00 am,66.6
13-Sep-19 01:00:00 pm,71.3
13-Sep-19 05:00:00 pm,68.3
13-Sep-19 09:00:00 pm,65.1
14-Sep-19 01:00:00 am,63.0
14-Sep-19 05:00:00 am,62.7
14-Sep-19 09:00:00 am,66.1
14-Sep-19 01:00:00 pm,68.3
14-Sep-19 05:00:00 pm,66.8
14-Sep-19 09:00:00 pm,61.1
15-Sep-19 01:00:00 am,60.4
15-Sep-19 05:00:00 am,59.7
15-Sep-19 09:00:00 am,59.7
15-Sep-19 01:00:00 pm,62.1
15-Sep-19 05:00:00 pm,61.1
15-Sep-19 09:00:00 pm,57.7
16-Sep-19 01:00:00 am,55.5
16-Sep-19 05:00:00 am,55.0
16-Sep-19 09:00:00 am,63.6
16-Sep-19 01:00:00 pm,69.8
16-Sep-19 05:00:00 pm,63.3
16-Sep-19 09:00:00 pm,60.0
17-Sep-19 01:00:00 am,58.9
17-Sep-19 05:00:00 am,59.8
17-Sep-19 09:00:00 am,58.6
17-Sep-19 01:00:00 pm,60.9
17-Sep-19 05:00:00 pm,59.8
17-Sep-19 09:00:00 pm,59.3
18-Sep-19 01:00:00 am,56.6
18-Sep-19 05:00:00 am,56.4
18-Sep-19 09:00:00 am,62.0
18-Sep-19 01:00:00 pm,67.9
18-Sep-19 05:00:00 pm,63.1
18-Sep-19 09:00:00 pm,55.7
19-Sep-19 01:00:00 am,54.4
19-Sep-19 05:00:00 am,55.7
19-Sep-19 09:00:00 am,62.8
19-Sep-19 01:00:00 pm,69.0
19-Sep-19 05:00:00 pm,66.6
19-Sep-19 09:00:00 pm,61.3
20-Sep-19 01:00:00 am,62.1
20-Sep-19 05:00:00 am,60.2
20-Sep-19 09:00:00 am,63.8
20-Sep-19 01:00:00 pm,66.3
20-Sep-19 05:00:00 pm,65.0
20-Sep-19 09:00:00 pm,58.4
21-Sep-19 01:00:00 am,57.4
21-Sep-19 05:00:00 am,60.1
21-Sep-19 09:00:00 am,67.5
21-Sep-19 01:00:00 pm,73.8
21-Sep-19 05:00:00 pm,66.8
21-Sep-19 09:00:00 pm,63.5
22-Sep-19 01:00:00 am,62.1
22-Sep-19 05:00:00 am,61.0
22-Sep-19 09:00:00 am,63.5
22-Sep-19 01:00:00 pm,64.5
22-Sep-19 05:00:00 pm,64.5
22-Sep-19 09:00:00 pm,60.0
23-Sep-19 01:00:00 am,58.7
23-Sep-19 05:00:00 am,57.7
23-Sep-19 09:00:00 am,61.3
23-Sep-19 01:00:00 pm,60.2
23-Sep-19 05:00:00 pm,59.9
23-Sep-19 09:00:00 pm,62.0
24-Sep-19 01:00:00 am,60.3
24-Sep-19 05:00:00 am,61.1
24-Sep-19 09:00:00 am,62.3
24-Sep-19 01:00:00 pm,68.3
24-Sep-19 05:00:00 pm,65.7
24-Sep-19 09:00:00 pm,60.1
25-Sep-19 01:00:00 am,56.7
25-Sep-19 05:00:00 am,57.2
25-Sep-19 09:00:00 am,64.8
25-Sep-19 01:00:00 pm,69.4
25-Sep-19 05:00:00 pm,66.9
25-Sep-19 09:00:00 pm,61.3
26-Sep-19 01:00:00 am,62.1
26-Sep-19 05:00:00 am,61.5
26-Sep-19 09:00:00 am,63.8
26-Sep-19 01:00:00 pm,68.1
26-Sep-19 05:00:00 pm,64.0
26-Sep-19 09:00:00 pm,60.0
27-Sep-19 01:00:00 am,58.9
27-Sep-19 05:00:00 am,54.3
27-Sep-19 09:00:00 am,56.5
27-Sep-19 01:00:00 pm,59.6
27-Sep-19 05:00:00 pm,53.1
27-Sep-19 09:00:00 pm,49.8
28-Sep-19 01:00:00 am,49.9
28-Sep-19 05:00:00 am,48.7
28-Sep-19 09:00:00 am,57.2
28-Sep-19 01:00:00 pm,65.0
28-Sep-19 05:00:00 pm,57.1
28-Sep-19 09:00:00 pm,51.2
29-Sep-19 01:00:00 am,48.6
29-Sep-19 05:00:00 am,46.6
29-Sep-19 09:00:00 am,54.4
29-Sep-19 01:00:00 pm,57.6
29-Sep-19 05:00:00 pm,53.3
29-Sep-19 09:00:00 pm,45.8
30-Sep-19 01:00:00 am,42.2
30-Sep-19 05:00:00 am,40.9
30-Sep-19 09:00:00 am,52.5
30-Sep-19 01:00:00 pm,60.8
30-Sep-19 05:00:00 pm,55.7
30-Sep-19 09:00:00 pm,51.6
01-Oct-19 01:00:00 am,43.1
01-Oct-19 05:00:00 am,41.3
01-Oct-19 09:00:00 am,53.5
01-Oct-19 01:00:00 pm,62.3
01-Oct-19 05:00:00 pm,57.6
01-Oct-19 09:00:00 pm,52.2
02-Oct-19 01:00:00 am,45.1
02-Oct-19 05:00:00 am,43.0
02-Oct-19 09:00:00 am,55.3
02-Oct-19 01:00:00 pm,63.4
02-Oct-19 05:00:00 pm,59.3
02-Oct-19 09:00:00 pm,58.0
03-Oct-19 01:00:00 am,54.3
03-Oct-19 05:00:00 am,54.9
03-Oct-19 09:00:00 am,61.1
03-Oct-19 01:00:00 pm,62.3
03-Oct-19 05:00:00 pm,56.3
03-Oct-19 09:00:00 pm,55.3
04-Oct-19 01:00:00 am,53.4
04-Oct-19 05:00:00 am,52.8
04-Oct-19 09:00:00 am,58.7
04-Oct-19 01:00:00 pm,62.0
04-Oct-19 05:00:00 pm,60.1
04-Oct-19 09:00:00 pm,56.2
05-Oct-19 01:00:00 am,55.1
05-Oct-19 05:00:00 am,54.1
05-Oct-19 09:00:00 am,62.6
05-Oct-19 01:00:00 pm,69.7
05-Oct-19 05:00:00 pm,59.4
05-Oct-19 09:00:00 pm,50.8
06-Oct-19 01:00:00 am,47.2
06-Oct-19 05:00:00 am,47.8
06-Oct-19 09:00:00 am,59.1
06-Oct-19 01:00:00 pm,69.6
06-Oct-19 05:00:00 pm,58.5
06-Oct-19 09:00:00 pm,50.5
07-Oct-19 01:00:00 am,51.3
07-Oct-19 05:00:00 am,56.5
07-Oct-19 09:00:00 am,62.5
07-Oct-19 01:00:00 pm,64.6
07-Oct-19 05:00:00 pm,62.5
07-Oct-19 09:00:00 pm,56.6
08-Oct-19 01:00:00 am,50.5
08-Oct-19 05:00:00 am,48.6
08-Oct-19 09:00:00 am,50.0
08-Oct-19 01:00:00 pm,49.1
08-Oct-19 05:00:00 pm,47.8
08-Oct-19 09:00:00 pm,47.0
09-Oct-19 01:00:00 am,41.7
09-Oct-19 05:00:00 am,37.9
09-Oct-19 09:00:00 am,47.1
09-Oct-19 01:00:00 pm,53.0
09-Oct-19 05:00:00 pm,51.2
09-Oct-19 09:00:00 pm,41.6
10-Oct-19 01:00:00 am,37.7
10-Oct-19 05:00:00 am,35.9
10-Oct-19 09:00:00 am,49.1
10-Oct-19 01:00:00 pm,58.4
10-Oct-19 05:00:00 pm,54.7
10-Oct-19 09:00:00 pm,46.1
11-Oct-19 01:00:00 am,41.3
11-Oct-19 05:00:00 am,39.6
11-Oct-19 09:00:00 am,56.2
11-Oct-19 01:00:00 pm,67.4
11-Oct-19 05:00:00 pm,58.0
11-Oct-19 09:00:00 pm,48.8
12-Oct-19 01:00:00 am,44.8
12-Oct-19 05:00:00 am,45.4
12-Oct-19 09:00:00 am,55.3
12-Oct-19 01:00:00 pm,64.7
12-Oct-19 05:00:00 pm,56.9
12-Oct-19 09:00:00 pm,53.3
13-Oct-19 01:00:00 am,52.0
13-Oct-19 05:00:00 am,50.8
13-Oct-19 09:00:00 am,57.7
13-Oct-19 01:00:00 pm,62.7
13-Oct-19 05:00:00 pm,54.8
13-Oct-19 09:00:00 pm,51.2
14-Oct-19 01:00:00 am,49.2
14-Oct-19 05:00:00 am,47.1
14-Oct-19 09:00:00 am,54.8
14-Oct-19 01:00:00 pm,60.6
14-Oct-19 05:00:00 pm,57.5
14-Oct-19 09:00:00 pm,50.5
15-Oct-19 01:00:00 am,48.0
15-Oct-19 05:00:00 am,48.2
15-Oct-19 09:00:00 am,56.7
15-Oct-19 01:00:00 pm,61.1
15-Oct-19 05:00:00 pm,60.2
15-Oct-19 09:00:00 pm,57.1
16-Oct-19 01:00:00 am,54.6
16-Oct-19 05:00:00 am,52.6
16-Oct-19 09:00:00 am,55.3
16-Oct-19 01:00:00 pm,59.5
16-Oct-19 05:00:00 pm,58.8
16-Oct-19 09:00:00 pm,57.7
17-Oct-19 01:00:00 am,53.4
17-Oct-19 05:00:00 am,53.0
17-Oct-19 09:00:00 am,55.9
17-Oct-19 01:00:00 pm,57.3
17-Oct-19 05:00:00 pm,55.6
17-Oct-19 09:00:00 pm,56.1
18-Oct-19 01:00:00 am,53.3
18-Oct-19 05:00:00 am,51.5
18-Oct-19 09:00:00 am,52.6
18-Oct-19 01:00:00 pm,53.3
18-Oct-19 05:00:00 pm,51.2
18-Oct-19 09:00:00 pm,50.6
19-Oct-19 01:00:00 am,49.5
19-Oct-19 05:00:00 am,48.2
19-Oct-19 09:00:00 am,48.9
19-Oct-19 01:00:00 pm,52.6
19-Oct-19 05:00:00 pm,48.3
19-Oct-19 09:00:00 pm,47.6
20-Oct-19 01:00:00 am,48.4
20-Oct-19 05:00:00 am,48.6
20-Oct-19 09:00:00 am,51.3
20-Oct-19 01:00:00 pm,52.2
20-Oct-19 05:00:00 pm,53.6
20-Oct-19 09:00:00 pm,51.9
21-Oct-19 01:00:00 am,52.7
21-Oct-19 05:00:00 am,53.6
21-Oct-19 09:00:00 am,53.6
21-Oct-19 01:00:00 pm,55.6
21-Oct-19 05:00:00 pm,58.4
21-Oct-19 09:00:00 pm,60.7
22-Oct-19 01:00:00 am,59.9
22-Oct-19 05:00:00 am,55.9
22-Oct-19 09:00:00 am,55.8
22-Oct-19 01:00:00 pm,55.8
22-Oct-19 05:00:00 pm,54.1
22-Oct-19 09:00:00 pm,51.1
23-Oct-19 01:00:00 am,46.6
23-Oct-19 05:00:00 am,44.9
23-Oct-19 09:00:00 am,51.3
23-Oct-19 01:00:00 pm,56.9
23-Oct-19 05:00:00 pm,52.6
23-Oct-19 09:00:00 pm,50.8
24-Oct-19 01:00:00 am,46.1
24-Oct-19 05:00:00 am,46.1
24-Oct-19 09:00:00 am,53.6
24-Oct-19 01:00:00 pm,59.8
24-Oct-19 05:00:00 pm,60.2
24-Oct-19 09:00:00 pm,59.3
25-Oct-19 01:00:00 am,54.0
25-Oct-19 05:00:00 am,53.7
25-Oct-19 09:00:00 am,56.7
25-Oct-19 01:00:00 pm,53.0
25-Oct-19 05:00:00 pm,51.2
25-Oct-19 09:00:00 pm,50.4
26-Oct-19 01:00:00 am,48.9
26-Oct-19 05:00:00 am,47.7
26-Oct-19 09:00:00 am,52.6
26-Oct-19 01:00:00 pm,57.3
26-Oct-19 05:00:00 pm,51.7
26-Oct-19 09:00:00 pm,43.3
27-Oct-19 01:00:00 am,40.0
27-Oct-19 05:00:00 am,37.2
27-Oct-19 09:00:00 am,48.2
27-Oct-19 01:00:00 pm,60.3
27-Oct-19 05:00:00 pm,47.9
27-Oct-19 09:00:00 pm,40.9
28-Oct-19 01:00:00 am,38.0
28-Oct-19 05:00:00 am,36.3
28-Oct-19 09:00:00 am,45.7
28-Oct-19 01:00:00 pm,53.5
28-Oct-19 05:00:00 pm,48.3
28-Oct-19 09:00:00 pm,45.3
29-Oct-19 01:00:00 am,38.1
29-Oct-19 05:00:00 am,34.6
29-Oct-19 09:00:00 am,44.8
29-Oct-19 01:00:00 pm,51.0
29-Oct-19 05:00:00 pm,44.2
29-Oct-19 09:00:00 pm,41.9
30-Oct-19 01:00:00 am,34.5
30-Oct-19 05:00:00 am,33.4
30-Oct-19 09:00:00 am,44.2
30-Oct-19 01:00:00 pm,53.4
30-Oct-19 05:00:00 pm,46.5
30-Oct-19 09:00:00 pm,42.5
31-Oct-19 01:00:00 am,36.6
31-Oct-19 05:00:00 am,37.3
31-Oct-19 09:00:00 am,45.8
31-Oct-19 01:00:00 pm,53.4
31-Oct-19 05:00:00 pm,50.0
31-Oct-19 09:00:00 pm,41.7
01-Nov-19 01:00:00 am,39.0
01-Nov-19 05:00:00 am,39.3
01-Nov-19 09:00:00 am,47.7
01-Nov-19 01:00:00 pm,56.7
01-Nov-19 05:00:00 pm,50.4
01-Nov-19 09:00:00 pm,45.3
02-Nov-19 01:00:00 am,41.6
02-Nov-19 05:00:00 am,39.6
02-Nov-19 09:00:00 am,51.0
02-Nov-19 01:00:00 pm,63.5
02-Nov-19 05:00:00 pm,51.9
02-Nov-19 09:00:00 pm,45.3
03-Nov-19 01:00:00 am,42.2
03-Nov-19 04:00:00 am,40.1
03-Nov-19 08:00:00 am,50.0
03-Nov-19 12:00:00 pm,60.8
03-Nov-19 04:00:00 pm,51.3
03-Nov-19 08:00:00 pm,45.3
04-Nov-19 12:00:00 am,43.3
04-Nov-19 04:00:00 am,45.8
04-Nov-19 08:00:00 am,50.2
04-Nov-19 12:00:00 pm,55.8
04-Nov-19 04:00:00 pm,50.0
04-Nov-19 08:00:00 pm,48.3
05-Nov-19 12:00:00 am,43.1
05-Nov-19 04:00:00 am,40.9
05-Nov-19 08:00:00 am,43.8
05-Nov-19 12:00:00 pm,55.6
05-Nov-19 04:00:00 pm,51.5
05-Nov-19 08:00:00 pm,49.0
06-Nov-19 12:00:00 am,48.6
06-Nov-19 04:00:00 am,47.2
06-Nov-19 08:00:00 am,49.1
06-Nov-19 12:00:00 pm,55.7
06-Nov-19 04:00:00 pm,50.1
06-Nov-19 08:00:00 pm,48.2
07-Nov-19 12:00:00 am,42.0
07-Nov-19 04:00:00 am,39.2
07-Nov-19 08:00:00 am,45.3
07-Nov-19 12:00:00 pm,55.8
07-Nov-19 04:00:00 pm,51.1
07-Nov-19 08:00:00 pm,45.6
08-Nov-19 12:00:00 am,42.4
08-Nov-19 04:00:00 am,40.4
08-Nov-19 08:00:00 am,47.8
08-Nov-19 12:00:00 pm,62.0
08-Nov-19 04:00:00 pm,55.0
08-Nov-19 08:00:00 pm,52.0
09-Nov-19 12:00:00 am,52.2
09-Nov-19 04:00:00 am,50.8
09-Nov-19 08:00:00 am,52.0
09-Nov-19 12:00:00 pm,54.1
09-Nov-19 04:00:00 pm,52.9
09-Nov-19 08:00:00 pm,52.7
10-Nov-19 12:00:00 am,52.8
10-Nov-19 04:00:00 am,53.0
10-Nov-19 08:00:00 am,54.6
10-Nov-19 12:00:00 pm,55.6
10-Nov-19 04:00:00 pm,54.5
10-Nov-19 08:00:00 pm,50.4
11-Nov-19 12:00:00 am,50.1
11-Nov-19 04:00:00 am,47.9
11-Nov-19 08:00:00 am,50.4
11-Nov-19 12:00:00 pm,58.5
11-Nov-19 04:00:00 pm,53.3
11-Nov-19 08:00:00 pm,53.2
12-Nov-19 12:00:00 am,51.4
12-Nov-19 04:00:00 am,49.0
12-Nov-19 08:00:00 am,49.5
12-Nov-19 12:00:00 pm,52.6
12-Nov-19 04:00:00 pm,51.9
12-Nov-19 08:00:00 pm,54.0
13-Nov-19 12:00:00 am,52.4
13-Nov-19 04:00:00 am,50.9
13-Nov-19 08:00:00 am,52.3
13-Nov-19 12:00:00 pm,56.0
13-Nov-19 04:00:00 pm,51.4
13-Nov-19 08:00:00 pm,50.6
14-Nov-19 12:00:00 am,47.3
14-Nov-19 04:00:00 am,46.7
14-Nov-19 08:00:00 am,50.1
14-Nov-19 12:00:00 pm,55.0
14-Nov-19 04:00:00 pm,53.6
14-Nov-19 08:00:00 pm,54.4
15-Nov-19 12:00:00 am,52.6
15-Nov-19 04:00:00 am,50.0
15-Nov-19 08:00:00 am,55.0
15-Nov-19 12:00:00 pm,58.9
15-Nov-19 04:00:00 pm,57.4
15-Nov-19 08:00:00 pm,54.6
16-Nov-19 12:00:00 am,52.4
16-Nov-19 04:00:00 am,51.6
16-Nov-19 08:00:00 am,54.5
16-Nov-19 12:00:00 pm,55.7
16-Nov-19 04:00:00 pm,52.1
16-Nov-19 08:00:00 pm,54.6
17-Nov-19 12:00:00 am,53.4
17-Nov-19 04:00:00 am,53.2
17-Nov-19 08:00:00 am,54.9
17-Nov-19 12:00:00 pm,58.2
17-Nov-19 04:00:00 pm,55.7
17-Nov-19 08:00:00 pm,53.2
18-Nov-19 12:00:00 am,51.8
18-Nov-19 04:00:00 am,49.9
18-Nov-19 08:00:00 am,50.0
18-Nov-19 12:00:00 pm,50.4
18-Nov-19 04:00:00 pm,50.8
18-Nov-19 08:00:00 pm,52.2
19-Nov-19 12:00:00 am,53.2
19-Nov-19 04:00:00 am,50.4
19-Nov-19 08:00:00 am,49.3
19-Nov-19 12:00:00 pm,50.1
19-Nov-19 04:00:00 pm,49.6
19-Nov-19 08:00:00 pm,45.0
20-Nov-19 12:00:00 am,42.9
20-Nov-19 04:00:00 am,42.2
20-Nov-19 08:00:00 am,44.1
20-Nov-19 12:00:00 pm,50.1
20-Nov-19 04:00:00 pm,43.6
20-Nov-19 08:00:00 pm,43.3
21-Nov-19 12:00:00 am,37.1
21-Nov-19 04:00:00 am,35.7
21-Nov-19 08:00:00 am,40.8
21-Nov-19 12:00:00 pm,50.5
21-Nov-19 04:00:00 pm,42.9
21-Nov-19 08:00:00 pm,39.0
22-Nov-19 12:00:00 am,41.7
22-Nov-19 04:00:00 am,39.1
22-Nov-19 08:00:00 am,40.2
22-Nov-19 12:00:00 pm,44.2
22-Nov-19 04:00:00 pm,41.5
22-Nov-19 08:00:00 pm,41.4
23-Nov-19 12:00:00 am,39.8
23-Nov-19 04:00:00 am,37.1
23-Nov-19 08:00:00 am,42.6
23-Nov-19 12:00:00 pm,51.2
23-Nov-19 04:00:00 pm,51.7
23-Nov-19 08:00:00 pm,53.0
24-Nov-19 12:00:00 am,51.3
24-Nov-19 04:00:00 am,45.5
24-Nov-19 08:00:00 am,49.4
24-Nov-19 12:00:00 pm,57.2
24-Nov-19 04:00:00 pm,47.9
24-Nov-19 08:00:00 pm,47.5
25-Nov-19 12:00:00 am,46.3
25-Nov-19 04:00:00 am,44.8
25-Nov-19 08:00:00 am,44.1
25-Nov-19 12:00:00 pm,43.5
25-Nov-19 04:00:00 pm,41.7
25-Nov-19 08:00:00 pm,40.8
26-Nov-19 12:00:00 am,40.3
26-Nov-19 04:00:00 am,37.4
26-Nov-19 08:00:00 am,41.6
26-Nov-19 12:00:00 pm,46.0
26-Nov-19 04:00:00 pm,43.0
26-Nov-19 08:00:00 pm,42.0
27-Nov-19 12:00:00 am,40.2
27-Nov-19 04:00:00 am,40.2
27-Nov-19 08:00:00 am,44.3
27-Nov-19 12:00:00 pm,49.6
27-Nov-19 04:00:00 pm,41.6
27-Nov-19 08:00:00 pm,35.8
28-Nov-19 12:00:00 am,36.4
28-Nov-19 04:00:00 am,33.1
28-Nov-19 08:00:00 am,38.7
28-Nov-19 12:00:00 pm,46.2
28-Nov-19 04:00:00 pm,39.8
28-Nov-19 08:00:00 pm,35.1
29-Nov-19 12:00:00 am,32.4
29-Nov-19 04:00:00 am,30.6
29-Nov-19 08:00:00 am,36.0
29-Nov-19 12:00:00 pm,44.0
29-Nov-19 04:00:00 pm,36.6
29-Nov-19 08:00:00 pm,32.5
30-Nov-19 12:00:00 am,30.5
30-Nov-19 04:00:00 am,29.2
30-Nov-19 08:00:00 am,36.1
30-Nov-19 12:00:00 pm,49.0
30-Nov-19 04:00:00 pm,42.7
30-Nov-19 08:00:00 pm,40.6
01-Dec-19 12:00:00 am,42.7
01-Dec-19 04:00:00 am,44.3
01-Dec-19 08:00:00 am,45.3
01-Dec-19 12:00:00 pm,46.5
01-Dec-19 04:00:00 pm,44.5
01-Dec-19 08:00:00 pm,44.2
02-Dec-19 12:00:00 am,44.0
02-Dec-19 04:00:00 am,42.7
02-Dec-19 08:00:00 am,45.9
02-Dec-19 12:00:00 pm,50.7
02-Dec-19 04:00:00 pm,47.8
02-Dec-19 08:00:00 pm,46.9
03-Dec-19 12:00:00 am,47.3
03-Dec-19 04:00:00 am,49.2
03-Dec-19 08:00:00 am,52.8
03-Dec-19 12:00:00 pm,54.4
03-Dec-19 04:00:00 pm,53.9
03-Dec-19 08:00:00 pm,55.4
04-Dec-19 12:00:00 am,52.7
04-Dec-19 04:00:00 am,52.5
04-Dec-19 08:00:00 am,51.8
04-Dec-19 12:00:00 pm,50.8
04-Dec-19 04:00:00 pm,49.9
04-Dec-19 08:00:00 pm,49.8
05-Dec-19 12:00:00 am,48.3
05-Dec-19 04:00:00 am,47.5
05-Dec-19 08:00:00 am,48.0
05-Dec-19 12:00:00 pm,50.7
05-Dec-19 04:00:00 pm,50.5
05-Dec-19 08:00:00 pm,50.3
06-Dec-19 12:00:00 am,47.5
06-Dec-19 04:00:00 am,46.4
06-Dec-19 08:00:00 am,47.8
06-Dec-19 12:00:00 pm,53.5
06-Dec-19 04:00:00 pm,52.0
06-Dec-19 08:00:00 pm,50.7
07-Dec-19 12:00:00 am,51.6
07-Dec-19 04:00:00 am,48.6
07-Dec-19 08:00:00 am,49.0
07-Dec-19 12:00:00 pm,51.0
07-Dec-19 04:00:00 pm,51.2
07-Dec-19 08:00:00 pm,51.3
08-Dec-19 12:00:00 am,48.8
08-Dec-19 04:00:00 am,49.1
08-Dec-19 08:00:00 am,53.1
08-Dec-19 12:00:00 pm,53.2
08-Dec-19 04:00:00 pm,50.2
08-Dec-19 08:00:00 pm,48.4
09-Dec-19 12:00:00 am,46.9
09-Dec-19 04:00:00 am,45.2
09-Dec-19 08:00:00 am,44.0
09-Dec-19 12:00:00 pm,44.6
09-Dec-19 04:00:00 pm,44.1
09-Dec-19 08:00:00 pm,47.2
10-Dec-19 12:00:00 am,44.0
10-Dec-19 04:00:00 am,42.4
10-Dec-19 08:00:00 am,43.4
10-Dec-19 12:00:00 pm,44.2
10-Dec-19 04:00:00 pm,45.4
10-Dec-19 08:00:00 pm,48.7
11-Dec-19 12:00:00 am,47.6
11-Dec-19 04:00:00 am,46.8
11-Dec-19 08:00:00 am,47.3
11-Dec-19 12:00:00 pm,49.3
11-Dec-19 04:00:00 pm,49.2
11-Dec-19 08:00:00 pm,48.7
12-Dec-19 12:00:00 am,51.1
12-Dec-19 04:00:00 am,50.4
12-Dec-19 08:00:00 am,50.3
12-Dec-19 12:00:00 pm,49.5
12-Dec-19 04:00:00 pm,50.2
12-Dec-19 08:00:00 pm,51.8
13-Dec-19 12:00:00 am,48.2
13-Dec-19 04:00:00 am,47.8
13-Dec-19 08:00:00 am,48.8
13-Dec-19 12:00:00 pm,49.8
13-Dec-19 04:00:00 pm,47.2
13-Dec-19 08:00:00 pm,45.9
14-Dec-19 12:00:00 am,45.8
14-Dec-19 04:00:00 am,45.0
14-Dec-19 08:00:00 am,45.1
14-Dec-19 12:00:00 pm,46.4
14-Dec-19 04:00:00 pm,47.4
14-Dec-19 08:00:00 pm,43.7
15-Dec-19 12:00:00 am,41.6
15-Dec-19 04:00:00 am,39.6
15-Dec-19 08:00:00 am,42.2
15-Dec-19 12:00:00 pm,44.1
15-Dec-19 04:00:00 pm,44.1
15-Dec-19 08:00:00 pm,40.1
16-Dec-19 12:00:00 am,40.5
16-Dec-19 04:00:00 am,39.8
16-Dec-19 08:00:00 am,41.8
16-Dec-19 12:00:00 pm,45.9
16-Dec-19 04:00:00 pm,45.9
16-Dec-19 08:00:00 pm,45.7
17-Dec-19 12:00:00 am,41.0
17-Dec-19 04:00:00 am,39.7
17-Dec-19 08:00:00 am,43.1
17-Dec-19 12:00:00 pm,47.9
17-Dec-19 04:00:00 pm,45.9
17-Dec-19 08:00:00 pm,47.0
18-Dec-19 12:00:00 am,42.6
18-Dec-19 04:00:00 am,41.7
18-Dec-19 08:00:00 am,43.6
18-Dec-19 12:00:00 pm,48.1
18-Dec-19 04:00:00 pm,46.2
18-Dec-19 08:00:00 pm,45.8
19-Dec-19 12:00:00 am,43.7
19-Dec-19 04:00:00 am,45.1
19-Dec-19 08:00:00 am,46.7
19-Dec-19 12:00:00 pm,45.9
19-Dec-19 04:00:00 pm,49.7
19-Dec-19 08:00:00 pm,55.8
20-Dec-19 12:00:00 am,53.8
20-Dec-19 04:00:00 am,52.7
20-Dec-19 08:00:00 am,51.2
20-Dec-19 12:00:00 pm,49.6
20-Dec-19 04:00:00 pm,50.5
20-Dec-19 08:00:00 pm,52.5
21-Dec-19 12:00:00 am,51.6
21-Dec-19 04:00:00 am,46.5
21-Dec-19 08:00:00 am,45.5
21-Dec-19 12:00:00 pm,46.0
21-Dec-19 04:00:00 pm,44.4
21-Dec-19 08:00:00 pm,43.7
22-Dec-19 12:00:00 am,42.4
22-Dec-19 04:00:00 am,41.4
22-Dec-19 08:00:00 am,43.4
22-Dec-19 12:00:00 pm,47.7
22-Dec-19 04:00:00 pm,44.4
22-Dec-19 08:00:00 pm,43.4
23-Dec-19 12:00:00 am,43.7
23-Dec-19 04:00:00 am,43.1
23-Dec-19 08:00:00 am,43.1
23-Dec-19 12:00:00 pm,45.5
23-Dec-19 04:00:00 pm,43.4
23-Dec-19 08:00:00 pm,43.1
24-Dec-19 12:00:00 am,39.9
24-Dec-19 04:00:00 am,38.5
24-Dec-19 08:00:00 am,38.4
24-Dec-19 12:00:00 pm,42.7
24-Dec-19 04:00:00 pm,40.8
24-Dec-19 08:00:00 pm,39.8
25-Dec-19 12:00:00 am,37.4
25-Dec-19 04:00:00 am,37.6
25-Dec-19 08:00:00 am,39.7
25-Dec-19 12:00:00 pm,44.4
25-Dec-19 04:00:00 pm,39.5
25-Dec-19 08:00:00 pm,36.4
26-Dec-19 12:00:00 am,33.5
26-Dec-19 04:00:00 am,32.8
26-Dec-19 08:00:00 am,36.1
26-Dec-19 12:00:00 pm,40.6
26-Dec-19 04:00:00 pm,39.3
26-Dec-19 08:00:00 pm,42.6
27-Dec-19 12:00:00 am,40.3
27-Dec-19 04:00:00 am,41.6
27-Dec-19 08:00:00 am,43.7
27-Dec-19 12:00:00 pm,45.0
27-Dec-19 04:00:00 pm,42.3
27-Dec-19 08:00:00 pm,42.3
28-Dec-19 12:00:00 am,42.3
28-Dec-19 04:00:00 am,41.9
28-Dec-19 08:00:00 am,45.4
28-Dec-19 12:00:00 pm,49.3
28-Dec-19 04:00:00 pm,49.0
28-Dec-19 08:00:00 pm,45.2
29-Dec-19 12:00:00 am,44.5
29-Dec-19 04:00:00 am,44.2
29-Dec-19 08:00:00 am,47.8
29-Dec-19 12:00:00 pm,54.8
29-Dec-19 04:00:00 pm,48.9
29-Dec-19 08:00:00 pm,45.1
30-Dec-19 12:00:00 am,44.7
30-Dec-19 04:00:00 am,45.2
30-Dec-19 08:00:00 am,46.6
30-Dec-19 12:00:00 pm,49.1
30-Dec-19 04:00:00 pm,49.6
30-Dec-19 08:00:00 pm,51.7
31-Dec-19 12:00:00 am,48.6
31-Dec-19 04:00:00 am,49.0
31-Dec-19 08:00:00 am,51.1
31-Dec-19 12:00:00 pm,51.9
31-Dec-19 04:00:00 pm,52.3
31-Dec-19 08:00:00 pm,55.2