Timestamp,RTU_1 FanSpd(%)
01-Jan-19 12:00:00 am,0
01-Jan-19 04:00:00 am,24
01-Jan-19 08:00:00 am,56
01-Jan-19 12:00:00 pm,56
01-Jan-19 04:00:00 pm,31
01-Jan-19 08:00:00 pm,0
02-Jan-19 12:00:00 am,5
02-Jan-19 04:00:00 am,25
02-Jan-19 08:00:00 am,57
02-Jan-19 12:00:00 pm,58
02-Jan-19 04:00:00 pm,32
02-Jan-19 08:00:00 pm,5
03-Jan-19 12:00:00 am,0
03-Jan-19 04:00:00 am,22
03-Jan-19 08:00:00 am,57
03-Jan-19 12:00:00 pm,58
03-Jan-19 04:00:00 pm,32
03-Jan-19 08:00:00 pm,5
04-Jan-19 12:00:00 am,0
04-Jan-19 04:00:00 am,25
04-Jan-19 08:00:00 am,57
04-Jan-19 12:00:00 pm,58
04-Jan-19 04:00:00 pm,32
04-Jan-19 08:00:00 pm,0
05-Jan-19 12:00:00 am,0
05-Jan-19 04:00:00 am,0
05-Jan-19 08:00:00 am,0
05-Jan-19 12:00:00 pm,0
05-Jan-19 04:00:00 pm,0
05-Jan-19 08:00:00 pm,0
06-Jan-19 12:00:00 am,0
06-Jan-19 04:00:00 am,0
06-Jan-19 08:00:00 am,0
06-Jan-19 12:00:00 pm,0
06-Jan-19 04:00:00 pm,5
06-Jan-19 08:00:00 pm,0
07-Jan-19 12:00:00 am,0
07-Jan-19 04:00:00 am,15
07-Jan-19 08:00:00 am,57
07-Jan-19 12:00:00 pm,57
07-Jan-19 04:00:00 pm,32
07-Jan-19 08:00:00 pm,4
08-Jan-19 12:00:00 am,0
08-Jan-19 04:00:00 am,25
08-Jan-19 08:00:00 am,56
08-Jan-19 12:00:00 pm,57
08-Jan-19 04:00:00 pm,32
08-Jan-19 08:00:00 pm,5
09-Jan-19 12:00:00 am,0
09-Jan-19 04:00:00 am,25
09-Jan-19 08:00:00 am,57
09-Jan-19 12:00:00 pm,58
09-Jan-19 04:00:00 pm,32
09-Jan-19 08:00:00 pm,5
10-Jan-19 12:00:00 am,0
10-Jan-19 04:00:00 am,25
10-Jan-19 08:00:00 am,57
10-Jan-19 12:00:00 pm,58
10-Jan-19 04:00:00 pm,32
10-Jan-19 08:00:00 pm,5
11-Jan-19 12:00:00 am,0
11-Jan-19 04:00:00 am,25
11-Jan-19 08:00:00 am,57
11-Jan-19 12:00:00 pm,58
11-Jan-19 04:00:00 pm,32
11-Jan-19 08:00:00 pm,0
12-Jan-19 12:00:00 am,0
12-Jan-19 04:00:00 am,5
12-Jan-19 08:00:00 am,0
12-Jan-19 12:00:00 pm,0
12-Jan-19 04:00:00 pm,0
12-Jan-19 08:00:00 pm,0
13-Jan-19 12:00:00 am,0
13-Jan-19 04:00:00 am,0
13-Jan-19 08:00:00 am,0
13-Jan-19 12:00:00 pm,5
13-Jan-19 04:00:00 pm,5
13-Jan-19 08:00:00 pm,0
14-Jan-19 12:00:00 am,0
14-Jan-19 04:00:00 am,20
14-Jan-19 08:00:00 am,57
14-Jan-19 12:00:00 pm,60
14-Jan-19 04:00:00 pm,33
14-Jan-19 08:00:00 pm,4
15-Jan-19 12:00:00 am,0
15-Jan-19 04:00:00 am,22
15-Jan-19 08:00:00 am,57
15-Jan-19 12:00:00 pm,57
15-Jan-19 04:00:00 pm,32
15-Jan-19 08:00:00 pm,5
16-Jan-19 12:00:00 am,0
16-Jan-19 04:00:00 am,25
16-Jan-19 08:00:00 am,57
16-Jan-19 12:00:00 pm,58
16-Jan-19 04:00:00 pm,32
16-Jan-19 08:00:00 pm,5
17-Jan-19 12:00:00 am,0
17-Jan-19 04:00:00 am,25
17-Jan-19 08:00:00 am,58
17-Jan-19 12:00:00 pm,58
17-Jan-19 04:00:00 pm,32
17-Jan-19 08:00:00 pm,5
18-Jan-19 12:00:00 am,0
18-Jan-19 04:00:00 am,25
18-Jan-19 08:00:00 am,57
18-Jan-19 12:00:00 pm,58
18-Jan-19 04:00:00 pm,32
18-Jan-19 08:00:00 pm,0
19-Jan-19 12:00:00 am,0
19-Jan-19 04:00:00 am,0
19-Jan-19 08:00:00 am,5
19-Jan-19 12:00:00 pm,0
19-Jan-19 04:00:00 pm,0
19-Jan-19 08:00:00 pm,0
20-Jan-19 12:00:00 am,0
20-Jan-19 04:00:00 am,0
20-Jan-19 08:00:00 am,0
20-Jan-19 12:00:00 pm,0
20-Jan-19 04:00:00 pm,0
20-Jan-19 08:00:00 pm,0
21-Jan-19 12:00:00 am,0
21-Jan-19 04:00:00 am,24
21-Jan-19 08:00:00 am,56
21-Jan-19 12:00:00 pm,56
21-Jan-19 04:00:00 pm,32
21-Jan-19 08:00:00 pm,0
22-Jan-19 12:00:00 am,0
22-Jan-19 04:00:00 am,20
22-Jan-19 08:00:00 am,57
22-Jan-19 12:00:00 pm,57
22-Jan-19 04:00:00 pm,32
22-Jan-19 08:00:00 pm,5
23-Jan-19 12:00:00 am,0
23-Jan-19 04:00:00 am,25
23-Jan-19 08:00:00 am,57
23-Jan-19 12:00:00 pm,57
23-Jan-19 04:00:00 pm,32
23-Jan-19 08:00:00 pm,0
24-Jan-19 12:00:00 am,0
24-Jan-19 04:00:00 am,25
24-Jan-19 08:00:00 am,57
24-Jan-19 12:00:00 pm,57
24-Jan-19 04:00:00 pm,32
24-Jan-19 08:00:00 pm,4
25-Jan-19 12:00:00 am,0
25-Jan-19 04:00:00 am,24
25-Jan-19 08:00:00 am,56
25-Jan-19 12:00:00 pm,58
25-Jan-19 04:00:00 pm,32
25-Jan-19 08:00:00 pm,5
26-Jan-19 12:00:00 am,0
26-Jan-19 04:00:00 am,0
26-Jan-19 08:00:00 am,0
26-Jan-19 12:00:00 pm,5
26-Jan-19 04:00:00 pm,0
26-Jan-19 08:00:00 pm,0
27-Jan-19 12:00:00 am,0
27-Jan-19 04:00:00 am,2
27-Jan-19 08:00:00 am,2
27-Jan-19 12:00:00 pm,0
27-Jan-19 04:00:00 pm,0
27-Jan-19 08:00:00 pm,0
28-Jan-19 12:00:00 am,0
28-Jan-19 04:00:00 am,4
28-Jan-19 08:00:00 am,53
28-Jan-19 12:00:00 pm,58
28-Jan-19 04:00:00 pm,32
28-Jan-19 08:00:00 pm,5
29-Jan-19 12:00:00 am,0
29-Jan-19 04:00:00 am,13
29-Jan-19 08:00:00 am,56
29-Jan-19 12:00:00 pm,60
29-Jan-19 04:00:00 pm,32
29-Jan-19 08:00:00 pm,4
30-Jan-19 12:00:00 am,0
30-Jan-19 04:00:00 am,25
30-Jan-19 08:00:00 am,57
30-Jan-19 12:00:00 pm,58
30-Jan-19 04:00:00 pm,32
30-Jan-19 08:00:00 pm,5
31-Jan-19 12:00:00 am,0
31-Jan-19 04:00:00 am,25
31-Jan-19 08:00:00 am,57
31-Jan-19 12:00:00 pm,58
31-Jan-19 04:00:00 pm,32
31-Jan-19 08:00:00 pm,5
01-Feb-19 12:00:00 am,0
01-Feb-19 04:00:00 am,25
01-Feb-19 08:00:00 am,57
01-Feb-19 12:00:00 pm,58
01-Feb-19 04:00:00 pm,32
01-Feb-19 08:00:00 pm,0
02-Feb-19 12:00:00 am,0
02-Feb-19 04:00:00 am,0
02-Feb-19 08:00:00 am,0
02-Feb-19 12:00:00 pm,0
02-Feb-19 04:00:00 pm,0
02-Feb-19 08:00:00 pm,0
03-Feb-19 12:00:00 am,0
03-Feb-19 04:00:00 am,0
03-Feb-19 08:00:00 am,0
03-Feb-19 12:00:00 pm,0
03-Feb-19 04:00:00 pm,5
03-Feb-19 08:00:00 pm,0
04-Feb-19 12:00:00 am,0
04-Feb-19 04:00:00 am,25
04-Feb-19 08:00:00 am,57
04-Feb-19 12:00:00 pm,56
04-Feb-19 04:00:00 pm,36
04-Feb-19 08:00:00 pm,0
05-Feb-19 12:00:00 am,0
05-Feb-19 04:00:00 am,24
05-Feb-19 08:00:00 am,57
05-Feb-19 12:00:00 pm,58
05-Feb-19 04:00:00 pm,32
05-Feb-19 08:00:00 pm,2
06-Feb-19 12:00:00 am,0
06-Feb-19 04:00:00 am,24
06-Feb-19 08:00:00 am,56
06-Feb-19 12:00:00 pm,58
06-Feb-19 04:00:00 pm,32
06-Feb-19 08:00:00 pm,4
07-Feb-19 12:00:00 am,0
07-Feb-19 04:00:00 am,24
07-Feb-19 08:00:00 am,56
07-Feb-19 12:00:00 pm,57
07-Feb-19 04:00:00 pm,32
07-Feb-19 08:00:00 pm,4
08-Feb-19 12:00:00 am,4
08-Feb-19 04:00:00 am,24
08-Feb-19 08:00:00 am,57
08-Feb-19 12:00:00 pm,57
08-Feb-19 04:00:00 pm,32
08-Feb-19 08:00:00 pm,0
09-Feb-19 12:00:00 am,0
09-Feb-19 04:00:00 am,0
09-Feb-19 08:00:00 am,0
09-Feb-19 12:00:00 pm,0
09-Feb-19 04:00:00 pm,0
09-Feb-19 08:00:00 pm,0
10-Feb-19 12:00:00 am,0
10-Feb-19 04:00:00 am,0
10-Feb-19 08:00:00 am,0
10-Feb-19 12:00:00 pm,0
10-Feb-19 04:00:00 pm,0
10-Feb-19 08:00:00 pm,5
11-Feb-19 12:00:00 am,0
11-Feb-19 04:00:00 am,6
11-Feb-19 08:00:00 am,59
11-Feb-19 12:00:00 pm,57
11-Feb-19 04:00:00 pm,32
11-Feb-19 08:00:00 pm,5
12-Feb-19 12:00:00 am,0
12-Feb-19 04:00:00 am,25
12-Feb-19 08:00:00 am,57
12-Feb-19 12:00:00 pm,57
12-Feb-19 04:00:00 pm,32
12-Feb-19 08:00:00 pm,5
13-Feb-19 12:00:00 am,0
13-Feb-19 04:00:00 am,12
13-Feb-19 08:00:00 am,57
13-Feb-19 12:00:00 pm,57
13-Feb-19 04:00:00 pm,32
13-Feb-19 08:00:00 pm,0
14-Feb-19 12:00:00 am,0
14-Feb-19 04:00:00 am,25
14-Feb-19 08:00:00 am,58
14-Feb-19 12:00:00 pm,58
14-Feb-19 04:00:00 pm,33
14-Feb-19 08:00:00 pm,5
15-Feb-19 12:00:00 am,5
15-Feb-19 04:00:00 am,15
15-Feb-19 08:00:00 am,57
15-Feb-19 12:00:00 pm,58
15-Feb-19 04:00:00 pm,33
15-Feb-19 08:00:00 pm,0
16-Feb-19 12:00:00 am,0
16-Feb-19 04:00:00 am,0
16-Feb-19 08:00:00 am,0
16-Feb-19 12:00:00 pm,0
16-Feb-19 04:00:00 pm,0
16-Feb-19 08:00:00 pm,0
17-Feb-19 12:00:00 am,0
17-Feb-19 04:00:00 am,4
17-Feb-19 08:00:00 am,0
17-Feb-19 12:00:00 pm,0
17-Feb-19 04:00:00 pm,5
17-Feb-19 08:00:00 pm,0
18-Feb-19 12:00:00 am,0
18-Feb-19 04:00:00 am,0
18-Feb-19 08:00:00 am,33
18-Feb-19 12:00:00 pm,56
18-Feb-19 04:00:00 pm,34
18-Feb-19 08:00:00 pm,9
19-Feb-19 12:00:00 am,0
19-Feb-19 04:00:00 am,1
19-Feb-19 08:00:00 am,56
19-Feb-19 12:00:00 pm,57
19-Feb-19 04:00:00 pm,37
19-Feb-19 08:00:00 pm,4
20-Feb-19 12:00:00 am,0
20-Feb-19 04:00:00 am,25
20-Feb-19 08:00:00 am,57
20-Feb-19 12:00:00 pm,57
20-Feb-19 04:00:00 pm,32
20-Feb-19 08:00:00 pm,4
21-Feb-19 12:00:00 am,0
21-Feb-19 04:00:00 am,25
21-Feb-19 08:00:00 am,57
21-Feb-19 12:00:00 pm,59
21-Feb-19 04:00:00 pm,32
21-Feb-19 08:00:00 pm,4
22-Feb-19 12:00:00 am,0
22-Feb-19 04:00:00 am,25
22-Feb-19 08:00:00 am,56
22-Feb-19 12:00:00 pm,57
22-Feb-19 04:00:00 pm,32
22-Feb-19 08:00:00 pm,0
23-Feb-19 12:00:00 am,0
23-Feb-19 04:00:00 am,0
23-Feb-19 08:00:00 am,0
23-Feb-19 12:00:00 pm,0
23-Feb-19 04:00:00 pm,0
23-Feb-19 08:00:00 pm,0
24-Feb-19 12:00:00 am,0
24-Feb-19 04:00:00 am,0
24-Feb-19 08:00:00 am,0
24-Feb-19 12:00:00 pm,0
24-Feb-19 04:00:00 pm,0
24-Feb-19 08:00:00 pm,2
25-Feb-19 12:00:00 am,0
25-Feb-19 04:00:00 am,28
25-Feb-19 08:00:00 am,57
25-Feb-19 12:00:00 pm,59
25-Feb-19 04:00:00 pm,32
25-Feb-19 08:00:00 pm,5
26-Feb-19 12:00:00 am,0
26-Feb-19 04:00:00 am,15
26-Feb-19 08:00:00 am,57
26-Feb-19 12:00:00 pm,60
26-Feb-19 04:00:00 pm,32
26-Feb-19 08:00:00 pm,4
27-Feb-19 12:00:00 am,0
27-Feb-19 04:00:00 am,25
27-Feb-19 08:00:00 am,57
27-Feb-19 12:00:00 pm,57
27-Feb-19 04:00:00 pm,34
27-Feb-19 08:00:00 pm,3
28-Feb-19 12:00:00 am,0
28-Feb-19 04:00:00 am,24
28-Feb-19 08:00:00 am,57
28-Feb-19 12:00:00 pm,60
28-Feb-19 04:00:00 pm,33
28-Feb-19 08:00:00 pm,0
01-Mar-19 12:00:00 am,0
01-Mar-19 04:00:00 am,25
01-Mar-19 08:00:00 am,57
01-Mar-19 12:00:00 pm,60
01-Mar-19 04:00:00 pm,32
01-Mar-19 08:00:00 pm,0
02-Mar-19 12:00:00 am,0
02-Mar-19 04:00:00 am,0
02-Mar-19 08:00:00 am,0
02-Mar-19 12:00:00 pm,0
02-Mar-19 04:00:00 pm,0
02-Mar-19 08:00:00 pm,5
03-Mar-19 12:00:00 am,0
03-Mar-19 04:00:00 am,0
03-Mar-19 08:00:00 am,0
03-Mar-19 12:00:00 pm,0
03-Mar-19 04:00:00 pm,0
03-Mar-19 08:00:00 pm,0
04-Mar-19 12:00:00 am,0
04-Mar-19 04:00:00 am,25
04-Mar-19 08:00:00 am,57
04-Mar-19 12:00:00 pm,59
04-Mar-19 04:00:00 pm,30
04-Mar-19 08:00:00 pm,2
05-Mar-19 12:00:00 am,0
05-Mar-19 04:00:00 am,25
05-Mar-19 08:00:00 am,57
05-Mar-19 12:00:00 pm,59
05-Mar-19 04:00:00 pm,33
05-Mar-19 08:00:00 pm,4
06-Mar-19 12:00:00 am,0
06-Mar-19 04:00:00 am,25
06-Mar-19 08:00:00 am,58
06-Mar-19 12:00:00 pm,58
06-Mar-19 04:00:00 pm,33
06-Mar-19 08:00:00 pm,5
07-Mar-19 12:00:00 am,0
07-Mar-19 04:00:00 am,7
07-Mar-19 08:00:00 am,57
07-Mar-19 12:00:00 pm,57
07-Mar-19 04:00:00 pm,32
07-Mar-19 08:00:00 pm,4
08-Mar-19 12:00:00 am,0
08-Mar-19 04:00:00 am,25
08-Mar-19 08:00:00 am,57
08-Mar-19 12:00:00 pm,58
08-Mar-19 04:00:00 pm,33
08-Mar-19 08:00:00 pm,5
09-Mar-19 12:00:00 am,0
09-Mar-19 04:00:00 am,0
09-Mar-19 08:00:00 am,0
09-Mar-19 12:00:00 pm,2
09-Mar-19 04:00:00 pm,0
09-Mar-19 08:00:00 pm,0
10-Mar-19 12:00:00 am,0
10-Mar-19 05:00:00 am,0
10-Mar-19 09:00:00 am,0
10-Mar-19 01:00:00 pm,0
10-Mar-19 05:00:00 pm,0
10-Mar-19 09:00:00 pm,0
11-Mar-19 01:00:00 am,0
11-Mar-19 05:00:00 am,39
11-Mar-19 09:00:00 am,57
11-Mar-19 01:00:00 pm,57
11-Mar-19 05:00:00 pm,18
11-Mar-19 09:00:00 pm,5
12-Mar-19 01:00:00 am,0
12-Mar-19 05:00:00 am,39
12-Mar-19 09:00:00 am,57
12-Mar-19 01:00:00 pm,57
12-Mar-19 05:00:00 pm,20
12-Mar-19 09:00:00 pm,5
13-Mar-19 01:00:00 am,0
13-Mar-19 05:00:00 am,39
13-Mar-19 09:00:00 am,56
13-Mar-19 01:00:00 pm,58
13-Mar-19 05:00:00 pm,17
13-Mar-19 09:00:00 pm,2
14-Mar-19 01:00:00 am,0
14-Mar-19 05:00:00 am,35
14-Mar-19 09:00:00 am,57
14-Mar-19 01:00:00 pm,58
14-Mar-19 05:00:00 pm,18
14-Mar-19 09:00:00 pm,2
15-Mar-19 01:00:00 am,0
15-Mar-19 05:00:00 am,39
15-Mar-19 09:00:00 am,57
15-Mar-19 01:00:00 pm,59
15-Mar-19 05:00:00 pm,18
15-Mar-19 09:00:00 pm,0
16-Mar-19 01:00:00 am,0
16-Mar-19 05:00:00 am,0
16-Mar-19 09:00:00 am,5
16-Mar-19 01:00:00 pm,0
16-Mar-19 05:00:00 pm,2
16-Mar-19 09:00:00 pm,0
17-Mar-19 01:00:00 am,0
17-Mar-19 05:00:00 am,0
17-Mar-19 09:00:00 am,0
17-Mar-19 01:00:00 pm,0
17-Mar-19 05:00:00 pm,7
17-Mar-19 09:00:00 pm,0
18-Mar-19 01:00:00 am,5
18-Mar-19 05:00:00 am,39
18-Mar-19 09:00:00 am,58
18-Mar-19 01:00:00 pm,61
18-Mar-19 05:00:00 pm,19
18-Mar-19 09:00:00 pm,5
19-Mar-19 01:00:00 am,0
19-Mar-19 05:00:00 am,39
19-Mar-19 09:00:00 am,58
19-Mar-19 01:00:00 pm,65
19-Mar-19 05:00:00 pm,20
19-Mar-19 09:00:00 pm,3
20-Mar-19 01:00:00 am,0
20-Mar-19 05:00:00 am,39
20-Mar-19 09:00:00 am,59
20-Mar-19 01:00:00 pm,65
20-Mar-19 05:00:00 pm,21
20-Mar-19 09:00:00 pm,5
21-Mar-19 01:00:00 am,0
21-Mar-19 05:00:00 am,39
21-Mar-19 09:00:00 am,57
21-Mar-19 01:00:00 pm,60
21-Mar-19 05:00:00 pm,23
21-Mar-19 09:00:00 pm,0
22-Mar-19 01:00:00 am,0
22-Mar-19 05:00:00 am,39
22-Mar-19 09:00:00 am,58
22-Mar-19 01:00:00 pm,60
22-Mar-19 05:00:00 pm,18
22-Mar-19 09:00:00 pm,0
23-Mar-19 01:00:00 am,0
23-Mar-19 05:00:00 am,0
23-Mar-19 09:00:00 am,2
23-Mar-19 01:00:00 pm,0
23-Mar-19 05:00:00 pm,0
23-Mar-19 09:00:00 pm,0
24-Mar-19 01:00:00 am,0
24-Mar-19 05:00:00 am,0
24-Mar-19 09:00:00 am,0
24-Mar-19 01:00:00 pm,7
24-Mar-19 05:00:00 pm,2
24-Mar-19 09:00:00 pm,0
25-Mar-19 01:00:00 am,0
25-Mar-19 05:00:00 am,39
25-Mar-19 09:00:00 am,57
25-Mar-19 01:00:00 pm,59
25-Mar-19 05:00:00 pm,18
25-Mar-19 09:00:00 pm,5
26-Mar-19 01:00:00 am,0
26-Mar-19 05:00:00 am,39
26-Mar-19 09:00:00 am,58
26-Mar-19 01:00:00 pm,60
26-Mar-19 05:00:00 pm,19
26-Mar-19 09:00:00 pm,5
27-Mar-19 01:00:00 am,0
27-Mar-19 05:00:00 am,39
27-Mar-19 09:00:00 am,58
27-Mar-19 01:00:00 pm,59
27-Mar-19 05:00:00 pm,18
27-Mar-19 09:00:00 pm,2
28-Mar-19 01:00:00 am,0
28-Mar-19 05:00:00 am,39
28-Mar-19 09:00:00 am,58
28-Mar-19 01:00:00 pm,61
28-Mar-19 05:00:00 pm,24
28-Mar-19 09:00:00 pm,0
29-Mar-19 01:00:00 am,0
29-Mar-19 05:00:00 am,39
29-Mar-19 09:00:00 am,57
29-Mar-19 01:00:00 pm,57
29-Mar-19 05:00:00 pm,18
29-Mar-19 09:00:00 pm,0
30-Mar-19 01:00:00 am,0
30-Mar-19 05:00:00 am,0
30-Mar-19 09:00:00 am,0
30-Mar-19 01:00:00 pm,0
30-Mar-19 05:00:00 pm,0
30-Mar-19 09:00:00 pm,0
31-Mar-19 01:00:00 am,0
31-Mar-19 05:00:00 am,0
31-Mar-19 09:00:00 am,0
31-Mar-19 01:00:00 pm,0
31-Mar-19 05:00:00 pm,7
31-Mar-19 09:00:00 pm,0
01-Apr-19 01:00:00 am,0
01-Apr-19 05:00:00 am,36
01-Apr-19 09:00:00 am,56
01-Apr-19 01:00:00 pm,62
01-Apr-19 05:00:00 pm,24
01-Apr-19 09:00:00 pm,0
02-Apr-19 01:00:00 am,0
02-Apr-19 05:00:00 am,37
02-Apr-19 09:00:00 am,59
02-Apr-19 01:00:00 pm,61
02-Apr-19 05:00:00 pm,21
02-Apr-19 09:00:00 pm,0
03-Apr-19 01:00:00 am,0
03-Apr-19 05:00:00 am,36
03-Apr-19 09:00:00 am,58
03-Apr-19 01:00:00 pm,58
03-Apr-19 05:00:00 pm,27
03-Apr-19 09:00:00 pm,0
04-Apr-19 01:00:00 am,0
04-Apr-19 05:00:00 am,34
04-Apr-19 09:00:00 am,58
04-Apr-19 01:00:00 pm,61
04-Apr-19 05:00:00 pm,19
04-Apr-19 09:00:00 pm,0
05-Apr-19 01:00:00 am,0
05-Apr-19 05:00:00 am,34
05-Apr-19 09:00:00 am,51
05-Apr-19 01:00:00 pm,51
05-Apr-19 05:00:00 pm,16
05-Apr-19 09:00:00 pm,0
06-Apr-19 01:00:00 am,0
06-Apr-19 05:00:00 am,5
06-Apr-19 09:00:00 am,0
06-Apr-19 01:00:00 pm,0
06-Apr-19 05:00:00 pm,0
06-Apr-19 09:00:00 pm,0
07-Apr-19 01:00:00 am,0
07-Apr-19 05:00:00 am,0
07-Apr-19 09:00:00 am,9
07-Apr-19 01:00:00 pm,5
07-Apr-19 05:00:00 pm,0
07-Apr-19 09:00:00 pm,0
08-Apr-19 01:00:00 am,0
08-Apr-19 05:00:00 am,39
08-Apr-19 09:00:00 am,57
08-Apr-19 01:00:00 pm,58
08-Apr-19 05:00:00 pm,18
08-Apr-19 09:00:00 pm,0
09-Apr-19 01:00:00 am,0
09-Apr-19 05:00:00 am,38
09-Apr-19 09:00:00 am,57
09-Apr-19 01:00:00 pm,58
09-Apr-19 05:00:00 pm,18
09-Apr-19 09:00:00 pm,0
10-Apr-19 01:00:00 am,0
10-Apr-19 05:00:00 am,37
10-Apr-19 09:00:00 am,55
10-Apr-19 01:00:00 pm,56
10-Apr-19 05:00:00 pm,17
10-Apr-19 09:00:00 pm,0
11-Apr-19 01:00:00 am,0
11-Apr-19 05:00:00 am,35
11-Apr-19 09:00:00 am,54
11-Apr-19 01:00:00 pm,54
11-Apr-19 05:00:00 pm,19
11-Apr-19 09:00:00 pm,7
12-Apr-19 01:00:00 am,0
12-Apr-19 05:00:00 am,34
12-Apr-19 09:00:00 am,52
12-Apr-19 01:00:00 pm,55
12-Apr-19 05:00:00 pm,18
12-Apr-19 09:00:00 pm,0
13-Apr-19 01:00:00 am,0
13-Apr-19 05:00:00 am,0
13-Apr-19 09:00:00 am,5
13-Apr-19 01:00:00 pm,0
13-Apr-19 05:00:00 pm,0
13-Apr-19 09:00:00 pm,0
14-Apr-19 01:00:00 am,0
14-Apr-19 05:00:00 am,0
14-Apr-19 09:00:00 am,0
14-Apr-19 01:00:00 pm,0
14-Apr-19 05:00:00 pm,0
14-Apr-19 09:00:00 pm,0
15-Apr-19 01:00:00 am,0
15-Apr-19 05:00:00 am,38
15-Apr-19 09:00:00 am,57
15-Apr-19 01:00:00 pm,58
15-Apr-19 05:00:00 pm,20
15-Apr-19 09:00:00 pm,2
16-Apr-19 01:00:00 am,0
16-Apr-19 05:00:00 am,34
16-Apr-19 09:00:00 am,51
16-Apr-19 01:00:00 pm,51
16-Apr-19 05:00:00 pm,16
16-Apr-19 09:00:00 pm,10
17-Apr-19 01:00:00 am,0
17-Apr-19 05:00:00 am,43
17-Apr-19 09:00:00 am,58
17-Apr-19 01:00:00 pm,59
17-Apr-19 05:00:00 pm,24
17-Apr-19 09:00:00 pm,5
18-Apr-19 01:00:00 am,0
18-Apr-19 05:00:00 am,34
18-Apr-19 09:00:00 am,51
18-Apr-19 01:00:00 pm,52
18-Apr-19 05:00:00 pm,16
18-Apr-19 09:00:00 pm,5
19-Apr-19 01:00:00 am,0
19-Apr-19 05:00:00 am,35
19-Apr-19 09:00:00 am,58
19-Apr-19 01:00:00 pm,58
19-Apr-19 05:00:00 pm,18
19-Apr-19 09:00:00 pm,0
20-Apr-19 01:00:00 am,0
20-Apr-19 05:00:00 am,0
20-Apr-19 09:00:00 am,0
20-Apr-19 01:00:00 pm,0
20-Apr-19 05:00:00 pm,0
20-Apr-19 09:00:00 pm,0
21-Apr-19 01:00:00 am,0
21-Apr-19 05:00:00 am,0
21-Apr-19 09:00:00 am,0
21-Apr-19 01:00:00 pm,0
21-Apr-19 05:00:00 pm,0
21-Apr-19 09:00:00 pm,0
22-Apr-19 01:00:00 am,0
22-Apr-19 05:00:00 am,39
22-Apr-19 09:00:00 am,58
22-Apr-19 01:00:00 pm,57
22-Apr-19 05:00:00 pm,18
22-Apr-19 09:00:00 pm,4
23-Apr-19 01:00:00 am,0
23-Apr-19 05:00:00 am,34
23-Apr-19 09:00:00 am,50
23-Apr-19 01:00:00 pm,51
23-Apr-19 05:00:00 pm,17
23-Apr-19 09:00:00 pm,2
24-Apr-19 01:00:00 am,0
24-Apr-19 05:00:00 am,35
24-Apr-19 09:00:00 am,51
24-Apr-19 01:00:00 pm,60
24-Apr-19 05:00:00 pm,23
24-Apr-19 09:00:00 pm,5
25-Apr-19 01:00:00 am,0
25-Apr-19 05:00:00 am,38
25-Apr-19 09:00:00 am,57
25-Apr-19 01:00:00 pm,57
25-Apr-19 05:00:00 pm,18
25-Apr-19 09:00:00 pm,5
26-Apr-19 01:00:00 am,0
26-Apr-19 05:00:00 am,36
26-Apr-19 09:00:00 am,58
26-Apr-19 01:00:00 pm,60
26-Apr-19 05:00:00 pm,18
26-Apr-19 09:00:00 pm,0
27-Apr-19 01:00:00 am,0
27-Apr-19 05:00:00 am,0
27-Apr-19 09:00:00 am,0
27-Apr-19 01:00:00 pm,5
27-Apr-19 05:00:00 pm,0
27-Apr-19 09:00:00 pm,0
28-Apr-19 01:00:00 am,0
28-Apr-19 05:00:00 am,0
28-Apr-19 09:00:00 am,0
28-Apr-19 01:00:00 pm,0
28-Apr-19 05:00:00 pm,2
28-Apr-19 09:00:00 pm,0
29-Apr-19 01:00:00 am,0
29-Apr-19 05:00:00 am,39
29-Apr-19 09:00:00 am,58
29-Apr-19 01:00:00 pm,61
29-Apr-19 05:00:00 pm,19
29-Apr-19 09:00:00 pm,5
30-Apr-19 01:00:00 am,0
30-Apr-19 05:00:00 am,35
30-Apr-19 09:00:00 am,56
30-Apr-19 01:00:00 pm,61
30-Apr-19 05:00:00 pm,22
30-Apr-19 09:00:00 pm,5
01-May-19 01:00:00 am,0
01-May-19 05:00:00 am,35
01-May-19 09:00:00 am,56
01-May-19 01:00:00 pm,61
01-May-19 05:00:00 pm,19
01-May-19 09:00:00 pm,5
02-May-19 01:00:00 am,0
02-May-19 05:00:00 am,34
02-May-19 09:00:00 am,56
02-May-19 01:00:00 pm,59
02-May-19 05:00:00 pm,18
02-May-19 09:00:00 pm,5
03-May-19 01:00:00 am,0
03-May-19 05:00:00 am,35
03-May-19 09:00:00 am,53
03-May-19 01:00:00 pm,58
03-May-19 05:00:00 pm,19
03-May-19 09:00:00 pm,0
04-May-19 01:00:00 am,2
04-May-19 05:00:00 am,0
04-May-19 09:00:00 am,0
04-May-19 01:00:00 pm,0
04-May-19 05:00:00 pm,0
04-May-19 09:00:00 pm,0
05-May-19 01:00:00 am,0
05-May-19 05:00:00 am,0
05-May-19 09:00:00 am,0
05-May-19 01:00:00 pm,0
05-May-19 05:00:00 pm,12
05-May-19 09:00:00 pm,0
06-May-19 01:00:00 am,0
06-May-19 05:00:00 am,34
06-May-19 09:00:00 am,55
06-May-19 01:00:00 pm,63
06-May-19 05:00:00 pm,20
06-May-19 09:00:00 pm,5
07-May-19 01:00:00 am,5
07-May-19 05:00:00 am,35
07-May-19 09:00:00 am,58
07-May-19 01:00:00 pm,62
07-May-19 05:00:00 pm,20
07-May-19 09:00:00 pm,2
08-May-19 01:00:00 am,0
08-May-19 05:00:00 am,35
08-May-19 09:00:00 am,52
08-May-19 01:00:00 pm,64
08-May-19 05:00:00 pm,20
08-May-19 09:00:00 pm,5
09-May-19 01:00:00 am,0
09-May-19 05:00:00 am,39
09-May-19 09:00:00 am,59
09-May-19 01:00:00 pm,66
09-May-19 05:00:00 pm,21
09-May-19 09:00:00 pm,2
10-May-19 01:00:00 am,0
10-May-19 05:00:00 am,39
10-May-19 09:00:00 am,60
10-May-19 01:00:00 pm,69
10-May-19 05:00:00 pm,22
10-May-19 09:00:00 pm,0
11-May-19 01:00:00 am,0
11-May-19 05:00:00 am,0
11-May-19 09:00:00 am,0
11-May-19 01:00:00 pm,17
11-May-19 05:00:00 pm,23
11-May-19 09:00:00 pm,0
12-May-19 01:00:00 am,0
12-May-19 05:00:00 am,0
12-May-19 09:00:00 am,0
12-May-19 01:00:00 pm,0
12-May-19 05:00:00 pm,5
12-May-19 09:00:00 pm,0
13-May-19 01:00:00 am,0
13-May-19 05:00:00 am,39
13-May-19 09:00:00 am,58
13-May-19 01:00:00 pm,61
13-May-19 05:00:00 pm,19
13-May-19 09:00:00 pm,5
14-May-19 01:00:00 am,0
14-May-19 05:00:00 am,34
14-May-19 09:00:00 am,51
14-May-19 01:00:00 pm,52
14-May-19 05:00:00 pm,17
14-May-19 09:00:00 pm,5
15-May-19 01:00:00 am,0
15-May-19 05:00:00 am,36
15-May-19 09:00:00 am,57
15-May-19 01:00:00 pm,60
15-May-19 05:00:00 pm,18
15-May-19 09:00:00 pm,5
16-May-19 01:00:00 am,0
16-May-19 05:00:00 am,35
16-May-19 09:00:00 am,52
16-May-19 01:00:00 pm,53
16-May-19 05:00:00 pm,16
16-May-19 09:00:00 pm,5
17-May-19 01:00:00 am,0
17-May-19 05:00:00 am,35
17-May-19 09:00:00 am,54
17-May-19 01:00:00 pm,59
17-May-19 05:00:00 pm,19
17-May-19 09:00:00 pm,0
18-May-19 01:00:00 am,0
18-May-19 05:00:00 am,0
18-May-19 09:00:00 am,0
18-May-19 01:00:00 pm,0
18-May-19 05:00:00 pm,0
18-May-19 09:00:00 pm,0
19-May-19 01:00:00 am,0
19-May-19 05:00:00 am,0
19-May-19 09:00:00 am,5
19-May-19 01:00:00 pm,0
19-May-19 05:00:00 pm,7
19-May-19 09:00:00 pm,0
20-May-19 01:00:00 am,0
20-May-19 05:00:00 am,40
20-May-19 09:00:00 am,58
20-May-19 01:00:00 pm,58
20-May-19 05:00:00 pm,19
20-May-19 09:00:00 pm,5
21-May-19 01:00:00 am,0
21-May-19 05:00:00 am,35
21-May-19 09:00:00 am,58
21-May-19 01:00:00 pm,58
21-May-19 05:00:00 pm,18
21-May-19 09:00:00 pm,5
22-May-19 01:00:00 am,0
22-May-19 05:00:00 am,36
22-May-19 09:00:00 am,55
22-May-19 01:00:00 pm,63
22-May-19 05:00:00 pm,21
22-May-19 09:00:00 pm,5
23-May-19 01:00:00 am,0
23-May-19 05:00:00 am,39
23-May-19 09:00:00 am,59
23-May-19 01:00:00 pm,66
23-May-19 05:00:00 pm,21
23-May-19 09:00:00 pm,5
24-May-19 01:00:00 am,0
24-May-19 05:00:00 am,40
24-May-19 09:00:00 am,58
24-May-19 01:00:00 pm,58
24-May-19 05:00:00 pm,18
24-May-19 09:00:00 pm,0
25-May-19 01:00:00 am,0
25-May-19 05:00:00 am,0
25-May-19 09:00:00 am,0
25-May-19 01:00:00 pm,0
25-May-19 05:00:00 pm,0
25-May-19 09:00:00 pm,0
26-May-19 01:00:00 am,0
26-May-19 05:00:00 am,0
26-May-19 09:00:00 am,0
26-May-19 01:00:00 pm,0
26-May-19 05:00:00 pm,0
26-May-19 09:00:00 pm,0
27-May-19 01:00:00 am,0
27-May-19 05:00:00 am,34
27-May-19 09:00:00 am,55
27-May-19 01:00:00 pm,61
27-May-19 05:00:00 pm,19
27-May-19 09:00:00 pm,0
28-May-19 01:00:00 am,0
28-May-19 05:00:00 am,39
28-May-19 09:00:00 am,58
28-May-19 01:00:00 pm,59
28-May-19 05:00:00 pm,19
28-May-19 09:00:00 pm,5
29-May-19 01:00:00 am,0
29-May-19 05:00:00 am,33
29-May-19 09:00:00 am,58
29-May-19 01:00:00 pm,62
29-May-19 05:00:00 pm,19
29-May-19 09:00:00 pm,0
30-May-19 01:00:00 am,0
30-May-19 05:00:00 am,35
30-May-19 09:00:00 am,58
30-May-19 01:00:00 pm,63
30-May-19 05:00:00 pm,20
30-May-19 09:00:00 pm,0
31-May-19 01:00:00 am,0
31-May-19 05:00:00 am,39
31-May-19 09:00:00 am,58
31-May-19 01:00:00 pm,64
31-May-19 05:00:00 pm,21
31-May-19 09:00:00 pm,0
01-Jun-19 01:00:00 am,0
01-Jun-19 05:00:00 am,0
01-Jun-19 09:00:00 am,2
01-Jun-19 01:00:00 pm,0
01-Jun-19 05:00:00 pm,8
01-Jun-19 09:00:00 pm,4
02-Jun-19 01:00:00 am,0
02-Jun-19 05:00:00 am,0
02-Jun-19 09:00:00 am,0
02-Jun-19 01:00:00 pm,0
02-Jun-19 05:00:00 pm,14
02-Jun-19 09:00:00 pm,0
03-Jun-19 01:00:00 am,0
03-Jun-19 05:00:00 am,47
03-Jun-19 09:00:00 am,46
03-Jun-19 01:00:00 pm,60
03-Jun-19 05:00:00 pm,19
03-Jun-19 09:00:00 pm,0
04-Jun-19 01:00:00 am,0
04-Jun-19 05:00:00 am,35
04-Jun-19 09:00:00 am,59
04-Jun-19 01:00:00 pm,62
04-Jun-19 05:00:00 pm,20
04-Jun-19 09:00:00 pm,2
05-Jun-19 01:00:00 am,0
05-Jun-19 05:00:00 am,37
05-Jun-19 09:00:00 am,59
05-Jun-19 01:00:00 pm,59
05-Jun-19 05:00:00 pm,19
05-Jun-19 09:00:00 pm,5
06-Jun-19 01:00:00 am,0
06-Jun-19 05:00:00 am,34
06-Jun-19 09:00:00 am,55
06-Jun-19 01:00:00 pm,60
06-Jun-19 05:00:00 pm,19
06-Jun-19 09:00:00 pm,5
07-Jun-19 01:00:00 am,2
07-Jun-19 05:00:00 am,35
07-Jun-19 09:00:00 am,58
07-Jun-19 01:00:00 pm,58
07-Jun-19 05:00:00 pm,18
07-Jun-19 09:00:00 pm,0
08-Jun-19 01:00:00 am,0
08-Jun-19 05:00:00 am,0
08-Jun-19 09:00:00 am,0
08-Jun-19 01:00:00 pm,0
08-Jun-19 05:00:00 pm,0
08-Jun-19 09:00:00 pm,0
09-Jun-19 01:00:00 am,0
09-Jun-19 05:00:00 am,0
09-Jun-19 09:00:00 am,0
09-Jun-19 01:00:00 pm,0
09-Jun-19 05:00:00 pm,0
09-Jun-19 09:00:00 pm,6
10-Jun-19 01:00:00 am,0
10-Jun-19 05:00:00 am,34
10-Jun-19 09:00:00 am,57
10-Jun-19 01:00:00 pm,65
10-Jun-19 05:00:00 pm,21
10-Jun-19 09:00:00 pm,2
11-Jun-19 01:00:00 am,0
11-Jun-19 05:00:00 am,40
11-Jun-19 09:00:00 am,59
11-Jun-19 01:00:00 pm,71
11-Jun-19 05:00:00 pm,22
11-Jun-19 09:00:00 pm,5
12-Jun-19 01:00:00 am,5
12-Jun-19 05:00:00 am,50
12-Jun-19 09:00:00 am,65
12-Jun-19 01:00:00 pm,76
12-Jun-19 05:00:00 pm,24
12-Jun-19 09:00:00 pm,3
13-Jun-19 01:00:00 am,18
13-Jun-19 05:00:00 am,50
13-Jun-19 09:00:00 am,60
13-Jun-19 01:00:00 pm,69
13-Jun-19 05:00:00 pm,21
13-Jun-19 09:00:00 pm,5
14-Jun-19 01:00:00 am,0
14-Jun-19 05:00:00 am,43
14-Jun-19 09:00:00 am,58
14-Jun-19 01:00:00 pm,60
14-Jun-19 05:00:00 pm,19
14-Jun-19 09:00:00 pm,0
15-Jun-19 01:00:00 am,0
15-Jun-19 05:00:00 am,0
15-Jun-19 09:00:00 am,0
15-Jun-19 01:00:00 pm,0
15-Jun-19 05:00:00 pm,0
15-Jun-19 09:00:00 pm,0
16-Jun-19 01:00:00 am,0
16-Jun-19 05:00:00 am,0
16-Jun-19 09:00:00 am,0
16-Jun-19 01:00:00 pm,0
16-Jun-19 05:00:00 pm,17
16-Jun-19 09:00:00 pm,0
17-Jun-19 01:00:00 am,10
17-Jun-19 05:00:00 am,57
17-Jun-19 09:00:00 am,59
17-Jun-19 01:00:00 pm,64
17-Jun-19 05:00:00 pm,21
17-Jun-19 09:00:00 pm,5
18-Jun-19 01:00:00 am,0
18-Jun-19 05:00:00 am,57
18-Jun-19 09:00:00 am,58
18-Jun-19 01:00:00 pm,60
18-Jun-19 05:00:00 pm,18
18-Jun-19 09:00:00 pm,0
19-Jun-19 01:00:00 am,0
19-Jun-19 05:00:00 am,36
19-Jun-19 09:00:00 am,58
19-Jun-19 01:00:00 pm,60
19-Jun-19 05:00:00 pm,18
19-Jun-19 09:00:00 pm,5
20-Jun-19 01:00:00 am,0
20-Jun-19 05:00:00 am,34
20-Jun-19 09:00:00 am,54
20-Jun-19 01:00:00 pm,59
20-Jun-19 05:00:00 pm,19
20-Jun-19 09:00:00 pm,5
21-Jun-19 01:00:00 am,0
21-Jun-19 05:00:00 am,36
21-Jun-19 09:00:00 am,58
21-Jun-19 01:00:00 pm,60
21-Jun-19 05:00:00 pm,19
21-Jun-19 09:00:00 pm,0
22-Jun-19 01:00:00 am,0
22-Jun-19 05:00:00 am,0
22-Jun-19 09:00:00 am,0
22-Jun-19 01:00:00 pm,0
22-Jun-19 05:00:00 pm,0
22-Jun-19 09:00:00 pm,0
23-Jun-19 01:00:00 am,0
23-Jun-19 05:00:00 am,0
23-Jun-19 09:00:00 am,0
23-Jun-19 01:00:00 pm,0
23-Jun-19 05:00:00 pm,0
23-Jun-19 09:00:00 pm,0
24-Jun-19 01:00:00 am,0
24-Jun-19 05:00:00 am,35
24-Jun-19 09:00:00 am,56
24-Jun-19 01:00:00 pm,61
24-Jun-19 05:00:00 pm,19
24-Jun-19 09:00:00 pm,0
25-Jun-19 01:00:00 am,0
25-Jun-19 05:00:00 am,35
25-Jun-19 09:00:00 am,59
25-Jun-19 01:00:00 pm,62
25-Jun-19 05:00:00 pm,19
25-Jun-19 09:00:00 pm,5
26-Jun-19 01:00:00 am,0
26-Jun-19 05:00:00 am,36
26-Jun-19 09:00:00 am,59
26-Jun-19 01:00:00 pm,61
26-Jun-19 05:00:00 pm,18
26-Jun-19 09:00:00 pm,5
27-Jun-19 01:00:00 am,0
27-Jun-19 05:00:00 am,35
27-Jun-19 09:00:00 am,58
27-Jun-19 01:00:00 pm,61
27-Jun-19 05:00:00 pm,19
27-Jun-19 09:00:00 pm,2
28-Jun-19 01:00:00 am,0
28-Jun-19 05:00:00 am,36
28-Jun-19 09:00:00 am,59
28-Jun-19 01:00:00 pm,61
28-Jun-19 05:00:00 pm,20
28-Jun-19 09:00:00 pm,2
29-Jun-19 01:00:00 am,0
29-Jun-19 05:00:00 am,0
29-Jun-19 09:00:00 am,0
29-Jun-19 01:00:00 pm,5
29-Jun-19 05:00:00 pm,8
29-Jun-19 09:00:00 pm,0
30-Jun-19 01:00:00 am,0
30-Jun-19 05:00:00 am,0
30-Jun-19 09:00:00 am,0
30-Jun-19 01:00:00 pm,8
30-Jun-19 05:00:00 pm,18
30-Jun-19 09:00:00 pm,0
01-Jul-19 01:00:00 am,12
01-Jul-19 05:00:00 am,47
01-Jul-19 09:00:00 am,59
01-Jul-19 01:00:00 pm,69
01-Jul-19 05:00:00 pm,22
01-Jul-19 09:00:00 pm,5
02-Jul-19 01:00:00 am,0
02-Jul-19 05:00:00 am,46
02-Jul-19 09:00:00 am,52
02-Jul-19 01:00:00 pm,59
02-Jul-19 05:00:00 pm,18
02-Jul-19 09:00:00 pm,5
03-Jul-19 01:00:00 am,0
03-Jul-19 05:00:00 am,36
03-Jul-19 09:00:00 am,58
03-Jul-19 01:00:00 pm,59
03-Jul-19 05:00:00 pm,19
03-Jul-19 09:00:00 pm,5
04-Jul-19 01:00:00 am,0
04-Jul-19 05:00:00 am,36
04-Jul-19 09:00:00 am,57
04-Jul-19 01:00:00 pm,60
04-Jul-19 05:00:00 pm,19
04-Jul-19 09:00:00 pm,0
05-Jul-19 01:00:00 am,0
05-Jul-19 05:00:00 am,39
05-Jul-19 09:00:00 am,57
05-Jul-19 01:00:00 pm,59
05-Jul-19 05:00:00 pm,18
05-Jul-19 09:00:00 pm,0
06-Jul-19 01:00:00 am,0
06-Jul-19 05:00:00 am,0
06-Jul-19 09:00:00 am,0
06-Jul-19 01:00:00 pm,0
06-Jul-19 05:00:00 pm,0
06-Jul-19 09:00:00 pm,0
07-Jul-19 01:00:00 am,0
07-Jul-19 05:00:00 am,0
07-Jul-19 09:00:00 am,0
07-Jul-19 01:00:00 pm,0
07-Jul-19 05:00:00 pm,0
07-Jul-19 09:00:00 pm,0
08-Jul-19 01:00:00 am,0
08-Jul-19 05:00:00 am,39
08-Jul-19 09:00:00 am,59
08-Jul-19 01:00:00 pm,63
08-Jul-19 05:00:00 pm,20
08-Jul-19 09:00:00 pm,5
09-Jul-19 01:00:00 am,0
09-Jul-19 05:00:00 am,34
09-Jul-19 09:00:00 am,60
09-Jul-19 01:00:00 pm,61
09-Jul-19 05:00:00 pm,18
09-Jul-19 09:00:00 pm,5
10-Jul-19 01:00:00 am,0
10-Jul-19 05:00:00 am,43
10-Jul-19 09:00:00 am,60
10-Jul-19 01:00:00 pm,61
10-Jul-19 05:00:00 pm,18
10-Jul-19 09:00:00 pm,5
11-Jul-19 01:00:00 am,0
11-Jul-19 05:00:00 am,37
11-Jul-19 09:00:00 am,58
11-Jul-19 01:00:00 pm,62
11-Jul-19 05:00:00 pm,19
11-Jul-19 09:00:00 pm,5
12-Jul-19 01:00:00 am,0
12-Jul-19 05:00:00 am,39
12-Jul-19 09:00:00 am,60
12-Jul-19 01:00:00 pm,65
12-Jul-19 05:00:00 pm,21
12-Jul-19 09:00:00 pm,0
13-Jul-19 01:00:00 am,0
13-Jul-19 05:00:00 am,0
13-Jul-19 09:00:00 am,0
13-Jul-19 01:00:00 pm,8
13-Jul-19 05:00:00 pm,17
13-Jul-19 09:00:00 pm,0
14-Jul-19 01:00:00 am,0
14-Jul-19 05:00:00 am,0
14-Jul-19 09:00:00 am,0
14-Jul-19 01:00:00 pm,17
14-Jul-19 05:00:00 pm,20
14-Jul-19 09:00:00 pm,0
15-Jul-19 01:00:00 am,16
15-Jul-19 05:00:00 am,58
15-Jul-19 09:00:00 am,61
15-Jul-19 01:00:00 pm,61
15-Jul-19 05:00:00 pm,19
15-Jul-19 09:00:00 pm,5
16-Jul-19 01:00:00 am,0
16-Jul-19 05:00:00 am,43
16-Jul-19 09:00:00 am,59
16-Jul-19 01:00:00 pm,64
16-Jul-19 05:00:00 pm,21
16-Jul-19 09:00:00 pm,5
17-Jul-19 01:00:00 am,4
17-Jul-19 05:00:00 am,48
17-Jul-19 09:00:00 am,57
17-Jul-19 01:00:00 pm,60
17-Jul-19 05:00:00 pm,19
17-Jul-19 09:00:00 pm,0
18-Jul-19 01:00:00 am,0
18-Jul-19 05:00:00 am,35
18-Jul-19 09:00:00 am,58
18-Jul-19 01:00:00 pm,61
18-Jul-19 05:00:00 pm,19
18-Jul-19 09:00:00 pm,5
19-Jul-19 01:00:00 am,0
19-Jul-19 05:00:00 am,35
19-Jul-19 09:00:00 am,58
19-Jul-19 01:00:00 pm,60
19-Jul-19 05:00:00 pm,19
19-Jul-19 09:00:00 pm,0
20-Jul-19 01:00:00 am,0
20-Jul-19 05:00:00 am,0
20-Jul-19 09:00:00 am,0
20-Jul-19 01:00:00 pm,0
20-Jul-19 05:00:00 pm,13
20-Jul-19 09:00:00 pm,0
21-Jul-19 01:00:00 am,0
21-Jul-19 05:00:00 am,0
21-Jul-19 09:00:00 am,0
21-Jul-19 01:00:00 pm,14
21-Jul-19 05:00:00 pm,26
21-Jul-19 09:00:00 pm,0
22-Jul-19 01:00:00 am,13
22-Jul-19 05:00:00 am,47
22-Jul-19 09:00:00 am,60
22-Jul-19 01:00:00 pm,68
22-Jul-19 05:00:00 pm,22
22-Jul-19 09:00:00 pm,0
23-Jul-19 01:00:00 am,0
23-Jul-19 05:00:00 am,48
23-Jul-19 09:00:00 am,48
23-Jul-19 01:00:00 pm,53
23-Jul-19 05:00:00 pm,16
23-Jul-19 09:00:00 pm,0
24-Jul-19 01:00:00 am,0
24-Jul-19 05:00:00 am,37
24-Jul-19 09:00:00 am,56
24-Jul-19 01:00:00 pm,64
24-Jul-19 05:00:00 pm,20
24-Jul-19 09:00:00 pm,0
25-Jul-19 01:00:00 am,0
25-Jul-19 05:00:00 am,36
25-Jul-19 09:00:00 am,57
25-Jul-19 01:00:00 pm,68
25-Jul-19 05:00:00 pm,22
25-Jul-19 09:00:00 pm,0
26-Jul-19 01:00:00 am,3
26-Jul-19 05:00:00 am,47
26-Jul-19 09:00:00 am,58
26-Jul-19 01:00:00 pm,69
26-Jul-19 05:00:00 pm,22
26-Jul-19 09:00:00 pm,0
27-Jul-19 01:00:00 am,0
27-Jul-19 05:00:00 am,0
27-Jul-19 09:00:00 am,0
27-Jul-19 01:00:00 pm,0
27-Jul-19 05:00:00 pm,5
27-Jul-19 09:00:00 pm,0
28-Jul-19 01:00:00 am,0
28-Jul-19 05:00:00 am,0
28-Jul-19 09:00:00 am,0
28-Jul-19 01:00:00 pm,6
28-Jul-19 05:00:00 pm,25
28-Jul-19 09:00:00 pm,0
29-Jul-19 01:00:00 am,13
29-Jul-19 05:00:00 am,47
29-Jul-19 09:00:00 am,56
29-Jul-19 01:00:00 pm,69
29-Jul-19 05:00:00 pm,22
29-Jul-19 09:00:00 pm,0
30-Jul-19 01:00:00 am,12
30-Jul-19 05:00:00 am,45
30-Jul-19 09:00:00 am,51
30-Jul-19 01:00:00 pm,64
30-Jul-19 05:00:00 pm,20
30-Jul-19 09:00:00 pm,0
31-Jul-19 01:00:00 am,0
31-Jul-19 05:00:00 am,37
31-Jul-19 09:00:00 am,57
31-Jul-19 01:00:00 pm,68
31-Jul-19 05:00:00 pm,22
31-Jul-19 09:00:00 pm,0
01-Aug-19 01:00:00 am,12
01-Aug-19 05:00:00 am,47
01-Aug-19 09:00:00 am,59
01-Aug-19 01:00:00 pm,70
01-Aug-19 05:00:00 pm,22
01-Aug-19 09:00:00 pm,0
02-Aug-19 01:00:00 am,17
02-Aug-19 05:00:00 am,59
02-Aug-19 09:00:00 am,61
02-Aug-19 01:00:00 pm,68
02-Aug-19 05:00:00 pm,22
02-Aug-19 09:00:00 pm,0
03-Aug-19 01:00:00 am,0
03-Aug-19 05:00:00 am,0
03-Aug-19 09:00:00 am,0
03-Aug-19 01:00:00 pm,13
03-Aug-19 05:00:00 pm,16
03-Aug-19 09:00:00 pm,4
04-Aug-19 01:00:00 am,0
04-Aug-19 05:00:00 am,0
04-Aug-19 09:00:00 am,0
04-Aug-19 01:00:00 pm,25
04-Aug-19 05:00:00 pm,28
04-Aug-19 09:00:00 pm,4
05-Aug-19 01:00:00 am,18
05-Aug-19 05:00:00 am,58
05-Aug-19 09:00:00 am,64
05-Aug-19 01:00:00 pm,72
05-Aug-19 05:00:00 pm,23
05-Aug-19 09:00:00 pm,0
06-Aug-19 01:00:00 am,14
06-Aug-19 05:00:00 am,47
06-Aug-19 09:00:00 am,52
06-Aug-19 01:00:00 pm,69
06-Aug-19 05:00:00 pm,22
06-Aug-19 09:00:00 pm,0
07-Aug-19 01:00:00 am,12
07-Aug-19 05:00:00 am,47
07-Aug-19 09:00:00 am,57
07-Aug-19 01:00:00 pm,66
07-Aug-19 05:00:00 pm,21
07-Aug-19 09:00:00 pm,0
08-Aug-19 01:00:00 am,4
08-Aug-19 05:00:00 am,48
08-Aug-19 09:00:00 am,55
08-Aug-19 01:00:00 pm,61
08-Aug-19 05:00:00 pm,19
08-Aug-19 09:00:00 pm,0
09-Aug-19 01:00:00 am,0
09-Aug-19 05:00:00 am,39
09-Aug-19 09:00:00 am,48
09-Aug-19 01:00:00 pm,62
09-Aug-19 05:00:00 pm,20
09-Aug-19 09:00:00 pm,0
10-Aug-19 01:00:00 am,0
10-Aug-19 05:00:00 am,0
10-Aug-19 09:00:00 am,0
10-Aug-19 01:00:00 pm,0
10-Aug-19 05:00:00 pm,0
10-Aug-19 09:00:00 pm,0
11-Aug-19 01:00:00 am,0
11-Aug-19 05:00:00 am,0
11-Aug-19 09:00:00 am,0
11-Aug-19 01:00:00 pm,0
11-Aug-19 05:00:00 pm,0
11-Aug-19 09:00:00 pm,0
12-Aug-19 01:00:00 am,12
12-Aug-19 05:00:00 am,47
12-Aug-19 09:00:00 am,54
12-Aug-19 01:00:00 pm,68
12-Aug-19 05:00:00 pm,21
12-Aug-19 09:00:00 pm,5
13-Aug-19 01:00:00 am,0
13-Aug-19 05:00:00 am,47
13-Aug-19 09:00:00 am,57
13-Aug-19 01:00:00 pm,69
13-Aug-19 05:00:00 pm,22
13-Aug-19 09:00:00 pm,0
14-Aug-19 01:00:00 am,7
14-Aug-19 05:00:00 am,47
14-Aug-19 09:00:00 am,58
14-Aug-19 01:00:00 pm,70
14-Aug-19 05:00:00 pm,21
14-Aug-19 09:00:00 pm,0
15-Aug-19 01:00:00 am,4
15-Aug-19 05:00:00 am,48
15-Aug-19 09:00:00 am,57
15-Aug-19 01:00:00 pm,66
15-Aug-19 05:00:00 pm,21
15-Aug-19 09:00:00 pm,0
16-Aug-19 01:00:00 am,7
16-Aug-19 05:00:00 am,47
16-Aug-19 09:00:00 am,45
16-Aug-19 01:00:00 pm,47
16-Aug-19 05:00:00 pm,14
16-Aug-19 09:00:00 pm,0
17-Aug-19 01:00:00 am,0
17-Aug-19 05:00:00 am,0
17-Aug-19 09:00:00 am,0
17-Aug-19 01:00:00 pm,0
17-Aug-19 05:00:00 pm,0
17-Aug-19 09:00:00 pm,0
18-Aug-19 01:00:00 am,0
18-Aug-19 05:00:00 am,0
18-Aug-19 09:00:00 am,0
18-Aug-19 01:00:00 pm,9
18-Aug-19 05:00:00 pm,16
18-Aug-19 09:00:00 pm,6
19-Aug-19 01:00:00 am,13
19-Aug-19 05:00:00 am,53
19-Aug-19 09:00:00 am,60
19-Aug-19 01:00:00 pm,63
19-Aug-19 05:00:00 pm,21
19-Aug-19 09:00:00 pm,4
20-Aug-19 01:00:00 am,0
20-Aug-19 05:00:00 am,40
20-Aug-19 09:00:00 am,59
20-Aug-19 01:00:00 pm,66
20-Aug-19 05:00:00 pm,26
20-Aug-19 09:00:00 pm,5
21-Aug-19 01:00:00 am,0
21-Aug-19 05:00:00 am,48
21-Aug-19 09:00:00 am,57
21-Aug-19 01:00:00 pm,60
21-Aug-19 05:00:00 pm,18
21-Aug-19 09:00:00 pm,5
22-Aug-19 01:00:00 am,0
22-Aug-19 05:00:00 am,35
22-Aug-19 09:00:00 am,58
22-Aug-19 01:00:00 pm,62
22-Aug-19 05:00:00 pm,20
22-Aug-19 09:00:00 pm,5
23-Aug-19 01:00:00 am,0
23-Aug-19 05:00:00 am,35
23-Aug-19 09:00:00 am,57
23-Aug-19 01:00:00 pm,61
23-Aug-19 05:00:00 pm,18
23-Aug-19 09:00:00 pm,0
24-Aug-19 01:00:00 am,0
24-Aug-19 05:00:00 am,0
24-Aug-19 09:00:00 am,0
24-Aug-19 01:00:00 pm,0
24-Aug-19 05:00:00 pm,0
24-Aug-19 09:00:00 pm,0
25-Aug-19 01:00:00 am,0
25-Aug-19 05:00:00 am,0
25-Aug-19 09:00:00 am,0
25-Aug-19 01:00:00 pm,9
25-Aug-19 05:00:00 pm,18
25-Aug-19 09:00:00 pm,0
26-Aug-19 01:00:00 am,12
26-Aug-19 05:00:00 am,51
26-Aug-19 09:00:00 am,57
26-Aug-19 01:00:00 pm,67
26-Aug-19 05:00:00 pm,21
26-Aug-19 09:00:00 pm,5
27-Aug-19 01:00:00 am,0
27-Aug-19 05:00:00 am,34
27-Aug-19 09:00:00 am,56
27-Aug-19 01:00:00 pm,69
27-Aug-19 05:00:00 pm,22
27-Aug-19 09:00:00 pm,0
28-Aug-19 01:00:00 am,12
28-Aug-19 05:00:00 am,45
28-Aug-19 09:00:00 am,58
28-Aug-19 01:00:00 pm,72
28-Aug-19 05:00:00 pm,23
28-Aug-19 09:00:00 pm,5
29-Aug-19 01:00:00 am,14
29-Aug-19 05:00:00 am,50
29-Aug-19 09:00:00 am,57
29-Aug-19 01:00:00 pm,65
29-Aug-19 05:00:00 pm,19
29-Aug-19 09:00:00 pm,5
30-Aug-19 01:00:00 am,0
30-Aug-19 05:00:00 am,43
30-Aug-19 09:00:00 am,56
30-Aug-19 01:00:00 pm,64
30-Aug-19 05:00:00 pm,19
30-Aug-19 09:00:00 pm,2
31-Aug-19 01:00:00 am,0
31-Aug-19 05:00:00 am,0
31-Aug-19 09:00:00 am,0
31-Aug-19 01:00:00 pm,0
31-Aug-19 05:00:00 pm,0
31-Aug-19 09:00:00 pm,0
01-Sep-19 01:00:00 am,0
01-Sep-19 05:00:00 am,0
01-Sep-19 09:00:00 am,0
01-Sep-19 01:00:00 pm,21
01-Sep-19 05:00:00 pm,16
01-Sep-19 09:00:00 pm,6
02-Sep-19 01:00:00 am,15
02-Sep-19 05:00:00 am,57
02-Sep-19 09:00:00 am,58
02-Sep-19 01:00:00 pm,63
02-Sep-19 05:00:00 pm,20
02-Sep-19 09:00:00 pm,0
03-Sep-19 01:00:00 am,0
03-Sep-19 05:00:00 am,38
03-Sep-19 09:00:00 am,57
03-Sep-19 01:00:00 pm,69
03-Sep-19 05:00:00 pm,22
03-Sep-19 09:00:00 pm,5
04-Sep-19 01:00:00 am,0
04-Sep-19 05:00:00 am,48
04-Sep-19 09:00:00 am,58
04-Sep-19 01:00:00 pm,68
04-Sep-19 05:00:00 pm,22
04-Sep-19 09:00:00 pm,5
05-Sep-19 01:00:00 am,0
05-Sep-19 05:00:00 am,32
05-Sep-19 09:00:00 am,56
05-Sep-19 01:00:00 pm,64
05-Sep-19 05:00:00 pm,19
05-Sep-19 09:00:00 pm,5
06-Sep-19 01:00:00 am,4
06-Sep-19 05:00:00 am,48
06-Sep-19 09:00:00 am,60
06-Sep-19 01:00:00 pm,67
06-Sep-19 05:00:00 pm,21
06-Sep-19 09:00:00 pm,0
07-Sep-19 01:00:00 am,0
07-Sep-19 05:00:00 am,0
07-Sep-19 09:00:00 am,0
07-Sep-19 01:00:00 pm,0
07-Sep-19 05:00:00 pm,0
07-Sep-19 09:00:00 pm,0
08-Sep-19 01:00:00 am,0
08-Sep-19 05:00:00 am,0
08-Sep-19 09:00:00 am,2
08-Sep-19 01:00:00 pm,2
08-Sep-19 05:00:00 pm,0
08-Sep-19 09:00:00 pm,0
09-Sep-19 01:00:00 am,0
09-Sep-19 05:00:00 am,41
09-Sep-19 09:00:00 am,48
09-Sep-19 01:00:00 pm,49
09-Sep-19 05:00:00 pm,16
09-Sep-19 09:00:00 pm,2
10-Sep-19 01:00:00 am,0
10-Sep-19 05:00:00 am,36
10-Sep-19 09:00:00 am,55
10-Sep-19 01:00:00 pm,60
10-Sep-19 05:00:00 pm,20
10-Sep-19 09:00:00 pm,5
11-Sep-19 01:00:00 am,0
11-Sep-19 05:00:00 am,34
11-Sep-19 09:00:00 am,52
11-Sep-19 01:00:00 pm,62
11-Sep-19 05:00:00 pm,19
11-Sep-19 09:00:00 pm,0
12-Sep-19 01:00:00 am,0
12-Sep-19 05:00:00 am,39
12-Sep-19 09:00:00 am,59
12-Sep-19 01:00:00 pm,63
12-Sep-19 05:00:00 pm,19
12-Sep-19 09:00:00 pm,0
13-Sep-19 01:00:00 am,0
13-Sep-19 05:00:00 am,39
13-Sep-19 09:00:00 am,47
13-Sep-19 01:00:00 pm,59
13-Sep-19 05:00:00 pm,18
13-Sep-19 09:00:00 pm,0
14-Sep-19 01:00:00 am,0
14-Sep-19 05:00:00 am,0
14-Sep-19 09:00:00 am,0
14-Sep-19 01:00:00 pm,0
14-Sep-19 05:00:00 pm,0
14-Sep-19 09:00:00 pm,0
15-Sep-19 01:00:00 am,0
15-Sep-19 05:00:00 am,0
15-Sep-19 09:00:00 am,0
15-Sep-19 01:00:00 pm,0
15-Sep-19 05:00:00 pm,0
15-Sep-19 09:00:00 pm,0
16-Sep-19 01:00:00 am,0
16-Sep-19 05:00:00 am,35
16-Sep-19 09:00:00 am,58
16-Sep-19 01:00:00 pm,61
16-Sep-19 05:00:00 pm,19
16-Sep-19 09:00:00 pm,5
17-Sep-19 01:00:00 am,0
17-Sep-19 05:00:00 am,35
17-Sep-19 09:00:00 am,53
17-Sep-19 01:00:00 pm,55
17-Sep-19 05:00:00 pm,18
17-Sep-19 09:00:00 pm,5
18-Sep-19 01:00:00 am,0
18-Sep-19 05:00:00 am,36
18-Sep-19 09:00:00 am,58
18-Sep-19 01:00:00 pm,63
18-Sep-19 05:00:00 pm,19
18-Sep-19 09:00:00 pm,0
19-Sep-19 01:00:00 am,0
19-Sep-19 05:00:00 am,34
19-Sep-19 09:00:00 am,57
19-Sep-19 01:00:00 pm,61
19-Sep-19 05:00:00 pm,19
19-Sep-19 09:00:00 pm,0
20-Sep-19 01:00:00 am,5
20-Sep-19 05:00:00 am,36
20-Sep-19 09:00:00 am,58
20-Sep-19 01:00:00 pm,59
20-Sep-19 05:00:00 pm,18
20-Sep-19 09:00:00 pm,0
21-Sep-19 01:00:00 am,0
21-Sep-19 05:00:00 am,2
21-Sep-19 09:00:00 am,2
21-Sep-19 01:00:00 pm,0
21-Sep-19 05:00:00 pm,0
21-Sep-19 09:00:00 pm,0
22-Sep-19 01:00:00 am,0
22-Sep-19 05:00:00 am,0
22-Sep-19 09:00:00 am,0
22-Sep-19 01:00:00 pm,0
22-Sep-19 05:00:00 pm,5
22-Sep-19 09:00:00 pm,0
23-Sep-19 01:00:00 am,0
23-Sep-19 05:00:00 am,35
23-Sep-19 09:00:00 am,58
23-Sep-19 01:00:00 pm,58
23-Sep-19 05:00:00 pm,18
23-Sep-19 09:00:00 pm,5
24-Sep-19 01:00:00 am,0
24-Sep-19 05:00:00 am,35
24-Sep-19 09:00:00 am,58
24-Sep-19 01:00:00 pm,60
24-Sep-19 05:00:00 pm,19
24-Sep-19 09:00:00 pm,0
25-Sep-19 01:00:00 am,0
25-Sep-19 05:00:00 am,35
25-Sep-19 09:00:00 am,59
25-Sep-19 01:00:00 pm,62
25-Sep-19 05:00:00 pm,24
25-Sep-19 09:00:00 pm,0
26-Sep-19 01:00:00 am,0
26-Sep-19 05:00:00 am,35
26-Sep-19 09:00:00 am,59
26-Sep-19 01:00:00 pm,61
26-Sep-19 05:00:00 pm,19
26-Sep-19 09:00:00 pm,0
27-Sep-19 01:00:00 am,0
27-Sep-19 05:00:00 am,34
27-Sep-19 09:00:00 am,57
27-Sep-19 01:00:00 pm,59
27-Sep-19 05:00:00 pm,18
27-Sep-19 09:00:00 pm,0
28-Sep-19 01:00:00 am,0
28-Sep-19 05:00:00 am,0
28-Sep-19 09:00:00 am,0
28-Sep-19 01:00:00 pm,5
28-Sep-19 05:00:00 pm,0
28-Sep-19 09:00:00 pm,0
29-Sep-19 01:00:00 am,0
29-Sep-19 05:00:00 am,0
29-Sep-19 09:00:00 am,0
29-Sep-19 01:00:00 pm,0
29-Sep-19 05:00:00 pm,0
29-Sep-19 09:00:00 pm,0
30-Sep-19 01:00:00 am,0
30-Sep-19 05:00:00 am,39
30-Sep-19 09:00:00 am,57
30-Sep-19 01:00:00 pm,59
30-Sep-19 05:00:00 pm,18
30-Sep-19 09:00:00 pm,7
01-Oct-19 01:00:00 am,0
01-Oct-19 05:00:00 am,39
01-Oct-19 09:00:00 am,58
01-Oct-19 01:00:00 pm,61
01-Oct-19 05:00:00 pm,19
01-Oct-19 09:00:00 pm,5
02-Oct-19 01:00:00 am,0
02-Oct-19 05:00:00 am,39
02-Oct-19 09:00:00 am,58
02-Oct-19 01:00:00 pm,59
02-Oct-19 05:00:00 pm,18
02-Oct-19 09:00:00 pm,2
03-Oct-19 01:00:00 am,0
03-Oct-19 05:00:00 am,32
03-Oct-19 09:00:00 am,52
03-Oct-19 01:00:00 pm,59
03-Oct-19 05:00:00 pm,18
03-Oct-19 09:00:00 pm,2
04-Oct-19 01:00:00 am,2
04-Oct-19 05:00:00 am,35
04-Oct-19 09:00:00 am,49
04-Oct-19 01:00:00 pm,49
04-Oct-19 05:00:00 pm,15
04-Oct-19 09:00:00 pm,0
05-Oct-19 01:00:00 am,0
05-Oct-19 05:00:00 am,0
05-Oct-19 09:00:00 am,0
05-Oct-19 01:00:00 pm,0
05-Oct-19 05:00:00 pm,0
05-Oct-19 09:00:00 pm,0
06-Oct-19 01:00:00 am,0
06-Oct-19 05:00:00 am,2
06-Oct-19 09:00:00 am,0
06-Oct-19 01:00:00 pm,5
06-Oct-19 05:00:00 pm,0
06-Oct-19 09:00:00 pm,0
07-Oct-19 01:00:00 am,0
07-Oct-19 05:00:00 am,39
07-Oct-19 09:00:00 am,48
07-Oct-19 01:00:00 pm,54
07-Oct-19 05:00:00 pm,18
07-Oct-19 09:00:00 pm,5
08-Oct-19 01:00:00 am,0
08-Oct-19 05:00:00 am,34
08-Oct-19 09:00:00 am,51
08-Oct-19 01:00:00 pm,52
08-Oct-19 05:00:00 pm,18
08-Oct-19 09:00:00 pm,4
09-Oct-19 01:00:00 am,0
09-Oct-19 05:00:00 am,39
09-Oct-19 09:00:00 am,57
09-Oct-19 01:00:00 pm,59
09-Oct-19 05:00:00 pm,20
09-Oct-19 09:00:00 pm,0
10-Oct-19 01:00:00 am,0
10-Oct-19 05:00:00 am,39
10-Oct-19 09:00:00 am,57
10-Oct-19 01:00:00 pm,59
10-Oct-19 05:00:00 pm,22
10-Oct-19 09:00:00 pm,0
11-Oct-19 01:00:00 am,0
11-Oct-19 05:00:00 am,39
11-Oct-19 09:00:00 am,57
11-Oct-19 01:00:00 pm,61
11-Oct-19 05:00:00 pm,19
11-Oct-19 09:00:00 pm,0
12-Oct-19 01:00:00 am,0
12-Oct-19 05:00:00 am,0
12-Oct-19 09:00:00 am,3
12-Oct-19 01:00:00 pm,2
12-Oct-19 05:00:00 pm,0
12-Oct-19 09:00:00 pm,0
13-Oct-19 01:00:00 am,0
13-Oct-19 05:00:00 am,0
13-Oct-19 09:00:00 am,5
13-Oct-19 01:00:00 pm,0
13-Oct-19 05:00:00 pm,0
13-Oct-19 09:00:00 pm,0
14-Oct-19 01:00:00 am,0
14-Oct-19 05:00:00 am,39
14-Oct-19 09:00:00 am,57
14-Oct-19 01:00:00 pm,60
14-Oct-19 05:00:00 pm,23
14-Oct-19 09:00:00 pm,0
15-Oct-19 01:00:00 am,0
15-Oct-19 05:00:00 am,39
15-Oct-19 09:00:00 am,58
15-Oct-19 01:00:00 pm,58
15-Oct-19 05:00:00 pm,22
15-Oct-19 09:00:00 pm,0
16-Oct-19 01:00:00 am,0
16-Oct-19 05:00:00 am,35
16-Oct-19 09:00:00 am,58
16-Oct-19 01:00:00 pm,58
16-Oct-19 05:00:00 pm,20
16-Oct-19 09:00:00 pm,2
17-Oct-19 01:00:00 am,0
17-Oct-19 05:00:00 am,34
17-Oct-19 09:00:00 am,58
17-Oct-19 01:00:00 pm,58
17-Oct-19 05:00:00 pm,18
17-Oct-19 09:00:00 pm,5
18-Oct-19 01:00:00 am,0
18-Oct-19 05:00:00 am,39
18-Oct-19 09:00:00 am,58
18-Oct-19 01:00:00 pm,58
18-Oct-19 05:00:00 pm,18
18-Oct-19 09:00:00 pm,0
19-Oct-19 01:00:00 am,0
19-Oct-19 05:00:00 am,0
19-Oct-19 09:00:00 am,0
19-Oct-19 01:00:00 pm,0
19-Oct-19 05:00:00 pm,0
19-Oct-19 09:00:00 pm,0
20-Oct-19 01:00:00 am,0
20-Oct-19 05:00:00 am,0
20-Oct-19 09:00:00 am,0
20-Oct-19 01:00:00 pm,0
20-Oct-19 05:00:00 pm,4
20-Oct-19 09:00:00 pm,0
21-Oct-19 01:00:00 am,0
21-Oct-19 05:00:00 am,39
21-Oct-19 09:00:00 am,58
21-Oct-19 01:00:00 pm,58
21-Oct-19 05:00:00 pm,18
21-Oct-19 09:00:00 pm,5
22-Oct-19 01:00:00 am,0
22-Oct-19 05:00:00 am,34
22-Oct-19 09:00:00 am,54
22-Oct-19 01:00:00 pm,58
22-Oct-19 05:00:00 pm,18
22-Oct-19 09:00:00 pm,5
23-Oct-19 01:00:00 am,0
23-Oct-19 05:00:00 am,39
23-Oct-19 09:00:00 am,57
23-Oct-19 01:00:00 pm,59
23-Oct-19 05:00:00 pm,18
23-Oct-19 09:00:00 pm,4
24-Oct-19 01:00:00 am,0
24-Oct-19 05:00:00 am,39
24-Oct-19 09:00:00 am,57
24-Oct-19 01:00:00 pm,58
24-Oct-19 05:00:00 pm,20
24-Oct-19 09:00:00 pm,7
25-Oct-19 01:00:00 am,0
25-Oct-19 05:00:00 am,36
25-Oct-19 09:00:00 am,52
25-Oct-19 01:00:00 pm,53
25-Oct-19 05:00:00 pm,16
25-Oct-19 09:00:00 pm,0
26-Oct-19 01:00:00 am,0
26-Oct-19 05:00:00 am,0
26-Oct-19 09:00:00 am,0
26-Oct-19 01:00:00 pm,0
26-Oct-19 05:00:00 pm,0
26-Oct-19 09:00:00 pm,0
27-Oct-19 01:00:00 am,0
27-Oct-19 05:00:00 am,0
27-Oct-19 09:00:00 am,0
27-Oct-19 01:00:00 pm,0
27-Oct-19 05:00:00 pm,0
27-Oct-19 09:00:00 pm,0
28-Oct-19 01:00:00 am,0
28-Oct-19 05:00:00 am,39
28-Oct-19 09:00:00 am,57
28-Oct-19 01:00:00 pm,61
28-Oct-19 05:00:00 pm,19
28-Oct-19 09:00:00 pm,2
29-Oct-19 01:00:00 am,0
29-Oct-19 05:00:00 am,39
29-Oct-19 09:00:00 am,57
29-Oct-19 01:00:00 pm,60
29-Oct-19 05:00:00 pm,18
29-Oct-19 09:00:00 pm,5
30-Oct-19 01:00:00 am,0
30-Oct-19 05:00:00 am,39
30-Oct-19 09:00:00 am,57
30-Oct-19 01:00:00 pm,60
30-Oct-19 05:00:00 pm,18
30-Oct-19 09:00:00 pm,4
31-Oct-19 01:00:00 am,0
31-Oct-19 05:00:00 am,39
31-Oct-19 09:00:00 am,57
31-Oct-19 01:00:00 pm,60
31-Oct-19 05:00:00 pm,20
31-Oct-19 09:00:00 pm,0
01-Nov-19 01:00:00 am,0
01-Nov-19 05:00:00 am,39
01-Nov-19 09:00:00 am,58
01-Nov-19 01:00:00 pm,60
01-Nov-19 05:00:00 pm,18
01-Nov-19 09:00:00 pm,0
02-Nov-19 01:00:00 am,0
02-Nov-19 05:00:00 am,0
02-Nov-19 09:00:00 am,0
02-Nov-19 01:00:00 pm,0
02-Nov-19 05:00:00 pm,0
02-Nov-19 09:00:00 pm,0
03-Nov-19 01:00:00 am,0
03-Nov-19 04:00:00 am,0
03-Nov-19 08:00:00 am,0
03-Nov-19 12:00:00 pm,0
03-Nov-19 04:00:00 pm,0
03-Nov-19 08:00:00 pm,0
04-Nov-19 12:00:00 am,0
04-Nov-19 04:00:00 am,25
04-Nov-19 08:00:00 am,57
04-Nov-19 12:00:00 pm,59
04-Nov-19 04:00:00 pm,33
04-Nov-19 08:00:00 pm,5
05-Nov-19 12:00:00 am,0
05-Nov-19 04:00:00 am,25
05-Nov-19 08:00:00 am,57
05-Nov-19 12:00:00 pm,60
05-Nov-19 04:00:00 pm,32
05-Nov-19 08:00:00 pm,5
06-Nov-19 12:00:00 am,0
06-Nov-19 04:00:00 am,25
06-Nov-19 08:00:00 am,57
06-Nov-19 12:00:00 pm,61
06-Nov-19 04:00:00 pm,32
06-Nov-19 08:00:00 pm,5
07-Nov-19 12:00:00 am,0
07-Nov-19 04:00:00 am,25
07-Nov-19 08:00:00 am,57
07-Nov-19 12:00:00 pm,59
07-Nov-19 04:00:00 pm,33
07-Nov-19 08:00:00 pm,0
08-Nov-19 12:00:00 am,0
08-Nov-19 04:00:00 am,25
08-Nov-19 08:00:00 am,57
08-Nov-19 12:00:00 pm,60
08-Nov-19 04:00:00 pm,33
08-Nov-19 08:00:00 pm,0
09-Nov-19 12:00:00 am,0
09-Nov-19 04:00:00 am,0
09-Nov-19 08:00:00 am,0
09-Nov-19 12:00:00 pm,0
09-Nov-19 04:00:00 pm,0
09-Nov-19 08:00:00 pm,0
10-Nov-19 12:00:00 am,0
10-Nov-19 04:00:00 am,0
10-Nov-19 08:00:00 am,0
10-Nov-19 12:00:00 pm,0
10-Nov-19 04:00:00 pm,5
10-Nov-19 08:00:00 pm,0
11-Nov-19 12:00:00 am,0
11-Nov-19 04:00:00 am,25
11-Nov-19 08:00:00 am,57
11-Nov-19 12:00:00 pm,58
11-Nov-19 04:00:00 pm,32
11-Nov-19 08:00:00 pm,5
12-Nov-19 12:00:00 am,0
12-Nov-19 04:00:00 am,25
12-Nov-19 08:00:00 am,58
12-Nov-19 12:00:00 pm,58
12-Nov-19 04:00:00 pm,32
12-Nov-19 08:00:00 pm,5
13-Nov-19 12:00:00 am,0
13-Nov-19 04:00:00 am,25
13-Nov-19 08:00:00 am,57
13-Nov-19 12:00:00 pm,59
13-Nov-19 04:00:00 pm,32
13-Nov-19 08:00:00 pm,5
14-Nov-19 12:00:00 am,0
14-Nov-19 04:00:00 am,25
14-Nov-19 08:00:00 am,58
14-Nov-19 12:00:00 pm,58
14-Nov-19 04:00:00 pm,32
14-Nov-19 08:00:00 pm,4
15-Nov-19 12:00:00 am,0
15-Nov-19 04:00:00 am,25
15-Nov-19 08:00:00 am,58
15-Nov-19 12:00:00 pm,57
15-Nov-19 04:00:00 pm,32
15-Nov-19 08:00:00 pm,0
16-Nov-19 12:00:00 am,0
16-Nov-19 04:00:00 am,0
16-Nov-19 08:00:00 am,0
16-Nov-19 12:00:00 pm,0
16-Nov-19 04:00:00 pm,0
16-Nov-19 08:00:00 pm,5
17-Nov-19 12:00:00 am,0
17-Nov-19 04:00:00 am,0
17-Nov-19 08:00:00 am,0
17-Nov-19 12:00:00 pm,0
17-Nov-19 04:00:00 pm,0
17-Nov-19 08:00:00 pm,0
18-Nov-19 12:00:00 am,0
18-Nov-19 04:00:00 am,25
18-Nov-19 08:00:00 am,57
18-Nov-19 12:00:00 pm,57
18-Nov-19 04:00:00 pm,32
18-Nov-19 08:00:00 pm,0
19-Nov-19 12:00:00 am,0
19-Nov-19 04:00:00 am,25
19-Nov-19 08:00:00 am,58
19-Nov-19 12:00:00 pm,57
19-Nov-19 04:00:00 pm,32
19-Nov-19 08:00:00 pm,0
20-Nov-19 12:00:00 am,0
20-Nov-19 04:00:00 am,25
20-Nov-19 08:00:00 am,57
20-Nov-19 12:00:00 pm,60
20-Nov-19 04:00:00 pm,32
20-Nov-19 08:00:00 pm,5
21-Nov-19 12:00:00 am,0
21-Nov-19 04:00:00 am,25
21-Nov-19 08:00:00 am,57
21-Nov-19 12:00:00 pm,60
21-Nov-19 04:00:00 pm,32
21-Nov-19 08:00:00 pm,0
22-Nov-19 12:00:00 am,5
22-Nov-19 04:00:00 am,25
22-Nov-19 08:00:00 am,57
22-Nov-19 12:00:00 pm,53
22-Nov-19 04:00:00 pm,32
22-Nov-19 08:00:00 pm,0
23-Nov-19 12:00:00 am,0
23-Nov-19 04:00:00 am,0
23-Nov-19 08:00:00 am,0
23-Nov-19 12:00:00 pm,0
23-Nov-19 04:00:00 pm,0
23-Nov-19 08:00:00 pm,0
24-Nov-19 12:00:00 am,0
24-Nov-19 04:00:00 am,0
24-Nov-19 08:00:00 am,0
24-Nov-19 12:00:00 pm,5
24-Nov-19 04:00:00 pm,0
24-Nov-19 08:00:00 pm,0
25-Nov-19 12:00:00 am,0
25-Nov-19 04:00:00 am,25
25-Nov-19 08:00:00 am,57
25-Nov-19 12:00:00 pm,57
25-Nov-19 04:00:00 pm,32
25-Nov-19 08:00:00 pm,0
26-Nov-19 12:00:00 am,0
26-Nov-19 04:00:00 am,25
26-Nov-19 08:00:00 am,58
26-Nov-19 12:00:00 pm,58
26-Nov-19 04:00:00 pm,32
26-Nov-19 08:00:00 pm,0
27-Nov-19 12:00:00 am,0
27-Nov-19 04:00:00 am,25
27-Nov-19 08:00:00 am,58
27-Nov-19 12:00:00 pm,59
27-Nov-19 04:00:00 pm,32
27-Nov-19 08:00:00 pm,0
28-Nov-19 12:00:00 am,0
28-Nov-19 04:00:00 am,25
28-Nov-19 08:00:00 am,57
28-Nov-19 12:00:00 pm,58
28-Nov-19 04:00:00 pm,32
28-Nov-19 08:00:00 pm,0
29-Nov-19 12:00:00 am,0
29-Nov-19 04:00:00 am,25
29-Nov-19 08:00:00 am,57
29-Nov-19 12:00:00 pm,58
29-Nov-19 04:00:00 pm,32
29-Nov-19 08:00:00 pm,0
30-Nov-19 12:00:00 am,0
30-Nov-19 04:00:00 am,0
30-Nov-19 08:00:00 am,0
30-Nov-19 12:00:00 pm,0
30-Nov-19 04:00:00 pm,0
30-Nov-19 08:00:00 pm,0
01-Dec-19 12:00:00 am,0
01-Dec-19 04:00:00 am,0
01-Dec-19 08:00:00 am,0
01-Dec-19 12:00:00 pm,0
01-Dec-19 04:00:00 pm,0
01-Dec-19 08:00:00 pm,0
02-Dec-19 12:00:00 am,0
02-Dec-19 04:00:00 am,25
02-Dec-19 08:00:00 am,57
02-Dec-19 12:00:00 pm,58
02-Dec-19 04:00:00 pm,32
02-Dec-19 08:00:00 pm,0
03-Dec-19 12:00:00 am,0
03-Dec-19 04:00:00 am,25
03-Dec-19 08:00:00 am,58
03-Dec-19 12:00:00 pm,58
03-Dec-19 04:00:00 pm,32
03-Dec-19 08:00:00 pm,5
04-Dec-19 12:00:00 am,0
04-Dec-19 04:00:00 am,25
04-Dec-19 08:00:00 am,58
04-Dec-19 12:00:00 pm,58
04-Dec-19 04:00:00 pm,32
04-Dec-19 08:00:00 pm,5
05-Dec-19 12:00:00 am,0
05-Dec-19 04:00:00 am,25
05-Dec-19 08:00:00 am,58
05-Dec-19 12:00:00 pm,58
05-Dec-19 04:00:00 pm,35
05-Dec-19 08:00:00 pm,5
06-Dec-19 12:00:00 am,0
06-Dec-19 04:00:00 am,25
06-Dec-19 08:00:00 am,58
06-Dec-19 12:00:00 pm,58
06-Dec-19 04:00:00 pm,33
06-Dec-19 08:00:00 pm,0
07-Dec-19 12:00:00 am,5
07-Dec-19 04:00:00 am,0
07-Dec-19 08:00:00 am,0
07-Dec-19 12:00:00 pm,0
07-Dec-19 04:00:00 pm,6
07-Dec-19 08:00:00 pm,0
08-Dec-19 12:00:00 am,0
08-Dec-19 04:00:00 am,0
08-Dec-19 08:00:00 am,5
08-Dec-19 12:00:00 pm,0
08-Dec-19 04:00:00 pm,0
08-Dec-19 08:00:00 pm,0
09-Dec-19 12:00:00 am,0
09-Dec-19 04:00:00 am,25
09-Dec-19 08:00:00 am,57
09-Dec-19 12:00:00 pm,57
09-Dec-19 04:00:00 pm,32
09-Dec-19 08:00:00 pm,5
10-Dec-19 12:00:00 am,0
10-Dec-19 04:00:00 am,25
10-Dec-19 08:00:00 am,57
10-Dec-19 12:00:00 pm,57
10-Dec-19 04:00:00 pm,32
10-Dec-19 08:00:00 pm,5
11-Dec-19 12:00:00 am,0
11-Dec-19 04:00:00 am,25
11-Dec-19 08:00:00 am,58
11-Dec-19 12:00:00 pm,58
11-Dec-19 04:00:00 pm,32
11-Dec-19 08:00:00 pm,0
12-Dec-19 12:00:00 am,0
12-Dec-19 04:00:00 am,25
12-Dec-19 08:00:00 am,58
12-Dec-19 12:00:00 pm,57
12-Dec-19 04:00:00 pm,32
12-Dec-19 08:00:00 pm,4
13-Dec-19 12:00:00 am,0
13-Dec-19 04:00:00 am,25
13-Dec-19 08:00:00 am,58
13-Dec-19 12:00:00 pm,57
13-Dec-19 04:00:00 pm,32
13-Dec-19 08:00:00 pm,0
14-Dec-19 12:00:00 am,0
14-Dec-19 04:00:00 am,0
14-Dec-19 08:00:00 am,0
14-Dec-19 12:00:00 pm,0
14-Dec-19 04:00:00 pm,5
14-Dec-19 08:00:00 pm,0
15-Dec-19 12:00:00 am,0
15-Dec-19 04:00:00 am,0
15-Dec-19 08:00:00 am,0
15-Dec-19 12:00:00 pm,0
15-Dec-19 04:00:00 pm,5
15-Dec-19 08:00:00 pm,0
16-Dec-19 12:00:00 am,0
16-Dec-19 04:00:00 am,25
16-Dec-19 08:00:00 am,57
16-Dec-19 12:00:00 pm,57
16-Dec-19 04:00:00 pm,32
16-Dec-19 08:00:00 pm,5
17-Dec-19 12:00:00 am,0
17-Dec-19 04:00:00 am,25
17-Dec-19 08:00:00 am,57
17-Dec-19 12:00:00 pm,57
17-Dec-19 04:00:00 pm,32
17-Dec-19 08:00:00 pm,2
18-Dec-19 12:00:00 am,0
18-Dec-19 04:00:00 am,25
18-Dec-19 08:00:00 am,57
18-Dec-19 12:00:00 pm,58
18-Dec-19 04:00:00 pm,32
18-Dec-19 08:00:00 pm,6
19-Dec-19 12:00:00 am,0
19-Dec-19 04:00:00 am,25
19-Dec-19 08:00:00 am,58
19-Dec-19 12:00:00 pm,58
19-Dec-19 04:00:00 pm,33
19-Dec-19 08:00:00 pm,2
20-Dec-19 12:00:00 am,0
20-Dec-19 04:00:00 am,25
20-Dec-19 08:00:00 am,58
20-Dec-19 12:00:00 pm,59
20-Dec-19 04:00:00 pm,33
20-Dec-19 08:00:00 pm,0
21-Dec-19 12:00:00 am,0
21-Dec-19 04:00:00 am,0
21-Dec-19 08:00:00 am,0
21-Dec-19 12:00:00 pm,0
21-Dec-19 04:00:00 pm,0
21-Dec-19 08:00:00 pm,0
22-Dec-19 12:00:00 am,0
22-Dec-19 04:00:00 am,0
22-Dec-19 08:00:00 am,0
22-Dec-19 12:00:00 pm,5
22-Dec-19 04:00:00 pm,0
22-Dec-19 08:00:00 pm,0
23-Dec-19 12:00:00 am,0
23-Dec-19 04:00:00 am,25
23-Dec-19 08:00:00 am,57
23-Dec-19 12:00:00 pm,57
23-Dec-19 04:00:00 pm,32
23-Dec-19 08:00:00 pm,5
24-Dec-19 12:00:00 am,0
24-Dec-19 04:00:00 am,25
24-Dec-19 08:00:00 am,57
24-Dec-19 12:00:00 pm,57
24-Dec-19 04:00:00 pm,32
24-Dec-19 08:00:00 pm,0
25-Dec-19 12:00:00 am,0
25-Dec-19 04:00:00 am,25
25-Dec-19 08:00:00 am,57
25-Dec-19 12:00:00 pm,57
25-Dec-19 04:00:00 pm,32
25-Dec-19 08:00:00 pm,0
26-Dec-19 12:00:00 am,0
26-Dec-19 04:00:00 am,25
26-Dec-19 08:00:00 am,56
26-Dec-19 12:00:00 pm,57
26-Dec-19 04:00:00 pm,32
26-Dec-19 08:00:00 pm,4
27-Dec-19 12:00:00 am,0
27-Dec-19 04:00:00 am,25
27-Dec-19 08:00:00 am,57
27-Dec-19 12:00:00 pm,57
27-Dec-19 04:00:00 pm,32
27-Dec-19 08:00:00 pm,0
28-Dec-19 12:00:00 am,0
28-Dec-19 04:00:00 am,0
28-Dec-19 08:00:00 am,0
28-Dec-19 12:00:00 pm,0
28-Dec-19 04:00:00 pm,5
28-Dec-19 08:00:00 pm,0
29-Dec-19 12:00:00 am,0
29-Dec-19 04:00:00 am,0
29-Dec-19 08:00:00 am,0
29-Dec-19 12:00:00 pm,0
29-Dec-19 04:00:00 pm,0
29-Dec-19 08:00:00 pm,0
30-Dec-19 12:00:00 am,0
30-Dec-19 04:00:00 am,25
30-Dec-19 08:00:00 am,57
30-Dec-19 12:00:00 pm,57
30-Dec-19 04:00:00 pm,32
30-Dec-19 08:00:00 pm,5
31-Dec-19 12:00:00 am,0
31-Dec-19 04:00:00 am,25
31-Dec-19 08:00:00 am,58
31-Dec-19 12:00:00 pm,58
31-Dec-19 04:00:00 pm,32
31-Dec-19 08:00:00 pm,0